months_as_customer,age,policy_state,policy_deductable,policy_annual_premium,umbrella_limit,insured_sex,insured_education_level,insured_occupation,insured_relationship,capital-gains,capital-loss,incident_type,collision_type,incident_severity,authorities_contacted,incident_state,number_of_vehicles_involved,property_damage,bodily_injuries,witnesses,police_report_available,total_claim_amount,auto_make,auto_model,collision_type_missing,property_damage_missing,police_report_available_missing,authorities_contacted_missing,injury_share,property_share,target,days_since_bind,incident_month,incident_dow,incident_weekend,policy_bind_year,policy_bind_month,policy_bind_quarter,is_holiday,holiday_window_2d,hour_sin,hour_cos,hour_bin_4,vehicle_age,csl_per_person,csl_per_incident,street_type,vehicle_age_bucket,vehicle_tier,body_type,claim_amount_risk_band,claim_amount_risk_band_encoded,days_since_bind_bucket_final,customer_tenure_bucket,umbrella_limit_bin,policy_annual_premium_bin,days_since_bind_bin,is_high_risk_premium
328,48,OH,1000,1406.91,0,MALE,MD,craft-repair,husband,53300,0,Single Vehicle Collision,Side Collision,Major Damage,Police,SC,1,YES,1,2,YES,71610,Saab,92x,0,0,0,0,0.0909090909090909,0.1818181818181818,1,100,1,6,1,2014,10,4,0,0,0.9659258262890684,0.2588190451025207,Night (0-5),11,250,500,Drive,old,low,other,high,2,0–6mo,5y+,"(-0.001, 2000000.0]","(1385.327, 1454.674]","(-0.001, 908.2]",0
228,42,IN,2000,1197.22,5000000,MALE,MD,machine-op-inspct,other-relative,0,0,Vehicle Theft,Missing,Minor Damage,Police,VA,1,Missing,0,0,Missing,5070,Mercedes,E400,1,1,1,0,0.1538461538461538,0.1538461538461538,1,3130,1,2,0,2006,6,2,0,1,0.8660254037844387,-0.4999999999999998,Morning (6-11),8,250,500,Hwy,old,premium,other,low,0,9y,5y+,"(2000000.0, 6000000.0]","(1124.663, 1197.974]","(2909.4, 3830.6]",0
134,29,OH,2000,1413.14,5000000,FEMALE,PhD,sales,own-child,35100,0,Multi-vehicle Collision,Rear Collision,Minor Damage,Police,NY,3,NO,2,3,NO,34650,Dodge,RAM,0,0,0,0,0.2222222222222222,0.1111111111111111,0,5282,2,6,1,2000,9,3,0,0,0.9659258262890684,-0.2588190451025208,Morning (6-11),8,100,300,Lane,old,mid,pickup,medium,1,15y,5y+,"(2000000.0, 6000000.0]","(1385.327, 1454.674]","(4682.0, 5658.2]",0
256,41,IL,2000,1415.74,6000000,FEMALE,PhD,armed-forces,unmarried,48900,-62400,Single Vehicle Collision,Front Collision,Major Damage,Police,OH,1,Missing,1,2,NO,63400,Chevrolet,Tahoe,0,1,0,0,0.1,0.1,1,8996,1,5,1,1990,5,2,0,0,0.9659258262890684,0.2588190451025207,Night (0-5),1,250,500,Drive,new,mid,suv,high,2,20y+,5y+,"(2000000.0, 6000000.0]","(1385.327, 1454.674]","(8444.2, 9172.0]",0
228,44,IL,1000,1583.91,6000000,MALE,Associate,sales,unmarried,66000,-46000,Vehicle Theft,Missing,Minor Damage,Missing,NY,1,NO,0,1,NO,6500,Accura,RSX,1,0,0,1,0.2,0.1,0,256,2,1,0,2014,6,2,0,1,-0.8660254037844386,0.5000000000000001,Evening (18-23),6,500,1000,Ave,mid,mid,other,low,0,1y,5y+,"(2000000.0, 6000000.0]","(1564.724, 2047.59]","(-0.001, 908.2]",0
256,39,OH,1000,1351.1,0,FEMALE,PhD,tech-support,unmarried,0,0,Multi-vehicle Collision,Rear Collision,Major Damage,Fire,SC,3,NO,0,2,NO,64100,Saab,95,0,0,0,0,0.1,0.1,1,3004,1,4,0,2006,10,4,0,1,-0.9659258262890684,0.2588190451025203,Evening (18-23),12,250,500,St,old,low,other,high,2,9y,5y+,"(-0.001, 2000000.0]","(1322.372, 1385.327]","(2909.4, 3830.6]",1
137,34,IN,1000,1333.35,0,MALE,PhD,prof-specialty,husband,0,-77000,Multi-vehicle Collision,Front Collision,Minor Damage,Police,NY,3,Missing,0,0,Missing,78650,Nissan,Pathfinder,0,1,1,0,0.2727272727272727,0.0909090909090909,0,5336,1,1,0,2000,6,2,0,0,0.0,1.0,Night (0-5),3,250,500,Drive,new,mid,suv,high,2,15y,5y+,"(-0.001, 2000000.0]","(1322.372, 1385.327]","(4682.0, 5658.2]",1
165,37,IL,1000,1137.03,0,MALE,Associate,tech-support,unmarried,0,0,Multi-vehicle Collision,Front Collision,Total Loss,Police,VA,3,Missing,2,2,YES,51590,Audi,A5,0,1,0,0,0.1818181818181818,0.1818181818181818,0,9155,2,4,0,1990,2,1,0,0,-0.2588190451025207,0.9659258262890684,Evening (18-23),0,100,300,Hwy,new,premium,sedan,medium,1,20y+,5y+,"(-0.001, 2000000.0]","(1124.663, 1197.974]","(8444.2, 9172.0]",0
27,33,IL,500,1442.99,0,FEMALE,PhD,other-service,own-child,0,0,Single Vehicle Collision,Front Collision,Total Loss,Police,WV,1,NO,1,1,YES,27700,Toyota,Camry,0,0,0,0,0.1,0.1,0,6568,1,4,0,1997,2,1,0,1,-0.7071067811865477,0.7071067811865474,Evening (18-23),3,100,300,Ridge,new,mid,sedan,low,0,20y,2–3y,"(-0.001, 2000000.0]","(1385.327, 1454.674]","(5658.2, 6660.4]",0
212,42,IL,500,1315.68,0,MALE,PhD,priv-house-serv,wife,0,-39300,Single Vehicle Collision,Rear Collision,Total Loss,Other,NC,1,NO,2,1,Missing,42300,Saab,92x,0,0,1,0,0.1111111111111111,0.1111111111111111,0,1260,1,0,0,2011,7,3,0,0,-0.5000000000000001,-0.8660254037844386,Afternoon (12-17),19,100,300,Ave,old,low,other,medium,1,4y,5y+,"(-0.001, 2000000.0]","(1257.2, 1322.372]","(908.2, 1984.8]",1
235,42,OH,500,1253.12,4000000,FEMALE,Masters,exec-managerial,other-relative,38400,0,Single Vehicle Collision,Front Collision,Total Loss,Police,NY,1,YES,2,2,Missing,87010,Ford,F150,0,0,1,0,0.0909090909090909,0.1818181818181818,0,4608,1,1,0,2002,5,2,0,0,-0.5000000000000004,0.8660254037844384,Evening (18-23),13,100,300,Ridge,old,mid,pickup,high,2,15y,5y+,"(2000000.0, 6000000.0]","(1197.974, 1257.2]","(3830.6, 4682.0]",0
447,61,OH,2000,1137.16,0,FEMALE,High School,exec-managerial,other-relative,0,-51000,Multi-vehicle Collision,Front Collision,Major Damage,Fire,SC,3,YES,1,2,YES,114920,Audi,A3,0,0,0,0,0.1538461538461538,0.1538461538461538,0,5741,2,6,1,1999,5,2,0,1,-0.7071067811865477,0.7071067811865474,Evening (18-23),9,100,300,Hwy,old,premium,sedan,high,2,20y,5y+,"(-0.001, 2000000.0]","(1124.663, 1197.974]","(5658.2, 6660.4]",0
60,23,OH,500,1215.36,3000000,MALE,MD,protective-serv,wife,0,0,Single Vehicle Collision,Rear Collision,Total Loss,Ambulance,SC,1,YES,1,0,NO,56520,Saab,95,0,0,0,0,0.0833333333333333,0.1666666666666666,0,6272,1,3,0,1997,11,4,0,0,0.7071067811865476,-0.7071067811865475,Morning (6-11),15,500,1000,Drive,old,low,other,medium,1,20y,3–5y,"(2000000.0, 6000000.0]","(1197.974, 1257.2]","(5658.2, 6660.4]",0
121,34,OH,1000,936.61,0,FEMALE,MD,armed-forces,wife,52800,-32800,Parked Car,Missing,Minor Damage,Missing,SC,1,NO,1,1,NO,7280,Toyota,Highlander,1,0,0,1,0.1538461538461538,0.1538461538461538,0,804,1,3,0,2012,10,4,0,0,0.9659258262890684,0.2588190451025207,Night (0-5),5,100,300,Lane,mid,mid,suv,low,0,3y,5y+,"(-0.001, 2000000.0]","(433.329, 953.9]","(-0.001, 908.2]",0
180,38,OH,2000,1301.13,0,FEMALE,College,machine-op-inspct,not-in-family,41300,-55500,Single Vehicle Collision,Rear Collision,Total Loss,Police,SC,1,NO,0,2,YES,46200,Dodge,Neon,0,0,0,0,0.0909090909090909,0.1818181818181818,1,5862,1,3,0,1998,12,4,0,0,1.2246467991473532e-16,-1.0,Afternoon (12-17),12,250,500,Drive,old,mid,other,medium,1,20y,5y+,"(-0.001, 2000000.0]","(1257.2, 1322.372]","(5658.2, 6660.4]",1
473,58,IN,2000,1131.4,0,FEMALE,MD,transport-moving,other-relative,55700,0,Multi-vehicle Collision,Side Collision,Major Damage,Other,WV,4,YES,0,0,NO,63120,Accura,MDX,0,0,0,0,0.1666666666666666,0.1666666666666666,1,8137,1,3,0,1992,10,4,0,0,1.2246467991473532e-16,-1.0,Afternoon (12-17),16,100,300,Ave,old,mid,other,high,2,20y+,5y+,"(-0.001, 2000000.0]","(1124.663, 1197.974]","(7554.4, 8444.2]",0
70,26,OH,1000,1199.44,5000000,MALE,College,machine-op-inspct,own-child,63600,0,Multi-vehicle Collision,Rear Collision,Major Damage,Other,NY,3,Missing,1,2,YES,52110,Nissan,Maxima,0,1,0,0,0.1111111111111111,0.1111111111111111,0,3546,2,6,1,2005,6,2,0,0,0.0,1.0,Night (0-5),3,500,1000,St,new,mid,other,medium,1,10y,5y+,"(2000000.0, 6000000.0]","(1197.974, 1257.2]","(2909.4, 3830.6]",0
140,31,IN,500,708.64,6000000,MALE,High School,machine-op-inspct,unmarried,53500,0,Single Vehicle Collision,Side Collision,Total Loss,Police,WV,1,NO,0,2,YES,77880,Suburu,Legacy,0,0,0,0,0.1818181818181818,0.0909090909090909,0,3704,1,1,0,2004,11,4,0,0,0.7071067811865476,-0.7071067811865475,Morning (6-11),0,500,1000,St,new,mid,other,high,2,12y,5y+,"(2000000.0, 6000000.0]","(433.329, 953.9]","(2909.4, 3830.6]",0
160,37,OH,500,1374.22,0,FEMALE,MD,craft-repair,other-relative,45500,-37800,Single Vehicle Collision,Side Collision,Total Loss,Other,NY,1,YES,1,0,NO,72930,Accura,TL,0,0,0,0,0.0909090909090909,0.1818181818181818,0,22,1,0,0,2014,12,4,1,1,-0.9659258262890684,0.2588190451025203,Evening (18-23),0,500,1000,Ridge,new,mid,other,high,2,0–6mo,5y+,"(-0.001, 2000000.0]","(1322.372, 1385.327]","(-0.001, 908.2]",1
196,39,IN,2000,1475.73,0,FEMALE,High School,handlers-cleaners,own-child,57000,-27300,Multi-vehicle Collision,Side Collision,Major Damage,Police,VA,3,Missing,2,0,NO,60400,Nissan,Pathfinder,0,1,0,0,0.1,0.1,0,8239,2,6,1,1992,8,3,0,0,0.8660254037844387,-0.4999999999999998,Morning (6-11),1,500,1000,Ridge,new,mid,suv,high,2,20y+,5y+,"(-0.001, 2000000.0]","(1454.674, 1564.724]","(7554.4, 8444.2]",0
460,62,IN,1000,1187.96,4000000,MALE,JD,other-service,own-child,0,0,Multi-vehicle Collision,Rear Collision,Minor Damage,Police,NY,3,NO,1,0,Missing,47160,Suburu,Impreza,0,0,1,0,0.0,0.1111111111111111,0,4573,1,3,0,2002,6,2,1,1,-0.8660254037844386,0.5000000000000001,Evening (18-23),4,250,500,St,mid,mid,other,medium,1,15y,5y+,"(2000000.0, 6000000.0]","(1124.663, 1197.974]","(3830.6, 4682.0]",0
217,41,IL,2000,875.15,0,FEMALE,Associate,machine-op-inspct,own-child,46700,0,Multi-vehicle Collision,Side Collision,Total Loss,Police,SC,3,Missing,1,2,Missing,37840,Accura,RSX,0,1,1,0,0.0,0.125,0,3362,2,1,0,2005,11,4,0,0,-0.7071067811865475,-0.7071067811865477,Afternoon (12-17),19,500,1000,Drive,old,mid,other,medium,1,10y,5y+,"(-0.001, 2000000.0]","(433.329, 953.9]","(2909.4, 3830.6]",0
370,55,IL,2000,972.18,0,MALE,High School,prof-specialty,other-relative,72700,-68200,Multi-vehicle Collision,Rear Collision,Major Damage,Ambulance,SC,3,NO,0,0,YES,71520,Suburu,Forrestor,0,0,0,0,0.25,0.0833333333333333,1,7534,1,6,1,1994,5,2,0,0,-0.8660254037844386,0.5000000000000001,Evening (18-23),15,100,300,Ave,old,mid,other,high,2,20y+,5y+,"(-0.001, 2000000.0]","(953.9, 1050.656]","(6660.4, 7554.4]",0
413,55,IN,2000,1268.79,0,MALE,MD,priv-house-serv,own-child,0,-31000,Single Vehicle Collision,Front Collision,Total Loss,Ambulance,WV,1,Missing,2,2,Missing,98160,Dodge,RAM,0,1,1,0,0.0833333333333333,0.1666666666666666,1,8746,1,0,0,1991,2,1,1,1,-0.7071067811865475,-0.7071067811865477,Afternoon (12-17),4,100,300,Drive,mid,mid,pickup,high,2,20y+,5y+,"(-0.001, 2000000.0]","(1257.2, 1322.372]","(8444.2, 9172.0]",0
237,40,IN,1000,883.31,0,MALE,College,craft-repair,husband,0,-53500,Single Vehicle Collision,Rear Collision,Minor Damage,Other,VA,1,NO,1,3,NO,77880,Ford,Escape,0,0,0,0,0.0909090909090909,0.1818181818181818,0,6962,2,1,0,1996,2,1,0,0,1.0,6.123233995736766e-17,Morning (6-11),10,100,300,Hwy,old,mid,other,high,2,20y,5y+,"(-0.001, 2000000.0]","(433.329, 953.9]","(6660.4, 7554.4]",0
8,35,OH,2000,1266.92,0,MALE,Masters,sales,own-child,0,0,Multi-vehicle Collision,Rear Collision,Major Damage,Other,OH,3,NO,1,3,YES,71500,Ford,Escape,0,0,0,0,0.2307692307692307,0.1538461538461538,1,400,1,4,0,2013,12,4,0,0,-0.8660254037844384,-0.5000000000000004,Afternoon (12-17),9,100,300,Lane,old,mid,other,high,2,2y,6–12mo,"(-0.001, 2000000.0]","(1257.2, 1322.372]","(-0.001, 908.2]",0
257,43,IN,2000,1322.1,0,MALE,High School,prof-specialty,own-child,0,-29200,Parked Car,Missing,Minor Damage,Police,PA,1,YES,1,3,YES,9020,Toyota,Camry,1,0,0,0,0.1818181818181818,0.0909090909090909,0,8896,1,2,0,1990,9,3,0,0,0.8660254037844386,0.5000000000000001,Night (0-5),10,100,300,St,old,mid,sedan,low,0,20y+,5y+,"(-0.001, 2000000.0]","(1257.2, 1322.372]","(8444.2, 9172.0]",1
202,34,IN,500,848.07,3000000,MALE,JD,exec-managerial,not-in-family,31000,-30200,Vehicle Theft,Missing,Minor Damage,Missing,VA,1,YES,2,1,Missing,5720,Suburu,Forrestor,1,0,1,1,0.1818181818181818,0.0909090909090909,1,4556,1,2,0,2002,7,3,0,0,0.9659258262890684,0.2588190451025207,Night (0-5),12,100,300,Hwy,old,mid,other,low,0,15y,5y+,"(2000000.0, 6000000.0]","(433.329, 953.9]","(3830.6, 4682.0]",0
224,40,OH,2000,1291.7,0,FEMALE,JD,sales,not-in-family,0,-55600,Single Vehicle Collision,Side Collision,Minor Damage,Other,SC,1,NO,1,0,YES,69840,Dodge,Neon,0,0,0,0,0.1111111111111111,0.2222222222222222,0,9100,1,3,0,1990,2,1,0,0,-0.7071067811865477,0.7071067811865474,Evening (18-23),6,100,300,Drive,mid,mid,other,high,2,20y+,5y+,"(-0.001, 2000000.0]","(1257.2, 1322.372]","(8444.2, 9172.0]",0
241,45,IL,2000,1104.5,0,FEMALE,PhD,machine-op-inspct,unmarried,0,0,Single Vehicle Collision,Rear Collision,Minor Damage,Police,SC,1,NO,2,2,NO,91650,Accura,TL,0,0,0,0,0.1538461538461538,0.1538461538461538,0,348,2,6,1,2014,3,1,0,1,0.9659258262890684,0.2588190451025207,Night (0-5),4,500,1000,Drive,mid,mid,other,high,2,1y,5y+,"(-0.001, 2000000.0]","(1050.656, 1124.663]","(-0.001, 908.2]",0
64,25,IL,1000,954.16,0,MALE,Masters,prof-specialty,husband,53200,0,Multi-vehicle Collision,Side Collision,Major Damage,Ambulance,SC,4,NO,0,0,Missing,75600,Toyota,Corolla,0,0,1,0,0.1666666666666666,0.1666666666666666,0,5448,1,6,1,2000,2,1,0,1,-0.5000000000000004,0.8660254037844384,Evening (18-23),10,250,500,Drive,old,mid,sedan,high,2,15y,5y+,"(-0.001, 2000000.0]","(953.9, 1050.656]","(4682.0, 5658.2]",0
166,37,IL,2000,1337.28,8000000,MALE,JD,craft-repair,husband,27500,0,Multi-vehicle Collision,Side Collision,Major Damage,Police,WV,3,NO,2,2,Missing,67140,Ford,F150,0,0,1,0,0.1111111111111111,0.1111111111111111,1,2445,2,5,1,2008,6,2,0,0,0.4999999999999999,-0.8660254037844387,Morning (6-11),9,100,300,Lane,old,mid,pickup,high,2,7y,5y+,"(6000000.0, 10000000.0]","(1322.372, 1385.327]","(1984.8, 2909.4]",1
155,35,IL,1000,1088.34,0,FEMALE,Associate,adm-clerical,other-relative,81100,0,Multi-vehicle Collision,Front Collision,Total Loss,Police,NY,3,YES,2,3,NO,29790,BMW,3 Series,0,0,0,0,0.1111111111111111,0.1111111111111111,0,4225,2,1,0,2003,8,3,0,0,-0.8660254037844384,-0.5000000000000004,Afternoon (12-17),7,500,1000,Ave,mid,premium,other,low,0,12y,5y+,"(-0.001, 2000000.0]","(1050.656, 1124.663]","(3830.6, 4682.0]",0
114,30,IL,1000,1558.29,0,MALE,High School,farming-fishing,wife,51400,-64000,Multi-vehicle Collision,Front Collision,Major Damage,Ambulance,NY,3,NO,1,2,Missing,77110,Suburu,Impreza,0,0,1,0,0.1818181818181818,0.1818181818181818,0,8315,1,4,0,1992,4,2,0,0,0.2588190451025207,0.9659258262890684,Night (0-5),0,100,300,Ridge,new,mid,other,high,2,20y+,5y+,"(-0.001, 2000000.0]","(1454.674, 1564.724]","(7554.4, 8444.2]",0
149,37,IL,500,1415.68,0,MALE,PhD,prof-specialty,own-child,0,0,Single Vehicle Collision,Side Collision,Total Loss,Fire,WV,1,YES,0,1,YES,64800,Audi,A3,0,0,0,0,0.1666666666666666,0.0833333333333333,0,8796,2,3,0,1991,1,1,0,1,-0.9659258262890684,-0.2588190451025206,Afternoon (12-17),16,500,1000,St,old,premium,sedan,high,2,20y+,5y+,"(-0.001, 2000000.0]","(1385.327, 1454.674]","(8444.2, 9172.0]",0
147,33,OH,1000,1334.15,6000000,MALE,High School,craft-repair,not-in-family,53300,-49200,Single Vehicle Collision,Front Collision,Major Damage,Other,WV,1,YES,2,0,YES,53100,Mercedes,C300,0,0,0,0,0.2,0.1,1,1630,1,5,1,2010,8,3,0,0,-0.7071067811865475,-0.7071067811865477,Afternoon (12-17),20,100,300,Drive,old,premium,sedan,medium,1,5y,5y+,"(2000000.0, 6000000.0]","(1322.372, 1385.327]","(908.2, 1984.8]",1
62,28,IL,1000,988.45,0,FEMALE,Masters,protective-serv,unmarried,0,0,Single Vehicle Collision,Rear Collision,Total Loss,Police,NY,1,Missing,1,1,YES,60200,Suburu,Forrestor,0,1,0,0,0.1,0.1,1,4324,1,4,0,2003,3,1,0,0,0.7071067811865475,0.7071067811865476,Night (0-5),11,100,300,St,old,mid,other,high,2,12y,5y+,"(-0.001, 2000000.0]","(953.9, 1050.656]","(3830.6, 4682.0]",0
289,49,IL,2000,1222.48,0,FEMALE,JD,priv-house-serv,unmarried,0,0,Parked Car,Missing,Minor Damage,Missing,WV,1,NO,1,1,YES,5330,Suburu,Legacy,1,0,0,1,0.2307692307692307,0.1538461538461538,0,8019,1,6,1,1993,2,1,0,1,-0.8660254037844384,-0.5000000000000004,Afternoon (12-17),14,500,1000,Lane,old,mid,other,low,0,20y+,5y+,"(-0.001, 2000000.0]","(1197.974, 1257.2]","(7554.4, 8444.2]",0
431,54,IN,2000,1155.55,0,FEMALE,MD,craft-repair,unmarried,65700,0,Multi-vehicle Collision,Rear Collision,Major Damage,Police,NY,3,Missing,2,0,Missing,62300,Jeep,Wrangler,0,1,1,0,0.2,0.1,0,4440,1,2,0,2002,11,4,0,1,0.8660254037844386,0.5000000000000001,Night (0-5),8,500,1000,St,old,mid,other,high,2,15y,5y+,"(-0.001, 2000000.0]","(1124.663, 1197.974]","(3830.6, 4682.0]",0
199,37,IN,500,1262.08,0,MALE,JD,tech-support,wife,48500,0,Single Vehicle Collision,Front Collision,Major Damage,Ambulance,NC,1,Missing,0,3,NO,60170,Nissan,Pathfinder,0,1,0,0,0.1818181818181818,0.1818181818181818,1,6374,1,3,0,1997,7,3,0,0,0.8660254037844386,0.5000000000000001,Night (0-5),4,250,500,St,mid,mid,suv,high,2,20y,5y+,"(-0.001, 2000000.0]","(1257.2, 1322.372]","(5658.2, 6660.4]",0
79,26,IL,500,1451.62,0,MALE,Associate,tech-support,not-in-family,0,-55700,Single Vehicle Collision,Rear Collision,Minor Damage,Ambulance,WV,1,NO,2,2,Missing,40000,BMW,M5,0,0,1,0,0.2,0.1,0,7180,1,5,1,1995,5,2,0,1,-0.9659258262890684,0.2588190451025203,Evening (18-23),5,100,300,Hwy,mid,premium,other,medium,1,20y,5y+,"(-0.001, 2000000.0]","(1385.327, 1454.674]","(6660.4, 7554.4]",0
116,34,IN,500,1737.66,0,MALE,Associate,transport-moving,unmarried,0,-24100,Single Vehicle Collision,Side Collision,Major Damage,Police,WV,1,Missing,1,1,Missing,97080,BMW,X5,0,1,1,0,0.1666666666666666,0.1666666666666666,1,854,1,3,0,2012,8,3,1,1,0.2588190451025207,0.9659258262890684,Night (0-5),14,250,500,Lane,old,premium,suv,high,2,3y,5y+,"(-0.001, 2000000.0]","(1564.724, 2047.59]","(-0.001, 908.2]",0
37,23,IL,500,1475.93,0,FEMALE,College,prof-specialty,husband,0,-67400,Multi-vehicle Collision,Side Collision,Minor Damage,Other,SC,3,YES,1,0,NO,51660,Dodge,RAM,0,0,0,0,0.1111111111111111,0.1111111111111111,0,3183,1,4,0,2006,4,2,0,0,-0.9659258262890684,-0.2588190451025206,Afternoon (12-17),5,500,1000,Ridge,mid,mid,pickup,medium,1,9y,3–5y,"(-0.001, 2000000.0]","(1454.674, 1564.724]","(2909.4, 3830.6]",0
106,30,OH,500,538.17,0,FEMALE,PhD,transport-moving,own-child,49700,-60200,Single Vehicle Collision,Rear Collision,Total Loss,Other,NC,1,NO,2,2,NO,51120,Mercedes,E400,0,0,0,0,0.1111111111111111,0.1111111111111111,0,4321,2,1,0,2003,4,2,0,0,-0.2588190451025207,0.9659258262890684,Evening (18-23),10,250,500,Drive,old,premium,other,medium,1,12y,5y+,"(-0.001, 2000000.0]","(433.329, 953.9]","(3830.6, 4682.0]",0
269,44,IL,2000,1081.08,0,MALE,JD,priv-house-serv,unmarried,36400,-28700,Single Vehicle Collision,Front Collision,Minor Damage,Other,SC,1,YES,0,2,Missing,56400,Toyota,Highlander,0,0,1,0,0.2,0.2,0,2628,2,5,1,2007,12,4,1,1,-0.5000000000000001,-0.8660254037844386,Afternoon (12-17),1,100,300,Drive,new,mid,suv,medium,1,8y,5y+,"(-0.001, 2000000.0]","(1050.656, 1124.663]","(1984.8, 2909.4]",0
265,40,IL,1000,1454.43,0,FEMALE,MD,protective-serv,husband,0,0,Multi-vehicle Collision,Rear Collision,Total Loss,Other,NY,3,NO,2,3,Missing,55120,Accura,MDX,0,0,1,0,0.125,0.0,0,3106,2,5,1,2006,8,3,0,0,-0.9659258262890684,-0.2588190451025206,Afternoon (12-17),13,250,500,Lane,old,mid,other,medium,1,9y,5y+,"(-0.001, 2000000.0]","(1385.327, 1454.674]","(2909.4, 3830.6]",0
163,33,IN,500,1240.47,0,FEMALE,Associate,other-service,husband,35300,0,Multi-vehicle Collision,Rear Collision,Total Loss,Fire,NC,3,YES,1,1,Missing,77110,Honda,Civic,0,0,1,0,0.0,0.1818181818181818,0,9172,2,2,0,1990,1,1,0,1,0.258819045102521,-0.9659258262890682,Morning (6-11),1,100,300,St,new,mid,other,high,2,20y+,5y+,"(-0.001, 2000000.0]","(1197.974, 1257.2]","(8444.2, 9172.0]",0
355,47,OH,2000,1273.7,4000000,MALE,College,other-service,husband,0,0,Multi-vehicle Collision,Front Collision,Major Damage,Fire,WV,3,NO,2,1,NO,62800,Audi,A3,0,0,0,0,0.1,0.1,1,9064,1,5,1,1990,3,1,0,0,-0.9659258262890684,0.2588190451025203,Evening (18-23),12,500,1000,Ave,old,premium,sedan,high,2,20y+,5y+,"(2000000.0, 6000000.0]","(1257.2, 1322.372]","(8444.2, 9172.0]",0
175,34,IN,1000,1123.87,8000000,FEMALE,PhD,protective-serv,other-relative,0,0,Vehicle Theft,Missing,Trivial Damage,Police,NY,1,Missing,2,0,YES,7290,Volkswagen,Passat,1,1,0,0,0.1111111111111111,0.1111111111111111,0,2607,2,3,0,2008,1,1,0,0,0.9659258262890684,0.2588190451025207,Night (0-5),20,500,1000,Ave,old,mid,other,low,0,8y,5y+,"(6000000.0, 10000000.0]","(1050.656, 1124.663]","(1984.8, 2909.4]",0
192,35,IL,1000,1245.89,0,FEMALE,Masters,exec-managerial,wife,0,-40300,Single Vehicle Collision,Rear Collision,Total Loss,Other,WV,1,NO,0,0,Missing,76600,Mercedes,C300,0,0,1,0,0.2,0.1,0,6506,1,3,0,1997,3,1,1,1,-0.9659258262890684,0.2588190451025203,Evening (18-23),15,100,300,St,old,premium,sedan,high,2,20y,5y+,"(-0.001, 2000000.0]","(1197.974, 1257.2]","(5658.2, 6660.4]",0
430,59,OH,2000,1326.62,7000000,MALE,MD,other-service,own-child,0,0,Multi-vehicle Collision,Front Collision,Minor Damage,Fire,NY,3,Missing,0,3,YES,81800,Nissan,Pathfinder,0,1,0,0,0.2,0.1,0,4011,1,5,1,2004,1,1,0,1,-0.9659258262890684,0.2588190451025203,Evening (18-23),17,250,500,Drive,old,mid,suv,high,2,12y,5y+,"(6000000.0, 10000000.0]","(1322.372, 1385.327]","(3830.6, 4682.0]",1
91,27,IL,2000,1073.83,0,FEMALE,JD,farming-fishing,husband,0,0,Vehicle Theft,Missing,Trivial Damage,Missing,NY,1,Missing,1,2,Missing,7260,BMW,M5,1,1,1,1,0.1818181818181818,0.0909090909090909,0,7455,1,5,1,1994,8,3,0,1,0.8660254037844386,0.5000000000000001,Night (0-5),7,100,300,Ave,mid,premium,other,low,0,20y+,5y+,"(-0.001, 2000000.0]","(1050.656, 1124.663]","(6660.4, 7554.4]",0
217,39,IN,1000,1530.52,0,MALE,College,armed-forces,not-in-family,0,0,Vehicle Theft,Missing,Minor Damage,Missing,WV,1,Missing,2,1,YES,4300,Toyota,Corolla,1,1,0,1,0.1,0.1,0,4648,2,6,1,2002,6,2,0,0,0.8660254037844387,-0.4999999999999998,Morning (6-11),15,100,300,Drive,old,mid,sedan,low,0,15y,5y+,"(-0.001, 2000000.0]","(1454.674, 1564.724]","(3830.6, 4682.0]",0
223,40,IN,500,1201.41,0,FEMALE,JD,priv-house-serv,husband,88400,-46500,Multi-vehicle Collision,Side Collision,Major Damage,Police,NC,3,YES,1,0,Missing,70510,Suburu,Forrestor,0,0,1,0,0.1818181818181818,0.1818181818181818,0,7579,1,1,0,1994,4,2,0,0,0.9659258262890684,-0.2588190451025208,Morning (6-11),16,100,300,Ridge,old,mid,other,high,2,20y+,5y+,"(-0.001, 2000000.0]","(1197.974, 1257.2]","(7554.4, 8444.2]",0
195,39,OH,1000,1393.57,0,MALE,PhD,machine-op-inspct,not-in-family,47600,-39600,Parked Car,Missing,Minor Damage,Police,VA,1,NO,0,1,YES,2640,Ford,F150,1,0,0,0,0.1818181818181818,0.1818181818181818,0,194,2,4,0,2014,8,3,0,0,0.9659258262890684,0.2588190451025207,Night (0-5),6,250,500,St,mid,mid,pickup,low,0,1y,5y+,"(-0.001, 2000000.0]","(1385.327, 1454.674]","(-0.001, 908.2]",1
22,26,OH,1000,1276.57,0,MALE,PhD,craft-repair,not-in-family,71500,0,Single Vehicle Collision,Rear Collision,Minor Damage,Fire,NY,1,YES,1,2,NO,78900,Chevrolet,Silverado,0,0,0,0,0.2,0.1,0,2705,1,1,0,2007,8,3,0,0,0.7071067811865475,0.7071067811865476,Night (0-5),20,100,300,Drive,old,mid,pickup,high,2,8y,1–2y,"(-0.001, 2000000.0]","(1257.2, 1322.372]","(1984.8, 2909.4]",0
439,56,IN,500,1082.49,0,FEMALE,PhD,prof-specialty,unmarried,36100,-55000,Multi-vehicle Collision,Front Collision,Major Damage,Fire,SC,3,Missing,2,3,Missing,56430,Honda,CRV,0,1,1,0,0.0,0.1111111111111111,0,2291,2,5,1,2008,11,4,0,0,1.2246467991473532e-16,-1.0,Afternoon (12-17),1,250,500,Hwy,new,mid,suv,medium,1,7y,5y+,"(-0.001, 2000000.0]","(1050.656, 1124.663]","(1984.8, 2909.4]",0
94,32,IN,1000,1414.74,0,FEMALE,Masters,adm-clerical,own-child,0,0,Parked Car,Missing,Minor Damage,Missing,VA,1,NO,1,3,NO,2400,Chevrolet,Silverado,1,0,0,1,0.125,0.125,0,7067,2,6,1,1995,10,4,0,0,-0.9659258262890684,0.2588190451025203,Evening (18-23),1,500,1000,Ave,new,mid,pickup,low,0,20y,5y+,"(-0.001, 2000000.0]","(1385.327, 1454.674]","(6660.4, 7554.4]",0
11,39,IL,2000,1470.06,0,MALE,PhD,other-service,husband,56600,-45800,Single Vehicle Collision,Front Collision,Total Loss,Ambulance,WV,1,YES,0,1,NO,65790,Saab,93,0,0,0,0,0.1111111111111111,0.1111111111111111,0,7903,1,2,0,1993,5,2,0,0,-0.5000000000000004,0.8660254037844384,Evening (18-23),8,250,500,Hwy,old,low,other,high,2,20y+,6–12mo,"(-0.001, 2000000.0]","(1454.674, 1564.724]","(7554.4, 8444.2]",0
151,36,OH,2000,870.63,0,FEMALE,MD,adm-clerical,own-child,94800,-58500,Multi-vehicle Collision,Side Collision,Minor Damage,Police,VA,3,NO,1,1,NO,62920,Ford,Escape,0,0,0,0,0.1818181818181818,0.0909090909090909,0,3601,1,1,0,2005,2,1,0,0,1.2246467991473532e-16,-1.0,Afternoon (12-17),15,250,500,St,old,mid,other,high,2,10y,5y+,"(-0.001, 2000000.0]","(433.329, 953.9]","(2909.4, 3830.6]",0
154,34,IN,500,795.23,0,MALE,PhD,machine-op-inspct,other-relative,36900,0,Multi-vehicle Collision,Rear Collision,Major Damage,Police,NY,3,YES,2,1,Missing,69480,Nissan,Maxima,0,0,1,0,0.2222222222222222,0.0,1,9096,1,5,1,1990,2,1,0,0,-0.7071067811865475,-0.7071067811865477,Afternoon (12-17),1,100,300,Drive,new,mid,other,high,2,20y+,5y+,"(-0.001, 2000000.0]","(433.329, 953.9]","(8444.2, 9172.0]",0
245,44,IL,1000,1168.2,0,MALE,JD,handlers-cleaners,husband,69100,0,Multi-vehicle Collision,Side Collision,Total Loss,Other,OH,3,NO,0,3,NO,44280,Honda,Accord,0,0,0,0,0.1666666666666666,0.0833333333333333,0,7804,2,2,0,1993,9,3,0,0,-0.2588190451025207,0.9659258262890684,Evening (18-23),18,500,1000,St,old,mid,other,medium,1,20y+,5y+,"(-0.001, 2000000.0]","(1124.663, 1197.974]","(7554.4, 8444.2]",0
119,32,IL,1000,993.51,0,MALE,High School,armed-forces,unmarried,0,-49500,Single Vehicle Collision,Side Collision,Minor Damage,Other,WV,1,NO,0,3,YES,56300,BMW,M5,0,0,0,0,0.1,0.2,0,216,1,0,0,2014,6,2,0,0,1.2246467991473532e-16,-1.0,Afternoon (12-17),4,500,1000,Drive,mid,premium,other,medium,1,1y,5y+,"(-0.001, 2000000.0]","(953.9, 1050.656]","(-0.001, 908.2]",0
215,42,OH,500,1848.81,0,MALE,JD,transport-moving,own-child,0,-49000,Multi-vehicle Collision,Front Collision,Major Damage,Fire,WV,3,YES,2,2,YES,68520,Suburu,Legacy,0,0,0,0,0.1666666666666666,0.0833333333333333,1,2292,2,4,0,2008,10,4,0,0,-0.8660254037844386,0.5000000000000001,Evening (18-23),12,500,1000,Ave,old,mid,other,high,2,7y,5y+,"(-0.001, 2000000.0]","(1564.724, 2047.59]","(1984.8, 2909.4]",0
295,42,OH,2000,1641.73,5000000,MALE,PhD,sales,not-in-family,62400,0,Multi-vehicle Collision,Rear Collision,Total Loss,Fire,VA,3,NO,0,0,NO,59130,Ford,Escape,0,0,0,0,0.1111111111111111,0.1111111111111111,1,2828,1,1,0,2007,4,2,0,1,-0.8660254037844384,-0.5000000000000004,Afternoon (12-17),9,250,500,Drive,old,mid,other,high,2,8y,5y+,"(2000000.0, 6000000.0]","(1564.724, 2047.59]","(1984.8, 2909.4]",0
254,39,IN,500,1362.87,0,FEMALE,MD,exec-managerial,other-relative,35700,0,Multi-vehicle Collision,Front Collision,Minor Damage,Ambulance,NY,3,YES,2,2,NO,82320,Dodge,Neon,0,0,0,0,0.1666666666666666,0.0833333333333333,1,7741,2,6,1,1993,12,4,0,0,1.0,6.123233995736766e-17,Morning (6-11),20,100,300,Hwy,old,mid,other,high,2,20y+,5y+,"(-0.001, 2000000.0]","(1322.372, 1385.327]","(7554.4, 8444.2]",1
107,31,IN,500,1239.22,7000000,FEMALE,High School,tech-support,not-in-family,43400,-91200,Single Vehicle Collision,Side Collision,Minor Damage,Fire,SC,1,YES,0,1,NO,89700,Audi,A5,0,0,0,0,0.1538461538461538,0.1538461538461538,1,1262,1,4,0,2011,8,3,0,1,1.2246467991473532e-16,-1.0,Afternoon (12-17),6,250,500,Ridge,mid,premium,sedan,high,2,4y,5y+,"(6000000.0, 10000000.0]","(1197.974, 1257.2]","(908.2, 1984.8]",0
478,64,OH,500,835.02,0,FEMALE,Associate,adm-clerical,unmarried,59600,0,Multi-vehicle Collision,Side Collision,Minor Damage,Fire,WV,3,NO,1,1,NO,33930,BMW,X6,0,0,0,0,0.0,0.1111111111111111,0,8932,2,0,0,1990,8,3,0,1,-0.9659258262890684,-0.2588190451025206,Afternoon (12-17),17,250,500,Lane,old,premium,other,medium,1,20y+,5y+,"(-0.001, 2000000.0]","(433.329, 953.9]","(8444.2, 9172.0]",0
128,30,OH,1000,1061.33,0,MALE,MD,machine-op-inspct,own-child,43300,-66200,Single Vehicle Collision,Front Collision,Major Damage,Ambulance,WV,1,NO,0,3,NO,68530,Audi,A5,0,0,0,0,0.1818181818181818,0.0909090909090909,0,7638,1,5,1,1994,2,1,0,0,0.8660254037844387,-0.4999999999999998,Morning (6-11),18,100,300,Ave,old,premium,sedan,high,2,20y+,5y+,"(-0.001, 2000000.0]","(1050.656, 1124.663]","(7554.4, 8444.2]",0
338,49,IN,1000,1279.08,0,MALE,MD,other-service,own-child,0,-51500,Parked Car,Missing,Minor Damage,Missing,NC,1,NO,0,1,Missing,4300,Ford,F150,1,0,1,1,0.2,0.2,0,7675,2,4,0,1994,2,1,0,0,-0.2588190451025203,-0.9659258262890684,Afternoon (12-17),11,500,1000,Ridge,old,mid,pickup,low,0,20y+,5y+,"(-0.001, 2000000.0]","(1257.2, 1322.372]","(7554.4, 8444.2]",0
271,42,OH,500,1105.49,0,FEMALE,Associate,prof-specialty,own-child,56200,-50000,Multi-vehicle Collision,Side Collision,Major Damage,Other,SC,2,Missing,2,3,Missing,68310,Audi,A3,0,1,1,0,0.1818181818181818,0.0909090909090909,1,1285,2,4,0,2011,8,3,0,0,1.2246467991473532e-16,-1.0,Afternoon (12-17),12,100,300,Hwy,old,premium,sedan,high,2,4y,5y+,"(-0.001, 2000000.0]","(1050.656, 1124.663]","(908.2, 1984.8]",0
222,41,OH,2000,1055.53,0,FEMALE,MD,armed-forces,not-in-family,37800,-50300,Single Vehicle Collision,Front Collision,Total Loss,Other,WV,1,NO,0,2,NO,61290,Honda,Civic,0,0,0,0,0.1111111111111111,0.1111111111111111,1,5933,2,6,1,1998,11,4,0,0,0.9659258262890684,-0.2588190451025208,Morning (6-11),20,100,300,Ridge,old,mid,other,high,2,20y,5y+,"(-0.001, 2000000.0]","(1050.656, 1124.663]","(5658.2, 6660.4]",0
199,41,OH,1000,895.83,0,FEMALE,Associate,sales,husband,0,0,Single Vehicle Collision,Rear Collision,Minor Damage,Ambulance,NC,1,NO,1,2,NO,30100,Chevrolet,Malibu,0,0,0,0,0.1,0.0,0,7009,2,2,0,1995,12,4,0,0,0.4999999999999999,-0.8660254037844387,Morning (6-11),16,250,500,Ridge,old,mid,sedan,low,0,20y,5y+,"(-0.001, 2000000.0]","(433.329, 953.9]","(6660.4, 7554.4]",0
215,37,IN,500,1632.93,0,FEMALE,College,transport-moving,not-in-family,0,-42900,Multi-vehicle Collision,Rear Collision,Minor Damage,Fire,SC,3,NO,2,0,YES,57120,Mercedes,C300,0,0,0,0,0.1666666666666666,0.0833333333333333,0,4440,2,0,0,2002,12,4,0,0,0.9659258262890684,-0.2588190451025208,Morning (6-11),13,100,300,Ave,old,premium,sedan,medium,1,15y,5y+,"(-0.001, 2000000.0]","(1564.724, 2047.59]","(3830.6, 4682.0]",0
192,40,IL,1000,1405.99,0,FEMALE,Associate,sales,wife,0,0,Multi-vehicle Collision,Side Collision,Minor Damage,Ambulance,VA,3,YES,1,0,YES,42930,BMW,X6,0,0,0,0,0.2222222222222222,0.1111111111111111,0,3972,3,6,1,2004,4,2,0,0,-1.0,-1.8369701987210294e-16,Evening (18-23),10,100,300,Lane,old,premium,other,medium,1,12y,5y+,"(-0.001, 2000000.0]","(1385.327, 1454.674]","(3830.6, 4682.0]",0
120,35,OH,1000,1425.54,0,FEMALE,High School,transport-moving,other-relative,78300,0,Multi-vehicle Collision,Front Collision,Total Loss,Ambulance,SC,3,NO,2,0,NO,51210,Ford,Fusion,0,0,0,0,0.2222222222222222,0.1111111111111111,0,5095,1,3,0,2001,2,1,0,0,-0.5000000000000004,0.8660254037844384,Evening (18-23),5,100,300,Drive,mid,mid,other,medium,1,15y,5y+,"(-0.001, 2000000.0]","(1385.327, 1454.674]","(4682.0, 5658.2]",0
270,45,OH,1000,1038.09,0,FEMALE,College,handlers-cleaners,husband,0,-19700,Multi-vehicle Collision,Front Collision,Minor Damage,Fire,NY,3,NO,1,1,YES,89400,Suburu,Legacy,0,0,0,0,0.1666666666666666,0.0833333333333333,0,1828,1,2,0,2010,1,1,0,0,-1.0,-1.8369701987210294e-16,Evening (18-23),17,500,1000,Ave,old,mid,other,high,2,6y,5y+,"(-0.001, 2000000.0]","(953.9, 1050.656]","(908.2, 1984.8]",0
319,47,IN,500,1307.11,0,MALE,College,transport-moving,not-in-family,0,0,Multi-vehicle Collision,Front Collision,Total Loss,Police,WV,3,NO,0,2,Missing,59730,Audi,A3,0,0,1,0,0.1818181818181818,0.1818181818181818,0,8344,2,1,0,1992,4,2,0,1,-0.5000000000000004,0.8660254037844384,Evening (18-23),10,250,500,St,old,premium,sedan,high,2,20y+,5y+,"(-0.001, 2000000.0]","(1257.2, 1322.372]","(7554.4, 8444.2]",1
194,39,OH,1000,1489.24,6000000,FEMALE,JD,other-service,wife,0,-45000,Vehicle Theft,Missing,Minor Damage,Missing,SC,1,YES,2,2,YES,8060,Saab,95,1,0,0,1,0.1538461538461538,0.1538461538461538,0,1709,1,5,1,2010,5,2,0,0,-0.7071067811865475,-0.7071067811865477,Afternoon (12-17),11,500,1000,Lane,old,low,other,low,0,5y,5y+,"(2000000.0, 6000000.0]","(1454.674, 1564.724]","(908.2, 1984.8]",0
227,38,OH,500,976.67,0,FEMALE,PhD,handlers-cleaners,unmarried,0,0,Single Vehicle Collision,Rear Collision,Major Damage,Fire,SC,1,Missing,1,2,Missing,72200,BMW,M5,0,1,1,0,0.2,0.1,1,451,1,2,0,2013,10,4,0,1,-0.8660254037844384,-0.5000000000000004,Afternoon (12-17),2,500,1000,Ave,new,premium,other,high,2,2y,5y+,"(-0.001, 2000000.0]","(953.9, 1050.656]","(-0.001, 908.2]",0
137,31,OH,2000,1340.43,0,MALE,High School,exec-managerial,husband,52700,-40600,Multi-vehicle Collision,Side Collision,Minor Damage,Ambulance,NC,3,NO,1,2,NO,50800,Accura,MDX,0,0,0,0,0.2,0.2,0,7435,2,3,0,1994,10,4,0,0,1.0,6.123233995736766e-17,Morning (6-11),10,250,500,Hwy,old,mid,other,medium,1,20y+,5y+,"(-0.001, 2000000.0]","(1322.372, 1385.327]","(6660.4, 7554.4]",1
244,40,OH,2000,1267.81,5000000,FEMALE,Masters,exec-managerial,wife,0,0,Vehicle Theft,Missing,Trivial Damage,Missing,NC,1,Missing,2,1,Missing,6600,Accura,TL,1,1,1,1,0.1,0.2,0,6392,1,5,1,1997,7,3,0,1,0.4999999999999999,-0.8660254037844387,Morning (6-11),10,500,1000,Hwy,old,mid,other,low,0,20y,5y+,"(2000000.0, 6000000.0]","(1257.2, 1322.372]","(5658.2, 6660.4]",0
78,29,IL,1000,1234.2,6000000,MALE,Masters,other-service,other-relative,0,0,Vehicle Theft,Missing,Minor Damage,Police,NY,1,YES,2,2,NO,7500,Nissan,Maxima,1,0,0,0,0.1,0.2,0,1444,1,3,0,2011,2,1,0,0,0.7071067811865475,0.7071067811865476,Night (0-5),13,250,500,St,old,mid,other,low,0,4y,5y+,"(2000000.0, 6000000.0]","(1197.974, 1257.2]","(908.2, 1984.8]",0
200,35,IN,2000,1318.06,0,MALE,High School,exec-managerial,wife,57300,-80600,Vehicle Theft,Missing,Trivial Damage,Missing,VA,1,NO,0,3,YES,6490,Volkswagen,Jetta,1,0,0,1,0.1818181818181818,0.1818181818181818,0,7456,1,0,0,1994,8,3,1,1,-0.2588190451025203,-0.9659258262890684,Afternoon (12-17),13,250,500,Lane,old,mid,other,low,0,20y+,5y+,"(-0.001, 2000000.0]","(1257.2, 1322.372]","(6660.4, 7554.4]",1
284,48,IN,2000,769.95,0,MALE,Masters,prof-specialty,not-in-family,0,-44200,Multi-vehicle Collision,Side Collision,Major Damage,Ambulance,NY,2,Missing,2,3,NO,60940,Audi,A3,0,1,0,0,0.0909090909090909,0.1818181818181818,1,6458,1,0,0,1997,5,2,1,1,-0.8660254037844384,-0.5000000000000004,Afternoon (12-17),2,500,1000,Lane,new,premium,sedan,high,2,20y,5y+,"(-0.001, 2000000.0]","(433.329, 953.9]","(5658.2, 6660.4]",0
275,41,OH,2000,1514.72,0,MALE,High School,transport-moving,own-child,35700,0,Multi-vehicle Collision,Front Collision,Major Damage,Fire,NY,3,YES,0,1,Missing,58300,Suburu,Legacy,0,0,1,0,0.1,0.2,0,6673,2,0,0,1996,10,4,0,1,-0.2588190451025203,-0.9659258262890684,Afternoon (12-17),8,100,300,Drive,old,mid,other,high,2,20y,5y+,"(-0.001, 2000000.0]","(1454.674, 1564.724]","(6660.4, 7554.4]",0
153,34,IL,1000,873.64,4000000,FEMALE,Associate,priv-house-serv,husband,800,0,Multi-vehicle Collision,Front Collision,Minor Damage,Other,SC,3,NO,2,1,Missing,68400,Ford,F150,0,0,1,0,0.1666666666666666,0.1666666666666666,0,3254,1,4,0,2006,3,1,0,1,0.7071067811865476,-0.7071067811865475,Morning (6-11),8,500,1000,St,old,mid,pickup,high,2,9y,5y+,"(2000000.0, 6000000.0]","(433.329, 953.9]","(2909.4, 3830.6]",0
134,32,IL,500,1612.43,0,FEMALE,MD,other-service,own-child,36400,0,Single Vehicle Collision,Side Collision,Total Loss,Fire,VA,1,Missing,2,1,YES,64240,BMW,3 Series,0,1,0,0,0.1818181818181818,0.1818181818181818,0,8772,1,3,0,1991,1,1,0,0,0.4999999999999999,0.8660254037844387,Night (0-5),0,500,1000,Ave,new,premium,other,high,2,20y+,5y+,"(-0.001, 2000000.0]","(1564.724, 2047.59]","(8444.2, 9172.0]",0
31,36,IL,2000,1318.24,9000000,FEMALE,College,prof-specialty,not-in-family,0,-78600,Parked Car,Missing,Trivial Damage,Missing,WV,1,NO,0,1,YES,4700,Dodge,Neon,1,0,0,1,0.2,0.1,0,5647,1,4,0,1999,8,3,0,1,0.7071067811865476,-0.7071067811865475,Morning (6-11),13,500,1000,St,old,mid,other,low,0,20y,2–3y,"(6000000.0, 10000000.0]","(1257.2, 1322.372]","(4682.0, 5658.2]",1
41,25,IN,1000,1226.83,0,FEMALE,College,exec-managerial,not-in-family,0,-56100,Multi-vehicle Collision,Side Collision,Major Damage,Other,SC,3,YES,2,0,Missing,45120,Accura,MDX,0,0,1,0,0.0,0.125,1,8393,1,2,0,1992,1,1,0,0,1.2246467991473532e-16,-1.0,Afternoon (12-17),4,100,300,St,mid,mid,other,medium,1,20y+,3–5y,"(-0.001, 2000000.0]","(1197.974, 1257.2]","(7554.4, 8444.2]",0
127,29,OH,2000,1326.44,5000000,FEMALE,High School,sales,own-child,0,0,Multi-vehicle Collision,Front Collision,Total Loss,Fire,SC,2,YES,1,1,Missing,66950,Saab,93,0,0,1,0,0.1538461538461538,0.1538461538461538,0,5558,2,1,0,1999,12,4,0,0,1.2246467991473532e-16,-1.0,Afternoon (12-17),20,250,500,Hwy,old,low,other,high,2,20y,5y+,"(2000000.0, 6000000.0]","(1322.372, 1385.327]","(4682.0, 5658.2]",1
61,23,IL,2000,1136.83,4000000,FEMALE,Associate,tech-support,own-child,0,-62400,Single Vehicle Collision,Side Collision,Major Damage,Police,NY,1,NO,0,3,Missing,98340,Honda,Accord,0,0,1,0,0.0909090909090909,0.1818181818181818,1,7911,2,0,0,1993,6,2,0,1,-0.5000000000000001,-0.8660254037844386,Afternoon (12-17),11,250,500,Hwy,old,mid,other,high,2,20y+,5y+,"(2000000.0, 6000000.0]","(1124.663, 1197.974]","(7554.4, 8444.2]",0
207,42,IL,2000,1322.78,0,MALE,PhD,farming-fishing,own-child,55200,0,Parked Car,Missing,Trivial Damage,Missing,WV,1,NO,0,1,NO,5900,BMW,X5,1,0,0,1,0.1,0.1,0,5261,2,5,1,2000,10,4,0,0,0.7071067811865476,-0.7071067811865475,Morning (6-11),8,250,500,Drive,old,premium,suv,low,0,15y,5y+,"(-0.001, 2000000.0]","(1322.372, 1385.327]","(4682.0, 5658.2]",1
219,43,IN,1000,1483.25,0,FEMALE,MD,exec-managerial,not-in-family,90700,-20800,Multi-vehicle Collision,Front Collision,Major Damage,Ambulance,NC,3,NO,1,1,Missing,70680,Ford,Fusion,0,0,1,0,0.0833333333333333,0.1666666666666666,0,1503,2,0,0,2010,12,4,0,0,0.7071067811865475,0.7071067811865476,Night (0-5),6,100,300,Lane,mid,mid,other,high,2,5y,5y+,"(-0.001, 2000000.0]","(1454.674, 1564.724]","(908.2, 1984.8]",0
271,42,IL,500,1515.3,0,FEMALE,High School,machine-op-inspct,not-in-family,0,0,Multi-vehicle Collision,Rear Collision,Total Loss,Ambulance,SC,3,NO,1,0,NO,93720,Mercedes,ML350,0,0,0,0,0.1818181818181818,0.0909090909090909,0,9074,1,0,0,1990,3,1,1,1,-0.7071067811865477,0.7071067811865474,Evening (18-23),10,100,300,Hwy,old,premium,other,high,2,20y+,5y+,"(-0.001, 2000000.0]","(1454.674, 1564.724]","(8444.2, 9172.0]",0
80,25,IL,2000,1075.18,5000000,FEMALE,PhD,armed-forces,husband,67700,-58400,Vehicle Theft,Missing,Minor Damage,Missing,OH,1,NO,2,0,YES,6930,Toyota,Highlander,1,0,0,1,0.1818181818181818,0.0909090909090909,0,1087,2,5,1,2012,3,1,0,0,0.9659258262890684,0.2588190451025207,Night (0-5),14,100,300,Drive,old,mid,suv,low,0,3y,5y+,"(2000000.0, 6000000.0]","(1050.656, 1124.663]","(908.2, 1984.8]",0
325,47,IN,1000,1690.27,0,FEMALE,Associate,protective-serv,not-in-family,61500,0,Single Vehicle Collision,Side Collision,Major Damage,Fire,VA,1,YES,0,3,NO,72930,Dodge,RAM,0,0,0,0,0.0909090909090909,0.0909090909090909,1,3265,1,2,0,2006,2,1,0,0,0.258819045102521,-0.9659258262890682,Morning (6-11),9,500,1000,St,old,mid,pickup,high,2,9y,5y+,"(-0.001, 2000000.0]","(1564.724, 2047.59]","(2909.4, 3830.6]",0
29,25,IL,2000,1352.83,0,MALE,Masters,farming-fishing,own-child,0,-71700,Multi-vehicle Collision,Rear Collision,Minor Damage,Other,SC,4,YES,1,2,YES,64890,Nissan,Pathfinder,0,0,0,0,0.1111111111111111,0.1111111111111111,1,82,1,3,0,2014,11,4,0,0,0.8660254037844386,0.5000000000000001,Night (0-5),2,250,500,Hwy,new,mid,suv,high,2,0–6mo,2–3y,"(-0.001, 2000000.0]","(1322.372, 1385.327]","(-0.001, 908.2]",1
295,48,OH,1000,1148.73,0,FEMALE,College,machine-op-inspct,wife,0,0,Parked Car,Missing,Trivial Damage,Missing,WV,1,Missing,1,2,YES,5400,Saab,95,1,1,0,1,0.1666666666666666,0.1666666666666666,0,2076,2,6,1,2009,6,2,0,0,1.0,6.123233995736766e-17,Morning (6-11),16,250,500,St,old,low,other,low,0,6y,5y+,"(-0.001, 2000000.0]","(1124.663, 1197.974]","(1984.8, 2909.4]",0
239,42,IL,1000,969.5,0,MALE,College,exec-managerial,not-in-family,0,0,Vehicle Theft,Missing,Trivial Damage,Missing,NC,1,NO,0,0,Missing,5600,Audi,A3,1,0,1,1,0.125,0.125,0,5607,1,0,0,1999,9,3,0,0,0.4999999999999999,-0.8660254037844387,Morning (6-11),8,100,300,Ave,old,premium,sedan,low,0,20y,5y+,"(-0.001, 2000000.0]","(953.9, 1050.656]","(4682.0, 5658.2]",0
269,41,IN,500,1463.82,0,FEMALE,College,protective-serv,not-in-family,0,-72300,Single Vehicle Collision,Rear Collision,Minor Damage,Police,SC,1,YES,0,0,Missing,79300,Saab,92x,0,0,1,0,0.2,0.2,0,8863,1,5,1,1990,10,4,0,0,-0.2588190451025207,0.9659258262890684,Evening (18-23),8,100,300,Hwy,old,low,other,high,2,20y+,5y+,"(-0.001, 2000000.0]","(1454.674, 1564.724]","(8444.2, 9172.0]",0
80,27,IL,1000,1474.17,0,FEMALE,College,tech-support,unmarried,0,0,Single Vehicle Collision,Side Collision,Major Damage,Police,WV,1,YES,1,0,YES,52800,Saab,95,0,0,0,0,0.2,0.1,0,6772,2,3,0,1996,8,3,0,0,-0.2588190451025203,-0.9659258262890684,Afternoon (12-17),11,100,300,Hwy,old,low,other,medium,1,20y,5y+,"(-0.001, 2000000.0]","(1454.674, 1564.724]","(6660.4, 7554.4]",0
279,41,IL,500,1497.35,0,FEMALE,JD,prof-specialty,husband,37300,-31700,Multi-vehicle Collision,Front Collision,Minor Damage,Fire,NC,3,Missing,2,3,NO,28800,Ford,Fusion,0,1,0,0,0.0,0.125,0,4985,1,3,0,2001,6,2,0,0,-0.8660254037844384,-0.5000000000000004,Afternoon (12-17),2,250,500,Drive,new,mid,other,low,0,15y,5y+,"(-0.001, 2000000.0]","(1454.674, 1564.724]","(4682.0, 5658.2]",0
165,33,OH,1000,1427.14,0,FEMALE,Associate,tech-support,other-relative,35300,-58100,Parked Car,Missing,Minor Damage,Police,WV,1,NO,1,1,NO,2970,Toyota,Highlander,1,0,0,0,0.1111111111111111,0.1111111111111111,0,2884,2,6,1,2007,3,1,0,1,0.7071067811865475,0.7071067811865476,Night (0-5),7,100,300,Lane,mid,mid,suv,low,0,8y,5y+,"(-0.001, 2000000.0]","(1385.327, 1454.674]","(1984.8, 2909.4]",0
350,54,OH,500,1495.1,0,MALE,College,other-service,wife,50500,0,Multi-vehicle Collision,Side Collision,Total Loss,Police,SC,3,NO,0,0,Missing,93480,Chevrolet,Malibu,0,0,1,0,0.1666666666666666,0.0833333333333333,0,469,2,3,0,2013,10,4,0,1,-0.7071067811865475,-0.7071067811865477,Afternoon (12-17),1,500,1000,Hwy,new,mid,sedan,high,2,2y,5y+,"(-0.001, 2000000.0]","(1454.674, 1564.724]","(-0.001, 908.2]",0
295,49,IL,500,1141.62,0,MALE,College,prof-specialty,husband,34300,-24300,Vehicle Theft,Missing,Minor Damage,Missing,WV,1,YES,1,3,YES,4320,Mercedes,E400,1,0,0,1,0.1111111111111111,0.1111111111111111,0,8237,1,3,0,1992,6,2,1,1,0.8660254037844386,0.5000000000000001,Night (0-5),13,100,300,St,old,premium,other,low,0,20y+,5y+,"(-0.001, 2000000.0]","(1124.663, 1197.974]","(7554.4, 8444.2]",0
464,61,OH,1000,1125.37,0,FEMALE,Associate,prof-specialty,husband,0,-56400,Multi-vehicle Collision,Rear Collision,Major Damage,Police,VA,3,Missing,0,2,YES,79800,Saab,95,0,1,0,0,0.0833333333333333,0.25,1,8864,1,1,0,1990,10,4,0,0,1.0,6.123233995736766e-17,Morning (6-11),15,500,1000,Ridge,old,low,other,high,2,20y+,5y+,"(-0.001, 2000000.0]","(1124.663, 1197.974]","(8444.2, 9172.0]",0
118,28,IN,2000,1207.36,0,FEMALE,High School,handlers-cleaners,own-child,0,-57000,Multi-vehicle Collision,Front Collision,Major Damage,Ambulance,WV,2,NO,1,0,Missing,74200,Volkswagen,Passat,0,0,1,0,0.1,0.2,0,8464,3,6,1,1991,12,4,0,0,-0.5000000000000004,0.8660254037844384,Evening (18-23),18,500,1000,Hwy,old,mid,other,high,2,20y+,5y+,"(-0.001, 2000000.0]","(1197.974, 1257.2]","(8444.2, 9172.0]",0
298,47,IL,2000,1338.5,0,FEMALE,PhD,machine-op-inspct,other-relative,28800,0,Single Vehicle Collision,Front Collision,Major Damage,Fire,NY,1,Missing,0,0,Missing,70590,Saab,93,0,1,1,0,0.1538461538461538,0.1538461538461538,1,5927,2,0,0,1998,11,4,0,1,0.2588190451025207,0.9659258262890684,Night (0-5),15,500,1000,Lane,old,low,other,high,2,20y,5y+,"(-0.001, 2000000.0]","(1322.372, 1385.327]","(5658.2, 6660.4]",1
87,31,IN,1000,1074.07,0,FEMALE,Masters,sales,husband,0,-47500,Multi-vehicle Collision,Rear Collision,Major Damage,Fire,NY,3,NO,0,3,YES,60940,Nissan,Ultima,0,0,0,0,0.0909090909090909,0.1818181818181818,1,2041,1,1,0,2009,6,2,0,0,-0.8660254037844384,-0.5000000000000004,Afternoon (12-17),9,500,1000,Ridge,old,mid,sedan,high,2,6y,5y+,"(-0.001, 2000000.0]","(1050.656, 1124.663]","(1984.8, 2909.4]",0
261,42,OH,500,1337.56,0,FEMALE,College,prof-specialty,unmarried,0,0,Single Vehicle Collision,Rear Collision,Minor Damage,Police,SC,1,Missing,1,2,YES,74700,Dodge,RAM,0,1,0,0,0.1,0.2,0,2192,1,0,0,2009,1,1,0,0,-1.0,-1.8369701987210294e-16,Evening (18-23),5,250,500,Drive,mid,mid,pickup,high,2,7y,5y+,"(-0.001, 2000000.0]","(1322.372, 1385.327]","(1984.8, 2909.4]",1
453,60,IN,500,1298.91,6000000,MALE,PhD,craft-repair,unmarried,52600,-38800,Single Vehicle Collision,Front Collision,Major Damage,Fire,NC,1,YES,0,0,Missing,70000,Ford,F150,0,0,1,0,0.2,0.1,1,4312,1,1,0,2003,3,1,0,0,0.0,1.0,Night (0-5),0,100,300,St,new,mid,pickup,high,2,12y,5y+,"(2000000.0, 6000000.0]","(1257.2, 1322.372]","(3830.6, 4682.0]",0
210,41,IL,500,1222.75,0,MALE,High School,exec-managerial,other-relative,0,-41000,Multi-vehicle Collision,Rear Collision,Total Loss,Other,WV,3,Missing,2,0,NO,81070,BMW,X5,0,1,0,0,0.1818181818181818,0.1818181818181818,0,819,1,4,0,2012,11,4,0,1,1.2246467991473532e-16,-1.0,Afternoon (12-17),14,500,1000,Ridge,old,premium,suv,high,2,3y,5y+,"(-0.001, 2000000.0]","(1197.974, 1257.2]","(-0.001, 908.2]",0
168,32,IN,1000,1059.52,0,MALE,MD,protective-serv,own-child,0,-40600,Multi-vehicle Collision,Side Collision,Major Damage,Other,VA,2,Missing,1,1,Missing,57720,Saab,93,0,1,1,0,0.25,0.1666666666666666,0,5414,3,6,1,2000,5,2,0,0,-0.2588190451025203,-0.9659258262890684,Afternoon (12-17),8,100,300,Ridge,old,low,other,medium,1,15y,5y+,"(-0.001, 2000000.0]","(1050.656, 1124.663]","(4682.0, 5658.2]",0
390,51,OH,2000,1124.38,0,MALE,Associate,armed-forces,other-relative,0,0,Vehicle Theft,Missing,Minor Damage,Missing,VA,1,YES,1,1,YES,7080,Ford,F150,1,0,0,1,0.1666666666666666,0.1666666666666666,0,5627,2,1,0,1999,9,3,0,0,0.7071067811865476,-0.7071067811865475,Morning (6-11),14,250,500,Hwy,old,mid,pickup,low,0,20y,5y+,"(-0.001, 2000000.0]","(1050.656, 1124.663]","(4682.0, 5658.2]",0
258,46,IN,1000,1110.37,10000000,MALE,MD,machine-op-inspct,other-relative,34400,-56800,Multi-vehicle Collision,Side Collision,Total Loss,Other,NY,3,NO,0,1,Missing,47700,Accura,MDX,0,0,1,0,0.1,0.2,1,5800,1,5,1,1999,3,1,0,0,-0.5000000000000001,-0.8660254037844386,Afternoon (12-17),18,100,300,St,old,mid,other,medium,1,20y,5y+,"(6000000.0, 10000000.0]","(1050.656, 1124.663]","(5658.2, 6660.4]",0
107,31,IL,2000,1374.22,0,FEMALE,PhD,machine-op-inspct,other-relative,62000,-63100,Single Vehicle Collision,Rear Collision,Minor Damage,Police,SC,1,NO,0,3,NO,51260,Suburu,Legacy,0,0,0,0,0.1818181818181818,0.1818181818181818,0,8779,2,3,0,1991,2,1,0,0,-0.8660254037844384,-0.5000000000000004,Afternoon (12-17),13,500,1000,Ridge,old,mid,other,medium,1,20y+,5y+,"(-0.001, 2000000.0]","(1322.372, 1385.327]","(8444.2, 9172.0]",1
225,41,OH,2000,1103.58,0,MALE,High School,exec-managerial,unmarried,41200,-36200,Multi-vehicle Collision,Side Collision,Major Damage,Police,NY,3,Missing,2,2,NO,70400,Toyota,Highlander,0,1,0,0,0.0909090909090909,0.1818181818181818,1,7837,1,0,0,1993,8,3,1,1,-0.8660254037844386,0.5000000000000001,Evening (18-23),4,500,1000,Drive,mid,mid,suv,high,2,20y+,5y+,"(-0.001, 2000000.0]","(1050.656, 1124.663]","(7554.4, 8444.2]",0
164,38,IL,2000,1269.76,0,FEMALE,PhD,transport-moving,not-in-family,44300,0,Single Vehicle Collision,Rear Collision,Minor Damage,Fire,NY,1,NO,1,3,YES,90000,Ford,Fusion,0,0,0,0,0.2,0.1,0,6287,1,5,1,1997,10,4,0,1,0.8660254037844386,0.5000000000000001,Night (0-5),0,250,500,Ave,new,mid,other,high,2,20y,5y+,"(-0.001, 2000000.0]","(1257.2, 1322.372]","(5658.2, 6660.4]",0
245,39,OH,500,964.79,8000000,FEMALE,Associate,adm-clerical,husband,58000,0,Multi-vehicle Collision,Rear Collision,Minor Damage,Police,NY,3,Missing,0,1,Missing,72820,BMW,3 Series,0,1,1,0,0.1818181818181818,0.0909090909090909,0,5053,2,4,0,2001,4,2,0,0,0.9659258262890684,-0.2588190451025208,Morning (6-11),5,250,500,Drive,mid,premium,other,high,2,15y,5y+,"(6000000.0, 10000000.0]","(953.9, 1050.656]","(4682.0, 5658.2]",0
255,41,IL,2000,1167.3,4000000,MALE,High School,priv-house-serv,other-relative,0,0,Single Vehicle Collision,Side Collision,Minor Damage,Fire,SC,1,NO,2,0,Missing,69300,Volkswagen,Passat,0,0,1,0,0.2,0.2,0,775,2,6,1,2013,1,1,0,0,-0.5000000000000004,0.8660254037844384,Evening (18-23),15,500,1000,Hwy,old,mid,other,high,2,3y,5y+,"(2000000.0, 6000000.0]","(1124.663, 1197.974]","(-0.001, 908.2]",0
206,36,IL,500,1625.45,4000000,FEMALE,MD,other-service,other-relative,0,-53700,Single Vehicle Collision,Front Collision,Major Damage,Ambulance,NY,1,NO,2,1,NO,76560,Ford,Fusion,0,0,0,0,0.1666666666666666,0.1666666666666666,1,2010,1,4,0,2009,7,3,0,0,0.258819045102521,-0.9659258262890682,Morning (6-11),7,500,1000,St,mid,mid,other,high,2,6y,5y+,"(2000000.0, 6000000.0]","(1564.724, 2047.59]","(1984.8, 2909.4]",0
203,38,IL,500,1394.43,0,FEMALE,Masters,other-service,not-in-family,0,0,Single Vehicle Collision,Front Collision,Major Damage,Ambulance,VA,1,Missing,0,1,YES,55440,Nissan,Maxima,0,1,0,0,0.0,0.1111111111111111,1,6189,1,5,1,1998,2,1,0,1,0.9659258262890684,-0.2588190451025208,Morning (6-11),16,250,500,Ridge,old,mid,other,medium,1,20y,5y+,"(-0.001, 2000000.0]","(1385.327, 1454.674]","(5658.2, 6660.4]",1
22,25,OH,2000,1053.24,0,FEMALE,College,prof-specialty,other-relative,51100,0,Multi-vehicle Collision,Front Collision,Total Loss,Other,NC,4,YES,1,0,NO,77130,Accura,MDX,0,0,0,0,0.1111111111111111,0.2222222222222222,0,2489,1,0,0,2008,3,1,0,0,0.0,1.0,Night (0-5),20,250,500,Lane,old,mid,other,high,2,7y,1–2y,"(-0.001, 2000000.0]","(1050.656, 1124.663]","(1984.8, 2909.4]",0
211,35,IL,500,1040.75,0,FEMALE,JD,prof-specialty,not-in-family,0,0,Single Vehicle Collision,Rear Collision,Total Loss,Ambulance,WV,1,YES,1,1,Missing,42000,BMW,X5,0,0,1,0,0.1666666666666666,0.1666666666666666,0,6741,2,1,0,1996,8,3,0,1,0.2588190451025207,0.9659258262890684,Night (0-5),4,100,300,Lane,mid,premium,suv,medium,1,20y,5y+,"(-0.001, 2000000.0]","(953.9, 1050.656]","(6660.4, 7554.4]",0
206,39,IN,1000,1302.4,6000000,MALE,JD,craft-repair,unmarried,47200,-69700,Multi-vehicle Collision,Rear Collision,Total Loss,Ambulance,NY,3,NO,2,3,YES,36300,Ford,Escape,0,0,0,0,0.0909090909090909,0.2727272727272727,0,205,2,1,0,2014,7,3,0,1,1.2246467991473532e-16,-1.0,Afternoon (12-17),2,250,500,Drive,new,mid,other,medium,1,1y,5y+,"(2000000.0, 6000000.0]","(1257.2, 1322.372]","(-0.001, 908.2]",1
166,38,IL,2000,1588.55,0,MALE,MD,protective-serv,unmarried,59600,-32100,Single Vehicle Collision,Side Collision,Total Loss,Other,WV,1,NO,0,0,Missing,40320,Suburu,Impreza,0,0,1,0,0.1428571428571428,0.1428571428571428,0,8096,1,4,0,1992,11,4,0,0,0.8660254037844387,-0.4999999999999998,Morning (6-11),14,100,300,St,old,mid,other,medium,1,20y+,5y+,"(-0.001, 2000000.0]","(1564.724, 2047.59]","(7554.4, 8444.2]",0
165,32,IN,500,1399.26,0,FEMALE,High School,tech-support,own-child,70500,0,Parked Car,Missing,Minor Damage,Police,PA,1,Missing,2,0,Missing,3960,BMW,M5,1,1,1,0,0.0833333333333333,0.1666666666666666,0,979,2,6,1,2012,6,2,0,0,0.7071067811865476,-0.7071067811865475,Morning (6-11),17,500,1000,Lane,old,premium,other,low,0,3y,5y+,"(-0.001, 2000000.0]","(1385.327, 1454.674]","(908.2, 1984.8]",1
274,43,OH,2000,1352.31,0,MALE,College,farming-fishing,wife,40700,-47300,Single Vehicle Collision,Front Collision,Major Damage,Fire,NY,1,YES,0,3,YES,63840,BMW,X5,0,0,0,0,0.1666666666666666,0.1666666666666666,1,5017,2,4,0,2001,5,2,0,0,-0.5000000000000004,0.8660254037844384,Evening (18-23),9,100,300,Ridge,old,premium,suv,high,2,15y,5y+,"(-0.001, 2000000.0]","(1322.372, 1385.327]","(4682.0, 5658.2]",1
81,28,IL,1000,1139.0,6000000,FEMALE,Masters,sales,husband,42400,0,Multi-vehicle Collision,Front Collision,Major Damage,Fire,SC,3,Missing,1,2,Missing,44730,Saab,92x,0,1,1,0,0.1111111111111111,0.1111111111111111,1,1215,1,2,0,2011,9,3,0,0,0.0,1.0,Night (0-5),15,250,500,Drive,old,low,other,medium,1,4y,5y+,"(2000000.0, 6000000.0]","(1124.663, 1197.974]","(908.2, 1984.8]",0
280,45,IN,1000,1397.67,0,MALE,JD,machine-op-inspct,wife,57900,0,Multi-vehicle Collision,Front Collision,Minor Damage,Other,NY,3,YES,1,2,NO,84720,Ford,Escape,0,0,0,0,0.1666666666666666,0.1666666666666666,0,1287,1,3,0,2011,7,3,0,0,0.0,1.0,Night (0-5),16,250,500,Ridge,old,mid,other,high,2,4y,5y+,"(-0.001, 2000000.0]","(1385.327, 1454.674]","(908.2, 1984.8]",1
194,39,IN,500,823.17,0,MALE,Masters,adm-clerical,own-child,0,0,Multi-vehicle Collision,Front Collision,Major Damage,Other,WV,3,Missing,2,2,NO,61500,Dodge,RAM,0,1,0,0,0.1,0.2,0,3498,2,0,0,2005,7,3,0,0,0.7071067811865475,0.7071067811865476,Night (0-5),3,250,500,Hwy,new,mid,pickup,high,2,10y,5y+,"(-0.001, 2000000.0]","(433.329, 953.9]","(2909.4, 3830.6]",0
112,27,OH,500,965.13,0,FEMALE,Masters,tech-support,unmarried,60000,-54800,Multi-vehicle Collision,Front Collision,Major Damage,Ambulance,NC,3,Missing,0,1,Missing,51000,Nissan,Pathfinder,0,1,1,0,0.1666666666666666,0.1666666666666666,0,3414,2,6,1,2005,10,4,0,0,-0.7071067811865477,0.7071067811865474,Evening (18-23),2,100,300,St,new,mid,suv,medium,1,10y,5y+,"(-0.001, 2000000.0]","(953.9, 1050.656]","(2909.4, 3830.6]",0
24,33,IL,1000,1922.84,0,FEMALE,High School,machine-op-inspct,wife,0,-45200,Single Vehicle Collision,Side Collision,Total Loss,Police,WV,1,Missing,2,1,NO,46800,Jeep,Wrangler,0,1,0,0,0.1,0.2,0,6945,1,5,1,1996,1,1,0,0,0.0,1.0,Night (0-5),13,500,1000,Ave,old,mid,other,medium,1,20y,1–2y,"(-0.001, 2000000.0]","(1564.724, 2047.59]","(6660.4, 7554.4]",0
93,32,OH,2000,1624.82,0,MALE,PhD,exec-managerial,unmarried,65300,-65600,Single Vehicle Collision,Side Collision,Minor Damage,Ambulance,WV,1,Missing,1,1,Missing,78120,BMW,3 Series,0,1,1,0,0.2222222222222222,0.1111111111111111,0,3420,2,0,0,2005,9,3,0,0,-0.8660254037844384,-0.5000000000000004,Afternoon (12-17),9,250,500,Drive,old,premium,other,high,2,10y,5y+,"(-0.001, 2000000.0]","(1564.724, 2047.59]","(2909.4, 3830.6]",0
171,34,IN,2000,1277.25,0,FEMALE,College,exec-managerial,other-relative,84900,0,Single Vehicle Collision,Rear Collision,Major Damage,Police,NY,1,NO,1,2,Missing,69200,Volkswagen,Passat,0,0,1,0,0.2,0.1,1,6544,1,0,0,1997,2,1,1,1,-0.5000000000000001,-0.8660254037844386,Afternoon (12-17),19,250,500,St,old,mid,other,high,2,20y,5y+,"(-0.001, 2000000.0]","(1257.2, 1322.372]","(5658.2, 6660.4]",0
200,40,IL,1000,1439.34,0,FEMALE,High School,sales,other-relative,45300,-20400,Vehicle Theft,Missing,Minor Damage,Police,VA,1,Missing,0,0,NO,3690,Ford,Escape,1,1,0,0,0.1111111111111111,0.1111111111111111,0,1696,1,3,0,2010,5,2,1,1,0.7071067811865476,-0.7071067811865475,Morning (6-11),0,100,300,Drive,new,mid,other,low,0,5y,5y+,"(-0.001, 2000000.0]","(1385.327, 1454.674]","(908.2, 1984.8]",0
120,28,IL,1000,1281.27,0,FEMALE,PhD,tech-support,not-in-family,68900,0,Multi-vehicle Collision,Rear Collision,Minor Damage,Fire,SC,3,NO,0,3,Missing,65500,BMW,X5,0,0,1,0,0.1,0.1,0,2161,1,2,0,2009,2,1,0,0,0.7071067811865476,-0.7071067811865475,Morning (6-11),5,250,500,Lane,mid,premium,suv,high,2,6y,5y+,"(-0.001, 2000000.0]","(1257.2, 1322.372]","(1984.8, 2909.4]",0
325,46,IL,500,1348.83,0,FEMALE,High School,prof-specialty,wife,46300,-77500,Multi-vehicle Collision,Rear Collision,Minor Damage,Fire,NC,3,Missing,1,2,YES,76120,Toyota,Camry,0,1,0,0,0.1818181818181818,0.0909090909090909,0,572,2,6,1,2013,7,3,1,1,-0.7071067811865477,0.7071067811865474,Evening (18-23),16,500,1000,Ridge,old,mid,sedan,high,2,2y,5y+,"(-0.001, 2000000.0]","(1322.372, 1385.327]","(-0.001, 908.2]",1
124,32,IL,1000,1198.15,0,FEMALE,MD,other-service,not-in-family,0,-43200,Multi-vehicle Collision,Front Collision,Total Loss,Other,VA,3,NO,0,2,YES,73560,BMW,X5,0,0,0,0,0.1666666666666666,0.1666666666666666,0,8295,2,5,1,1992,6,2,0,0,-0.9659258262890684,0.2588190451025203,Evening (18-23),20,250,500,Lane,old,premium,suv,high,2,20y+,5y+,"(-0.001, 2000000.0]","(1197.974, 1257.2]","(7554.4, 8444.2]",0
211,35,OH,2000,1221.22,0,MALE,Masters,machine-op-inspct,other-relative,76000,0,Single Vehicle Collision,Rear Collision,Total Loss,Police,NY,1,YES,0,1,Missing,52030,Mercedes,E400,0,0,1,0,0.1818181818181818,0.0909090909090909,0,6163,1,2,0,1998,3,1,0,1,0.4999999999999999,0.8660254037844387,Night (0-5),7,100,300,Ridge,mid,premium,other,medium,1,20y,5y+,"(-0.001, 2000000.0]","(1197.974, 1257.2]","(5658.2, 6660.4]",0
287,41,IL,2000,968.74,0,MALE,Masters,transport-moving,wife,0,-49000,Vehicle Theft,Missing,Trivial Damage,Missing,SC,1,Missing,2,3,Missing,5170,Suburu,Forrestor,1,1,1,1,0.0909090909090909,0.1818181818181818,0,3948,1,0,0,2004,3,1,1,1,0.7071067811865476,-0.7071067811865475,Morning (6-11),14,500,1000,Ridge,old,mid,other,low,0,12y,5y+,"(-0.001, 2000000.0]","(953.9, 1050.656]","(3830.6, 4682.0]",0
122,34,IN,1000,1220.71,0,MALE,PhD,machine-op-inspct,own-child,58600,-28700,Parked Car,Missing,Minor Damage,Missing,SC,1,Missing,2,1,YES,8190,Chevrolet,Silverado,1,1,0,1,0.2307692307692307,0.1538461538461538,0,3193,2,4,0,2006,6,2,0,0,0.9659258262890684,0.2588190451025207,Night (0-5),2,250,500,Hwy,new,mid,pickup,low,0,9y,5y+,"(-0.001, 2000000.0]","(1197.974, 1257.2]","(2909.4, 3830.6]",0
22,29,IN,2000,1238.62,6000000,MALE,MD,exec-managerial,other-relative,0,-56200,Single Vehicle Collision,Rear Collision,Major Damage,Ambulance,SC,1,Missing,2,3,Missing,70800,Accura,MDX,0,1,1,0,0.1,0.2,1,7556,2,5,1,1994,6,2,1,1,-0.5000000000000001,-0.8660254037844386,Afternoon (12-17),3,250,500,St,new,mid,other,high,2,20y+,1–2y,"(2000000.0, 6000000.0]","(1197.974, 1257.2]","(7554.4, 8444.2]",0
106,31,IL,2000,1320.75,0,FEMALE,JD,farming-fishing,wife,54100,0,Multi-vehicle Collision,Rear Collision,Total Loss,Police,WV,3,Missing,0,3,YES,45630,Accura,MDX,0,1,0,0,0.1111111111111111,0.1111111111111111,0,6198,2,6,1,1998,2,1,1,1,-0.8660254037844386,0.5000000000000001,Evening (18-23),4,500,1000,Lane,mid,mid,other,medium,1,20y,5y+,"(-0.001, 2000000.0]","(1257.2, 1322.372]","(5658.2, 6660.4]",1
398,58,OH,500,990.98,0,FEMALE,Associate,exec-managerial,wife,0,-57900,Single Vehicle Collision,Front Collision,Major Damage,Police,NC,1,YES,2,1,Missing,99320,Accura,TL,0,0,1,0,0.0769230769230769,0.1538461538461538,1,5191,2,0,0,2000,11,4,0,1,-1.0,-1.8369701987210294e-16,Evening (18-23),13,100,300,Drive,old,mid,other,high,2,15y,5y+,"(-0.001, 2000000.0]","(953.9, 1050.656]","(4682.0, 5658.2]",0
214,41,IL,500,1398.51,4000000,MALE,Masters,tech-support,not-in-family,0,-57100,Multi-vehicle Collision,Side Collision,Major Damage,Fire,NC,3,Missing,2,0,NO,64000,BMW,X6,0,1,0,0,0.2,0.1,1,3752,2,6,1,2004,10,4,1,1,-0.2588190451025203,-0.9659258262890684,Afternoon (12-17),19,500,1000,St,old,premium,other,high,2,12y,5y+,"(2000000.0, 6000000.0]","(1385.327, 1454.674]","(2909.4, 3830.6]",1
209,38,OH,500,1355.08,0,FEMALE,MD,other-service,other-relative,58100,0,Single Vehicle Collision,Front Collision,Minor Damage,Fire,WV,1,Missing,1,1,Missing,47300,Nissan,Pathfinder,0,1,1,0,0.1,0.1,0,1898,1,0,0,2009,11,4,1,1,-0.7071067811865477,0.7071067811865474,Evening (18-23),1,100,300,Lane,new,mid,suv,medium,1,6y,5y+,"(-0.001, 2000000.0]","(1322.372, 1385.327]","(908.2, 1984.8]",1
82,27,IL,1000,1384.51,0,MALE,PhD,adm-clerical,not-in-family,13100,-38200,Single Vehicle Collision,Rear Collision,Major Damage,Other,SC,1,NO,2,3,Missing,71680,Volkswagen,Jetta,0,0,1,0,0.125,0.125,1,6724,2,2,0,1996,9,3,0,1,-0.5000000000000001,-0.8660254037844386,Afternoon (12-17),8,100,300,Drive,old,mid,other,high,2,20y,5y+,"(-0.001, 2000000.0]","(1322.372, 1385.327]","(6660.4, 7554.4]",1
193,41,OH,500,847.03,0,FEMALE,JD,craft-repair,not-in-family,0,0,Single Vehicle Collision,Side Collision,Major Damage,Other,SC,1,Missing,1,0,YES,112320,Suburu,Impreza,0,1,0,0,0.1538461538461538,0.1538461538461538,1,7147,2,6,1,1995,7,3,0,0,0.2588190451025207,0.9659258262890684,Night (0-5),4,250,500,Ridge,mid,mid,other,high,2,20y,5y+,"(-0.001, 2000000.0]","(433.329, 953.9]","(6660.4, 7554.4]",0
134,32,OH,1000,1000.06,0,FEMALE,PhD,farming-fishing,wife,0,0,Single Vehicle Collision,Side Collision,Total Loss,Other,NY,1,Missing,1,0,Missing,82720,Audi,A3,0,1,1,0,0.0909090909090909,0.1818181818181818,0,4962,1,4,0,2001,6,2,0,0,-0.9659258262890684,-0.2588190451025206,Afternoon (12-17),1,100,300,Drive,new,premium,sedan,high,2,15y,5y+,"(-0.001, 2000000.0]","(953.9, 1050.656]","(4682.0, 5658.2]",0
288,45,IL,1000,1046.71,0,MALE,Masters,priv-house-serv,husband,0,0,Multi-vehicle Collision,Rear Collision,Major Damage,Fire,NC,3,Missing,2,1,Missing,48060,Mercedes,C300,0,1,1,0,0.2222222222222222,0.1111111111111111,0,4527,2,4,0,2002,10,4,0,0,0.8660254037844386,0.5000000000000001,Night (0-5),6,100,300,Ridge,mid,premium,sedan,medium,1,15y,5y+,"(-0.001, 2000000.0]","(953.9, 1050.656]","(3830.6, 4682.0]",0
104,32,IN,500,1158.03,0,MALE,High School,exec-managerial,own-child,31900,-44600,Multi-vehicle Collision,Rear Collision,Total Loss,Police,NY,3,YES,1,3,YES,63570,Volkswagen,Jetta,0,0,0,0,0.1538461538461538,0.1538461538461538,1,6387,1,3,0,1997,7,3,0,0,-0.2588190451025207,0.9659258262890684,Evening (18-23),9,250,500,Drive,old,mid,other,high,2,20y,5y+,"(-0.001, 2000000.0]","(1124.663, 1197.974]","(5658.2, 6660.4]",0
431,54,OH,1000,1372.27,0,FEMALE,Masters,craft-repair,own-child,17600,0,Multi-vehicle Collision,Rear Collision,Total Loss,Fire,WV,3,NO,2,3,Missing,63240,Suburu,Forrestor,0,0,1,0,0.1666666666666666,0.1666666666666666,0,7363,1,3,0,1994,11,4,0,0,-0.2588190451025203,-0.9659258262890684,Afternoon (12-17),18,100,300,Hwy,old,mid,other,high,2,20y+,5y+,"(-0.001, 2000000.0]","(1322.372, 1385.327]","(6660.4, 7554.4]",1
101,33,OH,1000,1053.04,7000000,FEMALE,Masters,other-service,own-child,52000,-44500,Multi-vehicle Collision,Rear Collision,Minor Damage,Ambulance,NC,3,NO,1,3,Missing,54240,Saab,93,0,0,1,0,0.1666666666666666,0.1666666666666666,1,976,2,1,0,2012,6,2,0,0,-0.8660254037844386,0.5000000000000001,Evening (18-23),2,100,300,Ave,new,low,other,medium,1,3y,5y+,"(6000000.0, 10000000.0]","(1050.656, 1124.663]","(908.2, 1984.8]",0
375,50,OH,1000,1275.39,0,MALE,Associate,sales,other-relative,0,0,Single Vehicle Collision,Front Collision,Major Damage,Police,NY,1,YES,2,3,NO,37280,Audi,A5,0,0,0,0,0.0,0.0,1,2916,2,3,0,2007,2,1,0,1,-0.8660254037844384,-0.5000000000000004,Afternoon (12-17),19,100,300,Ridge,old,premium,sedan,medium,1,8y,5y+,"(-0.001, 2000000.0]","(1257.2, 1322.372]","(2909.4, 3830.6]",0
461,61,OH,2000,1402.75,0,MALE,JD,exec-managerial,husband,0,0,Multi-vehicle Collision,Rear Collision,Minor Damage,Police,NY,3,Missing,2,1,YES,72100,Jeep,Wrangler,0,1,0,0,0.1,0.2,0,3523,2,2,0,2005,6,2,0,1,0.4999999999999999,-0.8660254037844387,Morning (6-11),9,100,300,Ave,old,mid,other,high,2,10y,5y+,"(-0.001, 2000000.0]","(1385.327, 1454.674]","(2909.4, 3830.6]",0
428,59,IN,500,1344.36,7000000,FEMALE,JD,prof-specialty,other-relative,0,0,Parked Car,Missing,Minor Damage,Missing,WV,1,Missing,2,3,NO,6500,Saab,92x,1,1,0,1,0.2,0.1,0,5609,2,4,0,1999,9,3,0,0,0.8660254037844387,-0.4999999999999998,Morning (6-11),2,250,500,Lane,new,low,other,low,0,20y,5y+,"(6000000.0, 10000000.0]","(1322.372, 1385.327]","(4682.0, 5658.2]",1
45,38,IN,1000,1197.71,0,MALE,Masters,machine-op-inspct,not-in-family,29000,0,Multi-vehicle Collision,Front Collision,Total Loss,Ambulance,WV,3,Missing,2,0,Missing,78240,Suburu,Legacy,0,1,1,0,0.1666666666666666,0.1666666666666666,0,3198,2,5,1,2006,5,2,1,1,-0.9659258262890684,-0.2588190451025206,Afternoon (12-17),2,100,300,Drive,new,mid,other,high,2,9y,3–5y,"(-0.001, 2000000.0]","(1124.663, 1197.974]","(2909.4, 3830.6]",0
136,29,OH,500,1203.24,0,FEMALE,JD,transport-moving,other-relative,62500,-66900,Vehicle Theft,Missing,Minor Damage,Police,NY,1,Missing,2,0,Missing,6200,Honda,Accord,1,1,1,0,0.2,0.1,0,1743,2,3,0,2010,4,2,0,0,0.7071067811865476,-0.7071067811865475,Morning (6-11),16,100,300,St,old,mid,other,low,0,5y,5y+,"(-0.001, 2000000.0]","(1197.974, 1257.2]","(908.2, 1984.8]",0
216,36,IN,1000,1152.4,0,FEMALE,Associate,priv-house-serv,unmarried,39600,-82400,Parked Car,Missing,Minor Damage,Police,VA,1,YES,2,3,Missing,6160,Mercedes,E400,1,0,1,0,0.0909090909090909,0.2727272727272727,0,8111,1,6,1,1992,11,4,0,0,0.0,1.0,Night (0-5),1,500,1000,Hwy,new,premium,other,low,0,20y+,5y+,"(-0.001, 2000000.0]","(1124.663, 1197.974]","(7554.4, 8444.2]",0
278,48,IN,2000,1142.62,7000000,FEMALE,MD,farming-fishing,not-in-family,0,-54000,Single Vehicle Collision,Front Collision,Total Loss,Ambulance,SC,1,Missing,2,0,Missing,76050,Chevrolet,Silverado,0,1,1,0,0.1538461538461538,0.1538461538461538,0,5655,1,4,0,1999,7,3,0,0,1.2246467991473532e-16,-1.0,Afternoon (12-17),18,500,1000,Lane,old,mid,pickup,high,2,20y,5y+,"(6000000.0, 10000000.0]","(1124.663, 1197.974]","(4682.0, 5658.2]",0
295,48,OH,1000,1332.07,0,FEMALE,MD,exec-managerial,unmarried,49700,-59100,Multi-vehicle Collision,Side Collision,Total Loss,Ambulance,NY,2,NO,2,1,YES,86060,Volkswagen,Passat,0,0,0,0,0.1538461538461538,0.1538461538461538,0,8376,1,2,0,1992,2,1,0,0,-0.8660254037844386,0.5000000000000001,Evening (18-23),13,500,1000,Drive,old,mid,other,high,2,20y+,5y+,"(-0.001, 2000000.0]","(1322.372, 1385.327]","(7554.4, 8444.2]",1
112,30,OH,1000,1166.54,0,FEMALE,Masters,prof-specialty,not-in-family,47700,-59300,Single Vehicle Collision,Front Collision,Major Damage,Fire,SC,1,YES,2,0,NO,107900,Dodge,Neon,0,0,0,0,0.1,0.2,1,4513,1,2,0,2002,9,3,0,1,0.7071067811865475,0.7071067811865476,Night (0-5),18,500,1000,Ave,old,mid,other,high,2,15y,5y+,"(-0.001, 2000000.0]","(1124.663, 1197.974]","(3830.6, 4682.0]",0
122,34,IL,500,1495.06,0,FEMALE,Masters,prof-specialty,unmarried,38100,-31400,Multi-vehicle Collision,Rear Collision,Total Loss,Fire,PA,3,NO,2,0,YES,99990,Mercedes,E400,0,0,0,0,0.1818181818181818,0.1818181818181818,0,4169,1,2,0,2003,8,3,0,0,-1.0,-1.8369701987210294e-16,Evening (18-23),4,250,500,Drive,mid,premium,other,high,2,12y,5y+,"(-0.001, 2000000.0]","(1454.674, 1564.724]","(3830.6, 4682.0]",0
108,29,IN,1000,1337.92,0,FEMALE,PhD,armed-forces,not-in-family,71400,0,Multi-vehicle Collision,Side Collision,Minor Damage,Ambulance,WV,3,NO,2,2,YES,61380,Suburu,Legacy,0,0,0,0,0.1818181818181818,0.0909090909090909,0,2638,2,0,0,2007,12,4,0,0,0.8660254037844386,0.5000000000000001,Night (0-5),3,500,1000,Ridge,new,mid,other,high,2,8y,5y+,"(-0.001, 2000000.0]","(1322.372, 1385.327]","(1984.8, 2909.4]",1
14,28,OH,2000,1587.96,0,FEMALE,Associate,craft-repair,unmarried,0,-26900,Single Vehicle Collision,Rear Collision,Major Damage,Fire,WV,1,Missing,2,1,YES,71280,Audi,A5,0,1,0,0,0.1818181818181818,0.1818181818181818,1,4590,2,5,1,2002,7,3,1,1,-1.0,-1.8369701987210294e-16,Evening (18-23),3,250,500,Ave,new,premium,sedan,high,2,15y,1–2y,"(-0.001, 2000000.0]","(1564.724, 2047.59]","(3830.6, 4682.0]",0
298,45,IL,1000,1362.29,0,MALE,High School,farming-fishing,unmarried,0,-51100,Multi-vehicle Collision,Front Collision,Minor Damage,Ambulance,NY,3,NO,0,0,NO,64000,Saab,95,0,0,0,0,0.2,0.1,0,8274,2,4,0,1992,7,3,0,0,-1.0,-1.8369701987210294e-16,Evening (18-23),16,500,1000,Ave,old,low,other,high,2,20y+,5y+,"(-0.001, 2000000.0]","(1322.372, 1385.327]","(7554.4, 8444.2]",1
276,46,IL,500,1448.84,0,FEMALE,Masters,machine-op-inspct,husband,0,-50000,Parked Car,Missing,Trivial Damage,Police,SC,1,Missing,0,1,NO,5940,Toyota,Highlander,1,1,0,0,0.1111111111111111,0.1111111111111111,0,3616,2,5,1,2005,3,1,0,0,0.9659258262890684,-0.2588190451025208,Morning (6-11),0,250,500,Hwy,new,mid,suv,low,0,10y,5y+,"(-0.001, 2000000.0]","(1385.327, 1454.674]","(2909.4, 3830.6]",0
47,37,IN,2000,1241.97,0,MALE,High School,other-service,not-in-family,75400,0,Parked Car,Missing,Minor Damage,Missing,NY,1,NO,1,0,NO,6700,Jeep,Wrangler,1,0,0,1,0.1,0.1,0,2486,1,0,0,2008,3,1,0,0,-1.0,-1.8369701987210294e-16,Evening (18-23),4,250,500,St,mid,mid,other,low,0,7y,3–5y,"(-0.001, 2000000.0]","(1197.974, 1257.2]","(1984.8, 2909.4]",0
222,42,IL,500,1124.6,0,MALE,Associate,armed-forces,not-in-family,0,0,Multi-vehicle Collision,Rear Collision,Minor Damage,Police,NY,3,YES,0,0,Missing,51740,Jeep,Wrangler,0,0,1,0,0.2307692307692307,0.1538461538461538,0,5731,1,4,0,1999,5,2,0,1,-0.2588190451025207,0.9659258262890684,Evening (18-23),9,250,500,Lane,old,mid,other,medium,1,20y,5y+,"(-0.001, 2000000.0]","(1050.656, 1124.663]","(5658.2, 6660.4]",0
119,28,OH,2000,1079.92,0,MALE,High School,machine-op-inspct,husband,88800,0,Single Vehicle Collision,Rear Collision,Total Loss,Ambulance,PA,1,Missing,0,1,YES,53600,Volkswagen,Jetta,0,1,0,0,0.125,0.125,1,826,2,3,0,2012,11,4,0,0,0.2588190451025207,0.9659258262890684,Night (0-5),8,250,500,Hwy,old,mid,other,medium,1,3y,5y+,"(-0.001, 2000000.0]","(1050.656, 1124.663]","(-0.001, 908.2]",0
73,29,IL,1000,1447.78,0,MALE,College,protective-serv,wife,35100,-59900,Multi-vehicle Collision,Rear Collision,Total Loss,Other,SC,3,YES,1,0,Missing,44910,Dodge,Neon,0,0,1,0,0.1111111111111111,0.1111111111111111,0,8016,1,5,1,1993,1,1,0,0,-0.7071067811865475,-0.7071067811865477,Afternoon (12-17),14,250,500,Hwy,old,mid,other,medium,1,20y+,5y+,"(-0.001, 2000000.0]","(1385.327, 1454.674]","(7554.4, 8444.2]",0
8,31,IN,500,1229.16,4000000,FEMALE,MD,transport-moving,wife,0,-88300,Multi-vehicle Collision,Front Collision,Major Damage,Fire,PA,3,Missing,0,2,YES,48100,Volkswagen,Jetta,0,1,0,0,0.2307692307692307,0.1538461538461538,0,4395,2,0,0,2003,2,1,0,0,0.4999999999999999,0.8660254037844387,Night (0-5),1,250,500,Hwy,new,mid,other,medium,1,15y,6–12mo,"(2000000.0, 6000000.0]","(1197.974, 1257.2]","(3830.6, 4682.0]",0
294,44,IL,1000,1226.49,0,FEMALE,PhD,farming-fishing,unmarried,53900,0,Vehicle Theft,Missing,Trivial Damage,Missing,WV,1,NO,0,1,NO,6100,Ford,Fusion,1,0,0,1,0.1,0.2,0,8940,2,3,0,1990,8,3,0,0,0.7071067811865475,0.7071067811865476,Night (0-5),13,100,300,Drive,old,mid,other,low,0,20y+,5y+,"(-0.001, 2000000.0]","(1197.974, 1257.2]","(8444.2, 9172.0]",0
324,46,IN,2000,897.89,6000000,MALE,MD,tech-support,wife,0,-41300,Single Vehicle Collision,Rear Collision,Minor Damage,Other,PA,1,Missing,1,0,YES,79600,Jeep,Wrangler,0,1,0,0,0.2,0.2,0,1782,1,2,0,2010,3,1,0,1,-0.2588190451025203,-0.9659258262890684,Afternoon (12-17),4,100,300,St,mid,mid,other,high,2,5y,5y+,"(2000000.0, 6000000.0]","(433.329, 953.9]","(908.2, 1984.8]",0
155,34,IN,500,1706.79,0,MALE,Masters,protective-serv,other-relative,0,0,Single Vehicle Collision,Front Collision,Minor Damage,Ambulance,OH,1,NO,1,1,YES,77040,Honda,Civic,0,0,0,0,0.1111111111111111,0.1111111111111111,0,8868,1,2,0,1990,9,3,0,0,0.2588190451025207,0.9659258262890684,Night (0-5),17,100,300,Lane,old,mid,other,high,2,20y+,5y+,"(-0.001, 2000000.0]","(1564.724, 2047.59]","(8444.2, 9172.0]",0
261,45,IL,1000,1254.18,0,FEMALE,PhD,prof-specialty,other-relative,0,-45100,Single Vehicle Collision,Rear Collision,Minor Damage,Fire,SC,1,YES,0,1,Missing,62590,Volkswagen,Jetta,0,0,1,0,0.1818181818181818,0.1818181818181818,0,3495,1,6,1,2005,6,2,0,0,-0.8660254037844384,-0.5000000000000004,Afternoon (12-17),12,250,500,Hwy,old,mid,other,high,2,10y,5y+,"(-0.001, 2000000.0]","(1197.974, 1257.2]","(2909.4, 3830.6]",0
245,40,IN,500,885.08,0,FEMALE,Masters,armed-forces,other-relative,27000,-58900,Single Vehicle Collision,Front Collision,Total Loss,Other,WV,1,YES,0,1,NO,85150,Chevrolet,Malibu,0,0,0,0,0.1538461538461538,0.1538461538461538,0,4893,2,4,0,2001,9,3,0,0,0.0,1.0,Night (0-5),17,500,1000,Ridge,old,mid,sedan,high,2,15y,5y+,"(-0.001, 2000000.0]","(433.329, 953.9]","(4682.0, 5658.2]",0
235,39,IL,500,1046.58,4000000,MALE,MD,tech-support,wife,0,-31700,Vehicle Theft,Missing,Trivial Damage,Missing,NY,1,Missing,2,1,NO,4950,Chevrolet,Silverado,1,1,0,1,0.0909090909090909,0.1818181818181818,0,1478,1,5,1,2011,1,1,0,0,0.2588190451025207,0.9659258262890684,Night (0-5),5,100,300,Hwy,mid,mid,pickup,low,0,5y,5y+,"(2000000.0, 6000000.0]","(953.9, 1050.656]","(908.2, 1984.8]",0
53,36,OH,2000,1712.68,0,MALE,Associate,handlers-cleaners,not-in-family,72200,0,Multi-vehicle Collision,Side Collision,Major Damage,Fire,VA,3,Missing,2,0,YES,51100,Audi,A3,0,1,0,0,0.2,0.1,0,4176,2,2,0,2003,9,3,0,1,-0.9659258262890684,-0.2588190451025206,Afternoon (12-17),9,500,1000,Lane,old,premium,sedan,medium,1,12y,3–5y,"(-0.001, 2000000.0]","(1564.724, 2047.59]","(3830.6, 4682.0]",0
426,54,IL,2000,1097.71,0,FEMALE,Masters,adm-clerical,not-in-family,29600,-22300,Single Vehicle Collision,Side Collision,Minor Damage,Police,SC,1,YES,2,3,Missing,100800,Dodge,Neon,0,0,1,0,0.1666666666666666,0.1666666666666666,0,6289,1,0,0,1997,10,4,0,0,-0.2588190451025203,-0.9659258262890684,Afternoon (12-17),18,500,1000,St,old,mid,other,high,2,20y,5y+,"(-0.001, 2000000.0]","(1050.656, 1124.663]","(5658.2, 6660.4]",0
111,27,IN,500,1363.77,4000000,FEMALE,Masters,tech-support,husband,51100,0,Single Vehicle Collision,Side Collision,Total Loss,Police,VA,1,YES,2,3,NO,90970,Accura,RSX,0,0,0,0,0.1818181818181818,0.1818181818181818,0,2204,1,5,1,2009,1,1,0,1,1.2246467991473532e-16,-1.0,Afternoon (12-17),6,250,500,Drive,mid,mid,other,high,2,7y,5y+,"(2000000.0, 6000000.0]","(1322.372, 1385.327]","(1984.8, 2909.4]",1
86,26,OH,500,1382.88,7000000,MALE,JD,tech-support,other-relative,0,-30300,Single Vehicle Collision,Rear Collision,Minor Damage,Police,SC,1,Missing,1,1,YES,81840,Chevrolet,Malibu,0,1,0,0,0.1818181818181818,0.0909090909090909,1,5936,1,0,0,1998,10,4,0,0,0.258819045102521,-0.9659258262890682,Morning (6-11),4,100,300,Ave,mid,mid,sedan,high,2,20y,5y+,"(6000000.0, 10000000.0]","(1322.372, 1385.327]","(5658.2, 6660.4]",1
296,46,OH,1000,1141.35,7000000,MALE,Masters,craft-repair,not-in-family,0,0,Single Vehicle Collision,Front Collision,Major Damage,Ambulance,NY,1,Missing,0,2,NO,54900,Mercedes,C300,0,1,0,0,0.1,0.1,0,7987,1,1,0,1993,2,1,0,0,-1.0,-1.8369701987210294e-16,Evening (18-23),2,100,300,Ave,new,premium,sedan,medium,1,20y+,5y+,"(6000000.0, 10000000.0]","(1124.663, 1197.974]","(7554.4, 8444.2]",0
125,35,OH,500,1054.83,7000000,MALE,JD,tech-support,husband,0,-51300,Single Vehicle Collision,Front Collision,Total Loss,Fire,NY,1,YES,2,3,NO,88660,Mercedes,C300,0,0,0,0,0.0909090909090909,0.1818181818181818,1,6807,2,2,0,1996,7,3,0,0,-0.9659258262890684,-0.2588190451025206,Afternoon (12-17),8,500,1000,Drive,old,premium,sedan,high,2,20y,5y+,"(6000000.0, 10000000.0]","(1050.656, 1124.663]","(6660.4, 7554.4]",0
177,34,IL,2000,1057.77,0,FEMALE,JD,tech-support,unmarried,0,-57700,Multi-vehicle Collision,Front Collision,Total Loss,Ambulance,NC,3,Missing,1,1,NO,18000,Audi,A3,0,1,0,0,0.125,0.125,0,754,2,0,0,2013,1,1,1,1,-0.5000000000000004,0.8660254037844384,Evening (18-23),6,100,300,Hwy,mid,premium,sedan,low,0,3y,5y+,"(-0.001, 2000000.0]","(1050.656, 1124.663]","(-0.001, 908.2]",0
238,39,IN,2000,1488.02,0,FEMALE,JD,protective-serv,other-relative,0,-39200,Vehicle Theft,Missing,Minor Damage,Police,NY,1,YES,1,3,YES,5500,Chevrolet,Tahoe,1,0,0,0,0.2,0.1,0,3003,2,2,0,2006,12,4,0,0,0.7071067811865476,-0.7071067811865475,Morning (6-11),5,250,500,Hwy,mid,mid,suv,low,0,9y,5y+,"(-0.001, 2000000.0]","(1454.674, 1564.724]","(2909.4, 3830.6]",0
81,25,IN,500,920.3,5000000,FEMALE,High School,tech-support,own-child,51000,-67900,Multi-vehicle Collision,Rear Collision,Major Damage,Other,WV,3,Missing,1,0,Missing,73920,Honda,Civic,0,1,1,0,0.1818181818181818,0.0909090909090909,1,363,2,5,1,2014,2,1,0,0,0.258819045102521,-0.9659258262890682,Morning (6-11),12,100,300,Hwy,old,mid,other,high,2,1y,5y+,"(2000000.0, 6000000.0]","(433.329, 953.9]","(-0.001, 908.2]",0
128,28,OH,1000,986.53,0,FEMALE,High School,adm-clerical,other-relative,62700,0,Single Vehicle Collision,Rear Collision,Total Loss,Ambulance,VA,1,NO,0,2,YES,101860,Honda,CRV,0,0,0,0,0.1818181818181818,0.1818181818181818,0,2649,2,0,0,2007,11,4,1,1,0.258819045102521,-0.9659258262890682,Morning (6-11),8,500,1000,St,old,mid,suv,high,2,8y,5y+,"(-0.001, 2000000.0]","(953.9, 1050.656]","(1984.8, 2909.4]",0
449,57,OH,2000,1440.68,0,MALE,Associate,tech-support,own-child,25000,0,Parked Car,Missing,Minor Damage,Missing,SC,1,YES,0,1,YES,5390,Volkswagen,Passat,1,0,0,1,0.1818181818181818,0.1818181818181818,0,5777,2,0,0,1999,4,2,0,0,0.8660254037844387,-0.4999999999999998,Morning (6-11),7,250,500,St,mid,mid,other,low,0,20y,5y+,"(-0.001, 2000000.0]","(1385.327, 1454.674]","(5658.2, 6660.4]",0
252,39,IN,1000,1086.21,0,MALE,JD,farming-fishing,unmarried,68500,-57500,Single Vehicle Collision,Side Collision,Minor Damage,Police,SC,1,Missing,1,2,Missing,50490,Nissan,Maxima,0,1,1,0,0.1111111111111111,0.1111111111111111,0,3294,2,4,0,2006,2,1,0,1,-1.0,-1.8369701987210294e-16,Evening (18-23),14,250,500,St,old,mid,other,medium,1,10y,5y+,"(-0.001, 2000000.0]","(1050.656, 1124.663]","(2909.4, 3830.6]",0
359,47,OH,2000,1367.68,0,FEMALE,MD,handlers-cleaners,unmarried,0,0,Single Vehicle Collision,Front Collision,Total Loss,Police,SC,1,NO,0,3,NO,55500,Mercedes,C300,0,0,0,0,0.1,0.2,0,7753,1,6,1,1993,10,4,0,0,-0.2588190451025203,-0.9659258262890684,Afternoon (12-17),3,100,300,Drive,new,premium,sedan,medium,1,20y+,5y+,"(-0.001, 2000000.0]","(1322.372, 1385.327]","(7554.4, 8444.2]",1
19,32,OH,1000,1215.85,0,MALE,High School,other-service,husband,42900,-90200,Vehicle Theft,Missing,Minor Damage,Police,VA,1,YES,1,1,YES,7040,Nissan,Maxima,1,0,0,0,0.1818181818181818,0.0909090909090909,0,3288,1,4,0,2006,1,1,0,1,0.8660254037844387,-0.4999999999999998,Morning (6-11),0,500,1000,Ridge,new,mid,other,low,0,10y,1–2y,"(-0.001, 2000000.0]","(1197.974, 1257.2]","(2909.4, 3830.6]",0
73,26,IL,2000,1191.19,4000000,MALE,MD,farming-fishing,not-in-family,29300,0,Multi-vehicle Collision,Rear Collision,Total Loss,Other,VA,3,Missing,0,1,YES,40160,Chevrolet,Tahoe,0,1,0,0,0.125,0.0,0,4332,2,3,0,2003,4,2,0,1,0.7071067811865476,-0.7071067811865475,Morning (6-11),12,250,500,Drive,old,mid,suv,medium,1,12y,5y+,"(2000000.0, 6000000.0]","(1124.663, 1197.974]","(3830.6, 4682.0]",0
285,44,IL,1000,1594.45,0,MALE,High School,handlers-cleaners,husband,0,0,Multi-vehicle Collision,Side Collision,Total Loss,Fire,NC,2,YES,2,3,NO,55680,Saab,95,0,0,0,0,0.125,0.125,0,215,2,3,0,2014,7,3,0,0,-0.9659258262890684,-0.2588190451025206,Afternoon (12-17),9,500,1000,Hwy,old,low,other,medium,1,1y,5y+,"(-0.001, 2000000.0]","(1564.724, 2047.59]","(-0.001, 908.2]",0
196,36,IN,2000,1463.07,0,MALE,MD,armed-forces,own-child,0,0,Vehicle Theft,Missing,Trivial Damage,Police,WV,1,Missing,1,1,NO,5300,Jeep,Grand Cherokee,1,1,0,0,0.1,0.1,1,6948,1,5,1,1996,1,1,0,0,0.7071067811865475,0.7071067811865476,Night (0-5),14,250,500,St,old,mid,other,low,0,20y,5y+,"(-0.001, 2000000.0]","(1454.674, 1564.724]","(6660.4, 7554.4]",0
223,43,OH,500,1734.09,0,FEMALE,MD,adm-clerical,not-in-family,0,0,Parked Car,Missing,Trivial Damage,Missing,WV,1,YES,0,3,Missing,5200,Accura,MDX,1,0,1,1,0.125,0.125,0,4651,1,0,0,2002,4,2,0,0,1.0,6.123233995736766e-17,Morning (6-11),9,250,500,Lane,old,mid,other,low,0,15y,5y+,"(-0.001, 2000000.0]","(1564.724, 2047.59]","(3830.6, 4682.0]",0
328,48,IL,500,1411.43,0,MALE,Masters,armed-forces,own-child,45100,-32800,Single Vehicle Collision,Front Collision,Major Damage,Ambulance,NY,1,YES,2,1,NO,59400,Honda,Civic,0,0,0,0,0.1,0.2,0,3324,1,4,0,2005,12,4,0,0,-0.9659258262890684,-0.2588190451025206,Afternoon (12-17),1,250,500,St,new,mid,other,high,2,10y,5y+,"(-0.001, 2000000.0]","(1385.327, 1454.674]","(2909.4, 3830.6]",0
285,43,OH,2000,1512.58,0,FEMALE,College,sales,other-relative,47600,0,Vehicle Theft,Missing,Minor Damage,Police,SC,1,Missing,1,1,Missing,2520,BMW,3 Series,1,1,1,0,0.1111111111111111,0.1111111111111111,0,7372,1,1,0,1994,11,4,0,0,0.9659258262890684,-0.2588190451025208,Morning (6-11),18,100,300,Lane,old,premium,other,low,0,20y+,5y+,"(-0.001, 2000000.0]","(1454.674, 1564.724]","(6660.4, 7554.4]",0
30,31,IL,2000,1153.35,0,MALE,PhD,craft-repair,not-in-family,0,0,Vehicle Theft,Missing,Trivial Damage,Police,NY,1,NO,2,1,YES,5760,Suburu,Impreza,1,0,0,0,0.1666666666666666,0.1666666666666666,0,975,2,0,0,2012,6,2,0,1,0.7071067811865476,-0.7071067811865475,Morning (6-11),4,250,500,Hwy,mid,mid,other,low,0,3y,2–3y,"(-0.001, 2000000.0]","(1124.663, 1197.974]","(908.2, 1984.8]",0
342,49,OH,500,1722.95,0,MALE,PhD,transport-moving,not-in-family,63100,-13800,Single Vehicle Collision,Rear Collision,Minor Damage,Fire,WV,1,Missing,2,0,YES,76700,Suburu,Legacy,0,1,0,0,0.1,0.1,0,6171,2,5,1,1998,4,2,0,0,0.7071067811865475,0.7071067811865476,Night (0-5),9,250,500,Ridge,old,mid,other,high,2,20y,5y+,"(-0.001, 2000000.0]","(1564.724, 2047.59]","(5658.2, 6660.4]",0
219,39,IN,2000,1281.07,7000000,FEMALE,High School,protective-serv,unmarried,0,0,Parked Car,Missing,Trivial Damage,Police,NY,1,NO,0,2,NO,5920,Chevrolet,Malibu,1,0,0,0,0.125,0.125,0,2825,1,6,1,2007,4,2,0,1,1.0,6.123233995736766e-17,Morning (6-11),0,250,500,Lane,new,mid,sedan,low,0,8y,5y+,"(6000000.0, 10000000.0]","(1257.2, 1322.372]","(1984.8, 2909.4]",0
468,62,IL,500,1011.92,0,MALE,PhD,machine-op-inspct,wife,0,0,Multi-vehicle Collision,Rear Collision,Major Damage,Fire,SC,3,YES,0,3,Missing,64350,Chevrolet,Tahoe,0,0,1,0,0.1111111111111111,0.1111111111111111,0,5343,2,6,1,2000,6,2,0,1,0.9659258262890684,-0.2588190451025208,Morning (6-11),6,100,300,Ave,mid,mid,suv,high,2,15y,5y+,"(-0.001, 2000000.0]","(953.9, 1050.656]","(4682.0, 5658.2]",0
241,39,IL,2000,1042.26,0,MALE,JD,sales,husband,0,0,Multi-vehicle Collision,Rear Collision,Total Loss,Ambulance,WV,3,NO,1,2,Missing,19080,Saab,93,0,0,1,0,0.2222222222222222,0.1111111111111111,0,6815,1,5,1,1996,6,2,0,1,-0.7071067811865477,0.7071067811865474,Evening (18-23),20,250,500,Ave,old,low,other,low,0,20y,5y+,"(-0.001, 2000000.0]","(953.9, 1050.656]","(6660.4, 7554.4]",0
223,43,OH,500,1235.1,0,FEMALE,Masters,tech-support,not-in-family,66400,-34400,Single Vehicle Collision,Rear Collision,Minor Damage,Police,SC,1,NO,2,1,NO,54400,BMW,M5,0,0,0,0,0.1,0.1,0,2103,2,1,0,2009,5,2,0,0,-0.5000000000000001,-0.8660254037844386,Afternoon (12-17),4,500,1000,St,mid,premium,other,medium,1,6y,5y+,"(-0.001, 2000000.0]","(1197.974, 1257.2]","(1984.8, 2909.4]",0
128,32,OH,2000,768.91,0,FEMALE,College,sales,other-relative,0,-39300,Single Vehicle Collision,Rear Collision,Total Loss,Fire,SC,1,Missing,1,0,NO,59800,Ford,F150,0,1,0,0,0.1,0.1,1,4981,2,3,0,2001,7,3,0,0,0.0,1.0,Night (0-5),16,100,300,Ridge,old,mid,pickup,high,2,15y,5y+,"(-0.001, 2000000.0]","(433.329, 953.9]","(4682.0, 5658.2]",0
124,29,OH,500,1301.72,0,MALE,Masters,handlers-cleaners,husband,0,0,Multi-vehicle Collision,Side Collision,Major Damage,Police,VA,3,Missing,0,3,YES,72000,Audi,A3,0,1,0,0,0.1,0.1,0,7828,2,2,0,1993,9,3,0,0,-0.5000000000000001,-0.8660254037844386,Afternoon (12-17),10,500,1000,Ridge,old,premium,sedan,high,2,20y+,5y+,"(-0.001, 2000000.0]","(1257.2, 1322.372]","(7554.4, 8444.2]",1
343,48,IN,500,1451.54,3000000,MALE,JD,adm-clerical,husband,0,0,Multi-vehicle Collision,Side Collision,Total Loss,Police,SC,4,NO,2,3,NO,65070,Mercedes,C300,0,0,0,0,0.1111111111111111,0.2222222222222222,0,1892,1,3,0,2009,11,4,0,0,-0.2588190451025203,-0.9659258262890684,Afternoon (12-17),12,250,500,St,old,premium,sedan,high,2,6y,5y+,"(2000000.0, 6000000.0]","(1385.327, 1454.674]","(908.2, 1984.8]",0
404,53,IN,500,767.14,0,MALE,Associate,sales,not-in-family,25500,-36700,Parked Car,Missing,Trivial Damage,Police,WV,1,NO,0,1,NO,8800,Suburu,Legacy,1,0,0,0,0.2,0.1,0,35,1,2,0,2014,12,4,0,0,0.8660254037844387,-0.4999999999999998,Morning (6-11),13,250,500,Drive,old,mid,other,low,0,0–6mo,5y+,"(-0.001, 2000000.0]","(433.329, 953.9]","(-0.001, 908.2]",0
63,24,OH,2000,1620.89,0,FEMALE,High School,handlers-cleaners,other-relative,0,0,Vehicle Theft,Missing,Minor Damage,Police,NC,1,NO,2,0,NO,6120,Toyota,Corolla,1,0,0,0,0.1666666666666666,0.1666666666666666,0,7696,2,1,0,1994,1,1,0,1,0.9659258262890684,-0.2588190451025208,Morning (6-11),0,250,500,Ridge,new,mid,sedan,low,0,20y+,5y+,"(-0.001, 2000000.0]","(1564.724, 2047.59]","(7554.4, 8444.2]",0
210,37,IN,2000,1048.46,0,MALE,High School,priv-house-serv,not-in-family,59900,0,Vehicle Theft,Missing,Trivial Damage,Missing,OH,1,Missing,1,2,Missing,7080,Dodge,RAM,1,1,1,1,0.1666666666666666,0.0833333333333333,0,3075,1,0,0,2006,8,3,0,0,0.7071067811865476,-0.7071067811865475,Morning (6-11),16,500,1000,Lane,old,mid,pickup,low,0,9y,5y+,"(-0.001, 2000000.0]","(953.9, 1050.656]","(2909.4, 3830.6]",0
335,50,OH,1000,1538.26,6000000,MALE,High School,sales,other-relative,62200,-31400,Multi-vehicle Collision,Side Collision,Minor Damage,Ambulance,NY,3,YES,2,3,YES,34320,Volkswagen,Passat,0,0,0,0,0.25,0.125,0,2908,1,5,1,2007,2,1,0,0,1.2246467991473532e-16,-1.0,Afternoon (12-17),6,100,300,Lane,mid,mid,other,medium,1,8y,5y+,"(2000000.0, 6000000.0]","(1454.674, 1564.724]","(1984.8, 2909.4]",0
11,40,OH,2000,1217.69,0,FEMALE,MD,prof-specialty,wife,24000,0,Multi-vehicle Collision,Side Collision,Major Damage,Other,SC,3,Missing,1,0,Missing,53460,Dodge,Neon,0,1,1,0,0.1818181818181818,0.1818181818181818,1,5040,1,0,0,2001,4,2,0,0,1.0,6.123233995736766e-17,Morning (6-11),11,500,1000,St,old,mid,other,medium,1,15y,6–12mo,"(-0.001, 2000000.0]","(1197.974, 1257.2]","(4682.0, 5658.2]",0
142,33,IN,2000,1362.64,5000000,FEMALE,JD,exec-managerial,wife,0,0,Single Vehicle Collision,Side Collision,Total Loss,Other,NC,1,YES,1,3,Missing,81360,Suburu,Legacy,0,0,1,0,0.0833333333333333,0.1666666666666666,1,7278,1,2,0,1995,2,1,0,1,0.258819045102521,-0.9659258262890682,Morning (6-11),6,100,300,Ave,mid,mid,other,high,2,20y,5y+,"(2000000.0, 6000000.0]","(1322.372, 1385.327]","(6660.4, 7554.4]",1
272,43,OH,1000,1279.13,0,MALE,PhD,craft-repair,other-relative,0,0,Multi-vehicle Collision,Side Collision,Minor Damage,Ambulance,NC,3,Missing,1,2,YES,81070,Audi,A3,0,1,0,0,0.0909090909090909,0.1818181818181818,1,7136,2,4,0,1995,7,3,0,0,0.9659258262890684,0.2588190451025207,Night (0-5),9,100,300,Ridge,old,premium,sedan,high,2,20y,5y+,"(-0.001, 2000000.0]","(1257.2, 1322.372]","(6660.4, 7554.4]",0
69,26,IL,2000,924.72,0,FEMALE,High School,machine-op-inspct,unmarried,0,0,Single Vehicle Collision,Front Collision,Minor Damage,Fire,NY,1,NO,2,2,NO,63120,Audi,A5,0,0,0,0,0.0833333333333333,0.1666666666666666,0,3211,1,2,0,2006,3,1,0,0,-0.5000000000000001,-0.8660254037844386,Afternoon (12-17),7,100,300,Ave,mid,premium,sedan,high,2,9y,5y+,"(-0.001, 2000000.0]","(433.329, 953.9]","(2909.4, 3830.6]",0
38,28,OH,1000,1019.44,0,MALE,Masters,transport-moving,not-in-family,0,-39700,Vehicle Theft,Missing,Trivial Damage,Missing,NC,1,Missing,2,1,NO,7200,BMW,X5,1,1,0,1,0.2,0.1,0,7259,2,1,0,1995,3,1,0,0,-0.9659258262890684,-0.2588190451025206,Afternoon (12-17),11,250,500,Ridge,old,premium,suv,low,0,20y,3–5y,"(-0.001, 2000000.0]","(953.9, 1050.656]","(6660.4, 7554.4]",0
328,46,IL,500,1314.6,0,FEMALE,MD,prof-specialty,not-in-family,24800,0,Single Vehicle Collision,Rear Collision,Total Loss,Other,WV,1,Missing,2,3,Missing,70290,Saab,92x,0,1,1,0,0.1818181818181818,0.0909090909090909,1,6823,2,0,0,1996,6,2,0,0,0.0,1.0,Night (0-5),17,500,1000,St,old,low,other,high,2,20y,5y+,"(-0.001, 2000000.0]","(1257.2, 1322.372]","(6660.4, 7554.4]",1
281,43,OH,1000,1515.18,6000000,MALE,College,priv-house-serv,other-relative,0,0,Multi-vehicle Collision,Side Collision,Minor Damage,Fire,SC,3,NO,1,0,NO,60190,BMW,X6,0,0,0,0,0.1538461538461538,0.1538461538461538,0,7877,1,4,0,1993,6,2,0,0,-0.7071067811865477,0.7071067811865474,Evening (18-23),16,100,300,Ridge,old,premium,other,high,2,20y+,5y+,"(2000000.0, 6000000.0]","(1454.674, 1564.724]","(7554.4, 8444.2]",0
246,44,OH,2000,1649.18,0,MALE,College,farming-fishing,other-relative,0,-58600,Single Vehicle Collision,Front Collision,Major Damage,Other,NY,1,YES,1,2,YES,61380,Honda,Civic,0,0,0,0,0.1818181818181818,0.0909090909090909,1,4974,2,6,1,2001,7,3,0,0,-1.0,-1.8369701987210294e-16,Evening (18-23),6,250,500,Drive,mid,mid,other,high,2,15y,5y+,"(-0.001, 2000000.0]","(1564.724, 2047.59]","(4682.0, 5658.2]",0
298,49,OH,500,1451.01,0,FEMALE,College,other-service,own-child,47800,0,Single Vehicle Collision,Front Collision,Minor Damage,Ambulance,NY,1,NO,2,2,NO,28100,Jeep,Grand Cherokee,0,0,0,0,0.1,0.2,0,2282,2,5,1,2008,11,4,0,0,-0.9659258262890684,-0.2588190451025206,Afternoon (12-17),3,250,500,Hwy,new,mid,other,low,0,7y,5y+,"(-0.001, 2000000.0]","(1385.327, 1454.674]","(1984.8, 2909.4]",0
330,50,IL,1000,978.46,0,FEMALE,High School,sales,husband,0,0,Single Vehicle Collision,Side Collision,Total Loss,Fire,NY,1,YES,0,0,NO,49060,Chevrolet,Silverado,0,0,0,0,0.1818181818181818,0.1818181818181818,0,4421,2,2,0,2002,12,4,0,0,-0.9659258262890684,0.2588190451025203,Evening (18-23),20,500,1000,Ridge,old,mid,pickup,medium,1,15y,5y+,"(-0.001, 2000000.0]","(953.9, 1050.656]","(3830.6, 4682.0]",0
362,50,IL,500,1198.34,4000000,MALE,Associate,sales,wife,53000,-72500,Multi-vehicle Collision,Side Collision,Total Loss,Fire,NY,3,Missing,1,1,NO,57060,Mercedes,E400,0,1,0,0,0.1111111111111111,0.1111111111111111,0,3293,1,2,0,2006,1,1,0,0,-0.9659258262890684,-0.2588190451025206,Afternoon (12-17),20,250,500,Lane,old,premium,other,medium,1,10y,5y+,"(2000000.0, 6000000.0]","(1197.974, 1257.2]","(2909.4, 3830.6]",0
241,38,IN,2000,1003.23,0,FEMALE,Associate,tech-support,not-in-family,0,0,Multi-vehicle Collision,Side Collision,Major Damage,Fire,VA,3,Missing,0,3,YES,77880,Accura,MDX,0,1,0,0,0.1666666666666666,0.1666666666666666,0,9009,1,5,1,1990,5,2,0,1,-0.2588190451025207,0.9659258262890684,Evening (18-23),7,100,300,Ridge,mid,mid,other,high,2,20y+,5y+,"(-0.001, 2000000.0]","(953.9, 1050.656]","(8444.2, 9172.0]",0
245,41,IN,2000,1212.0,0,MALE,Masters,exec-managerial,unmarried,24400,-60500,Single Vehicle Collision,Front Collision,Total Loss,Ambulance,NY,1,YES,0,1,YES,73500,Jeep,Wrangler,0,0,0,0,0.1,0.2,0,520,1,2,0,2013,8,3,0,0,0.8660254037844386,0.5000000000000001,Night (0-5),16,500,1000,Ridge,old,mid,other,high,2,2y,5y+,"(-0.001, 2000000.0]","(1197.974, 1257.2]","(-0.001, 908.2]",0
371,52,IL,1000,1242.96,7000000,FEMALE,High School,other-service,own-child,0,-37100,Multi-vehicle Collision,Rear Collision,Minor Damage,Other,NY,2,YES,2,0,Missing,88920,Accura,RSX,0,0,1,0,0.0769230769230769,0.1538461538461538,0,6342,2,6,1,1997,10,4,0,0,0.4999999999999999,0.8660254037844387,Night (0-5),5,250,500,Lane,mid,mid,other,high,2,20y,5y+,"(6000000.0, 10000000.0]","(1197.974, 1257.2]","(5658.2, 6660.4]",0
343,52,IL,1000,1053.02,0,FEMALE,Associate,prof-specialty,not-in-family,0,0,Single Vehicle Collision,Front Collision,Major Damage,Other,NY,1,Missing,0,2,NO,47630,Toyota,Corolla,0,1,0,0,0.2727272727272727,0.0909090909090909,1,4774,2,0,0,2002,1,1,1,1,0.4999999999999999,0.8660254037844387,Night (0-5),10,500,1000,Hwy,old,mid,sedan,medium,1,15y,5y+,"(-0.001, 2000000.0]","(1050.656, 1124.663]","(4682.0, 5658.2]",0
377,53,IL,500,1693.63,0,FEMALE,MD,craft-repair,unmarried,0,-64000,Multi-vehicle Collision,Front Collision,Total Loss,Fire,WV,3,YES,1,3,NO,59040,Saab,93,0,0,0,0,0.1111111111111111,0.1111111111111111,0,6742,2,1,0,1996,9,3,0,1,0.4999999999999999,-0.8660254037844387,Morning (6-11),0,100,300,Lane,new,low,other,high,2,20y,5y+,"(-0.001, 2000000.0]","(1564.724, 2047.59]","(6660.4, 7554.4]",0
154,37,IL,1000,2047.59,0,FEMALE,MD,farming-fishing,other-relative,0,-67800,Single Vehicle Collision,Rear Collision,Minor Damage,Other,SC,1,Missing,0,3,NO,79530,Accura,MDX,0,1,0,0,0.1818181818181818,0.0909090909090909,0,1807,1,4,0,2010,1,1,0,0,0.4999999999999999,0.8660254037844387,Night (0-5),15,250,500,St,old,mid,other,high,2,5y,5y+,"(-0.001, 2000000.0]","(1564.724, 2047.59]","(908.2, 1984.8]",0
166,34,OH,1000,1083.72,0,FEMALE,High School,machine-op-inspct,wife,65600,-68200,Single Vehicle Collision,Side Collision,Total Loss,Other,NY,1,NO,0,2,YES,53680,Honda,CRV,0,0,0,0,0.0909090909090909,0.0909090909090909,0,129,2,0,0,2014,10,4,0,0,-1.0,-1.8369701987210294e-16,Evening (18-23),10,100,300,Ave,old,mid,suv,medium,1,0–6mo,5y+,"(-0.001, 2000000.0]","(1050.656, 1124.663]","(-0.001, 908.2]",0
298,46,OH,1000,1138.42,6000000,MALE,JD,prof-specialty,own-child,36900,-55000,Single Vehicle Collision,Side Collision,Minor Damage,Police,SC,1,NO,2,3,YES,33550,Volkswagen,Passat,0,0,0,0,0.0909090909090909,0.1818181818181818,0,2847,2,0,0,2007,5,2,1,1,-1.0,-1.8369701987210294e-16,Evening (18-23),10,500,1000,Lane,old,mid,other,medium,1,8y,5y+,"(2000000.0, 6000000.0]","(1124.663, 1197.974]","(1984.8, 2909.4]",0
235,42,IN,500,1072.62,0,FEMALE,Masters,machine-op-inspct,husband,39900,-60200,Multi-vehicle Collision,Side Collision,Total Loss,Other,WV,4,Missing,2,1,YES,69100,Toyota,Highlander,0,1,0,0,0.1,0.1,0,8915,2,2,0,1990,9,3,0,1,0.9659258262890684,-0.2588190451025208,Morning (6-11),9,250,500,Ave,old,mid,suv,high,2,20y+,5y+,"(-0.001, 2000000.0]","(1050.656, 1124.663]","(8444.2, 9172.0]",0
172,35,IL,2000,1219.04,0,MALE,MD,handlers-cleaners,own-child,63600,-68700,Multi-vehicle Collision,Rear Collision,Major Damage,Police,OH,3,Missing,2,0,NO,79750,Nissan,Pathfinder,0,1,0,0,0.1818181818181818,0.1818181818181818,0,3766,1,6,1,2004,9,3,0,0,-0.9659258262890684,0.2588190451025203,Evening (18-23),16,100,300,Hwy,old,mid,suv,high,2,12y,5y+,"(-0.001, 2000000.0]","(1197.974, 1257.2]","(2909.4, 3830.6]",0
27,28,IN,2000,1371.78,0,MALE,JD,farming-fishing,other-relative,0,-32500,Multi-vehicle Collision,Front Collision,Major Damage,Other,PA,3,Missing,0,2,YES,53600,Audi,A5,0,1,0,0,0.1,0.2,1,7100,2,2,0,1995,8,3,0,0,0.4999999999999999,-0.8660254037844387,Morning (6-11),0,100,300,Ridge,new,premium,sedan,medium,1,20y,2–3y,"(-0.001, 2000000.0]","(1322.372, 1385.327]","(6660.4, 7554.4]",1
428,54,IN,2000,1506.21,0,MALE,Masters,transport-moving,unmarried,0,-24400,Multi-vehicle Collision,Side Collision,Minor Damage,Fire,NY,3,NO,1,0,Missing,76560,Nissan,Ultima,0,0,1,0,0.1666666666666666,0.0833333333333333,0,4005,1,3,0,2004,2,1,0,0,-0.8660254037844384,-0.5000000000000004,Afternoon (12-17),6,100,300,Hwy,mid,mid,sedan,high,2,12y,5y+,"(-0.001, 2000000.0]","(1454.674, 1564.724]","(3830.6, 4682.0]",0
99,32,IN,1000,1058.21,3000000,MALE,JD,craft-repair,unmarried,0,0,Single Vehicle Collision,Front Collision,Total Loss,Fire,NY,1,YES,1,1,NO,41130,Dodge,RAM,0,0,0,0,0.1111111111111111,0.1111111111111111,0,171,1,5,1,2014,7,3,0,0,-0.9659258262890684,-0.2588190451025206,Afternoon (12-17),16,100,300,Ridge,old,mid,pickup,medium,1,0–6mo,5y+,"(2000000.0, 6000000.0]","(1050.656, 1124.663]","(-0.001, 908.2]",0
107,26,IL,2000,932.14,0,MALE,MD,sales,own-child,40600,0,Multi-vehicle Collision,Rear Collision,Total Loss,Fire,SC,3,NO,2,3,NO,78650,Audi,A3,0,0,0,0,0.1818181818181818,0.0909090909090909,1,6504,1,5,1,1997,3,1,0,0,0.4999999999999999,0.8660254037844387,Night (0-5),19,500,1000,Lane,old,premium,sedan,high,2,20y,5y+,"(-0.001, 2000000.0]","(433.329, 953.9]","(5658.2, 6660.4]",0
272,41,OH,2000,1608.34,0,FEMALE,Associate,farming-fishing,own-child,33300,-10600,Single Vehicle Collision,Side Collision,Major Damage,Other,NY,1,Missing,1,1,Missing,71060,Saab,92x,0,1,1,0,0.0909090909090909,0.1818181818181818,0,8687,2,0,0,1991,5,2,1,1,-0.9659258262890684,0.2588190451025203,Evening (18-23),5,500,1000,Lane,mid,low,other,high,2,20y+,5y+,"(-0.001, 2000000.0]","(1564.724, 2047.59]","(8444.2, 9172.0]",0
151,37,IN,1000,1728.56,0,FEMALE,Masters,farming-fishing,own-child,54000,0,Single Vehicle Collision,Front Collision,Minor Damage,Fire,WV,1,YES,1,1,Missing,38830,Suburu,Legacy,0,0,1,0,0.0909090909090909,0.0909090909090909,0,8220,2,6,1,1992,8,3,0,0,0.0,1.0,Night (0-5),16,500,1000,Hwy,old,mid,other,medium,1,20y+,5y+,"(-0.001, 2000000.0]","(1564.724, 2047.59]","(7554.4, 8444.2]",0
249,43,IL,1000,1518.46,0,FEMALE,MD,armed-forces,own-child,0,0,Single Vehicle Collision,Front Collision,Major Damage,Fire,SC,1,Missing,0,0,YES,53500,Saab,92x,0,1,0,0,0.1,0.1,0,510,1,0,0,2013,9,3,0,0,-0.8660254037844384,-0.5000000000000004,Afternoon (12-17),0,250,500,Lane,new,low,other,medium,1,2y,5y+,"(-0.001, 2000000.0]","(1454.674, 1564.724]","(-0.001, 908.2]",0
177,38,IL,2000,1540.19,0,FEMALE,College,adm-clerical,other-relative,0,-74500,Single Vehicle Collision,Front Collision,Major Damage,Other,VA,1,YES,2,0,NO,73700,Chevrolet,Silverado,0,0,0,0,0.1,0.1,1,1123,2,6,1,2012,1,1,1,1,-0.8660254037844386,0.5000000000000001,Evening (18-23),14,100,300,St,old,mid,pickup,high,2,4y,5y+,"(-0.001, 2000000.0]","(1454.674, 1564.724]","(908.2, 1984.8]",0
190,40,OH,2000,965.21,0,FEMALE,JD,exec-managerial,other-relative,36900,-53700,Parked Car,Missing,Trivial Damage,Missing,SC,1,Missing,2,1,YES,6300,Nissan,Ultima,1,1,0,1,0.1,0.1,0,2928,2,0,0,2007,1,1,0,1,0.4999999999999999,-0.8660254037844387,Morning (6-11),14,500,1000,St,old,mid,sedan,low,0,9y,5y+,"(-0.001, 2000000.0]","(953.9, 1050.656]","(2909.4, 3830.6]",0
174,36,IL,2000,1278.75,0,FEMALE,College,tech-support,own-child,53200,-53800,Multi-vehicle Collision,Rear Collision,Total Loss,Ambulance,NY,3,Missing,2,2,NO,65400,Dodge,RAM,0,1,0,0,0.1666666666666666,0.1666666666666666,0,3402,2,4,0,2005,10,4,0,0,-0.7071067811865477,0.7071067811865474,Evening (18-23),3,100,300,Hwy,new,mid,pickup,high,2,10y,5y+,"(-0.001, 2000000.0]","(1257.2, 1322.372]","(2909.4, 3830.6]",0
95,28,OH,1000,773.99,0,MALE,Associate,armed-forces,other-relative,0,-70300,Vehicle Theft,Missing,Trivial Damage,Missing,PA,1,YES,1,2,NO,3200,Mercedes,E400,1,0,0,1,0.2,0.1,0,8825,1,3,0,1990,11,4,1,1,0.7071067811865475,0.7071067811865476,Night (0-5),1,250,500,Ridge,new,premium,other,low,0,20y+,5y+,"(-0.001, 2000000.0]","(433.329, 953.9]","(8444.2, 9172.0]",0
371,51,IN,1000,1532.47,0,FEMALE,Associate,tech-support,other-relative,60300,-24700,Single Vehicle Collision,Rear Collision,Major Damage,Fire,NY,1,YES,0,3,YES,75400,Dodge,RAM,0,0,0,0,0.1,0.2,1,3383,1,0,0,2005,10,4,1,1,0.9659258262890684,-0.2588190451025208,Morning (6-11),3,500,1000,Ridge,new,mid,pickup,high,2,10y,5y+,"(-0.001, 2000000.0]","(1454.674, 1564.724]","(2909.4, 3830.6]",0
2,28,IL,1000,1340.56,0,FEMALE,JD,machine-op-inspct,not-in-family,0,0,Single Vehicle Collision,Side Collision,Minor Damage,Fire,NY,1,YES,0,2,YES,58140,Saab,92x,0,0,0,0,0.1111111111111111,0.1111111111111111,0,5719,1,5,1,1999,5,2,0,1,-0.9659258262890684,0.2588190451025203,Evening (18-23),7,250,500,Ave,mid,low,other,high,2,20y,0–6mo,"(-0.001, 2000000.0]","(1322.372, 1385.327]","(5658.2, 6660.4]",1
269,44,OH,500,1297.75,4000000,FEMALE,JD,other-service,own-child,0,-41400,Multi-vehicle Collision,Rear Collision,Total Loss,Ambulance,SC,3,Missing,0,1,Missing,98670,Chevrolet,Tahoe,0,1,1,0,0.1538461538461538,0.1538461538461538,1,4425,2,6,1,2002,12,4,1,1,-0.7071067811865475,-0.7071067811865477,Afternoon (12-17),5,100,300,St,mid,mid,suv,high,2,15y,5y+,"(2000000.0, 6000000.0]","(1257.2, 1322.372]","(3830.6, 4682.0]",0
101,27,IL,1000,433.33,0,MALE,Masters,machine-op-inspct,other-relative,25900,0,Parked Car,Missing,Minor Damage,Missing,SC,1,Missing,0,3,NO,5900,Mercedes,E400,1,1,0,1,0.2,0.1,0,2883,1,4,0,2007,2,1,0,1,0.9659258262890684,-0.2588190451025208,Morning (6-11),6,250,500,Ridge,mid,premium,other,low,0,8y,5y+,"(-0.001, 2000000.0]","(433.329, 953.9]","(1984.8, 2909.4]",0
94,30,IN,2000,1025.54,0,FEMALE,High School,armed-forces,other-relative,0,-52600,Single Vehicle Collision,Rear Collision,Major Damage,Fire,NC,1,Missing,1,3,YES,64100,Chevrolet,Malibu,0,1,0,0,0.1,0.1,0,4739,2,4,0,2002,3,1,0,0,-0.9659258262890684,0.2588190451025203,Evening (18-23),14,250,500,Ave,old,mid,sedan,high,2,15y,5y+,"(-0.001, 2000000.0]","(953.9, 1050.656]","(4682.0, 5658.2]",0
117,28,OH,500,1264.77,0,FEMALE,Associate,transport-moving,unmarried,47500,-32500,Multi-vehicle Collision,Rear Collision,Total Loss,Fire,SC,2,YES,0,1,Missing,55440,Suburu,Forrestor,0,0,1,0,0.0909090909090909,0.1818181818181818,1,4308,2,3,0,2003,4,2,0,0,-0.2588190451025203,-0.9659258262890684,Afternoon (12-17),6,250,500,Drive,mid,mid,other,medium,1,12y,5y+,"(-0.001, 2000000.0]","(1257.2, 1322.372]","(3830.6, 4682.0]",0
111,27,OH,500,1459.97,5000000,MALE,MD,sales,other-relative,0,0,Multi-vehicle Collision,Side Collision,Major Damage,Police,SC,3,NO,1,2,NO,80850,Ford,F150,0,0,0,0,0.0909090909090909,0.1818181818181818,1,4541,2,4,0,2002,9,3,0,0,0.4999999999999999,0.8660254037844387,Night (0-5),4,250,500,Ridge,mid,mid,pickup,high,2,15y,5y+,"(2000000.0, 6000000.0]","(1454.674, 1564.724]","(3830.6, 4682.0]",0
242,40,OH,500,1238.65,0,FEMALE,High School,transport-moving,husband,0,-44600,Vehicle Theft,Missing,Trivial Damage,Police,WV,1,YES,1,1,NO,7480,Saab,95,1,0,0,0,0.0909090909090909,0.0909090909090909,0,6195,1,1,0,1998,2,1,0,0,0.9659258262890684,0.2588190451025207,Night (0-5),17,100,300,Drive,old,low,other,low,0,20y,5y+,"(-0.001, 2000000.0]","(1197.974, 1257.2]","(5658.2, 6660.4]",0
440,61,OH,500,1050.76,0,MALE,PhD,transport-moving,wife,41500,-70200,Single Vehicle Collision,Side Collision,Major Damage,Fire,OH,1,Missing,2,3,NO,53640,Nissan,Maxima,0,1,0,0,0.1111111111111111,0.1111111111111111,1,8182,1,0,0,1992,9,3,0,0,-0.7071067811865477,0.7071067811865474,Evening (18-23),11,250,500,St,old,mid,other,medium,1,20y+,5y+,"(-0.001, 2000000.0]","(1050.656, 1124.663]","(7554.4, 8444.2]",0
20,23,OH,1000,1711.72,0,FEMALE,JD,tech-support,wife,0,0,Multi-vehicle Collision,Rear Collision,Major Damage,Fire,SC,3,NO,2,2,NO,63250,Chevrolet,Tahoe,0,0,0,0,0.0909090909090909,0.1818181818181818,1,5736,1,1,0,1999,5,2,0,0,-0.7071067811865477,0.7071067811865474,Evening (18-23),13,500,1000,Ridge,old,mid,suv,high,2,20y,1–2y,"(-0.001, 2000000.0]","(1564.724, 2047.59]","(5658.2, 6660.4]",0
461,57,IL,500,865.33,7000000,FEMALE,High School,farming-fishing,own-child,0,0,Multi-vehicle Collision,Side Collision,Major Damage,Ambulance,NY,3,NO,0,1,Missing,59040,Dodge,RAM,0,0,1,0,0.1666666666666666,0.1666666666666666,0,6235,1,2,0,1997,12,4,0,0,0.9659258262890684,-0.2588190451025208,Morning (6-11),20,100,300,Drive,old,mid,pickup,high,2,20y,5y+,"(6000000.0, 10000000.0]","(433.329, 953.9]","(5658.2, 6660.4]",0
208,36,IL,500,1153.49,0,MALE,Associate,craft-repair,other-relative,0,0,Multi-vehicle Collision,Side Collision,Total Loss,Other,SC,3,YES,1,0,YES,50500,Accura,TL,0,0,0,0,0.2,0.1,0,5362,2,6,1,2000,6,2,0,0,-0.8660254037844384,-0.5000000000000004,Afternoon (12-17),11,250,500,Ridge,old,mid,other,medium,1,15y,5y+,"(-0.001, 2000000.0]","(1124.663, 1197.974]","(4682.0, 5658.2]",0
279,43,OH,2000,1281.25,0,MALE,Associate,machine-op-inspct,other-relative,0,0,Single Vehicle Collision,Side Collision,Major Damage,Police,SC,1,YES,0,1,NO,57690,Mercedes,C300,0,0,0,0,0.1111111111111111,0.2222222222222222,1,7208,1,5,1,1995,4,2,0,1,-0.2588190451025203,-0.9659258262890684,Afternoon (12-17),5,500,1000,Ridge,mid,premium,sedan,medium,1,20y,5y+,"(-0.001, 2000000.0]","(1257.2, 1322.372]","(6660.4, 7554.4]",0
244,40,IL,500,1342.8,0,FEMALE,MD,sales,husband,0,0,Vehicle Theft,Missing,Trivial Damage,Police,NY,1,YES,1,3,YES,5940,Toyota,Camry,1,0,0,0,0.1111111111111111,0.1111111111111111,0,3153,2,0,0,2006,6,2,0,1,0.4999999999999999,0.8660254037844387,Night (0-5),1,100,300,St,new,mid,sedan,low,0,9y,5y+,"(-0.001, 2000000.0]","(1322.372, 1385.327]","(2909.4, 3830.6]",1
134,30,OH,2000,1443.32,0,FEMALE,PhD,exec-managerial,unmarried,0,0,Multi-vehicle Collision,Rear Collision,Major Damage,Fire,SC,3,Missing,0,2,YES,47790,Suburu,Impreza,0,1,0,0,0.1111111111111111,0.1111111111111111,1,2658,1,2,0,2007,9,3,0,0,-0.9659258262890684,0.2588190451025203,Evening (18-23),20,250,500,Ave,old,mid,other,medium,1,8y,5y+,"(-0.001, 2000000.0]","(1385.327, 1454.674]","(1984.8, 2909.4]",0
122,29,OH,1000,1629.94,0,FEMALE,Masters,priv-house-serv,other-relative,0,-47100,Parked Car,Missing,Trivial Damage,Missing,SC,1,Missing,0,1,NO,3850,Dodge,Neon,1,1,0,1,0.0909090909090909,0.0909090909090909,0,8474,2,0,0,1991,11,4,0,1,-0.9659258262890684,-0.2588190451025206,Afternoon (12-17),1,250,500,Ave,new,mid,other,low,0,20y+,5y+,"(-0.001, 2000000.0]","(1564.724, 2047.59]","(8444.2, 9172.0]",0
156,31,IL,2000,1134.08,0,MALE,PhD,other-service,husband,0,0,Single Vehicle Collision,Front Collision,Major Damage,Police,NC,1,Missing,2,0,Missing,59000,Ford,Fusion,0,1,1,0,0.1,0.1,1,6713,2,5,1,1996,9,3,0,0,0.7071067811865475,0.7071067811865476,Night (0-5),2,100,300,St,new,mid,other,high,2,20y,5y+,"(-0.001, 2000000.0]","(1124.663, 1197.974]","(6660.4, 7554.4]",0
232,43,OH,500,1483.91,8000000,MALE,College,machine-op-inspct,husband,0,-33600,Multi-vehicle Collision,Rear Collision,Major Damage,Ambulance,NY,3,NO,0,1,Missing,70600,Volkswagen,Passat,0,0,1,0,0.1,0.2,1,4995,1,6,1,2001,5,2,0,1,-0.9659258262890684,-0.2588190451025206,Afternoon (12-17),2,250,500,Hwy,new,mid,other,high,2,15y,5y+,"(6000000.0, 10000000.0]","(1454.674, 1564.724]","(4682.0, 5658.2]",0
244,40,IN,2000,1304.67,7000000,MALE,Masters,armed-forces,other-relative,0,-45000,Multi-vehicle Collision,Side Collision,Minor Damage,Police,SC,3,Missing,1,1,Missing,61490,Dodge,RAM,0,1,1,0,0.0909090909090909,0.1818181818181818,0,5631,1,5,1,1999,8,3,0,0,0.9659258262890684,0.2588190451025207,Night (0-5),14,500,1000,St,old,mid,pickup,high,2,20y,5y+,"(6000000.0, 10000000.0]","(1257.2, 1322.372]","(4682.0, 5658.2]",1
84,30,IL,2000,1035.79,0,FEMALE,MD,protective-serv,wife,44400,-51500,Single Vehicle Collision,Side Collision,Minor Damage,Police,SC,1,NO,1,0,YES,57640,Volkswagen,Passat,0,0,0,0,0.0909090909090909,0.1818181818181818,0,4246,1,4,0,2003,6,2,0,1,0.7071067811865476,-0.7071067811865475,Morning (6-11),5,500,1000,Ave,mid,mid,other,medium,1,12y,5y+,"(-0.001, 2000000.0]","(953.9, 1050.656]","(3830.6, 4682.0]",0
394,57,IL,500,1401.2,0,FEMALE,High School,craft-repair,own-child,51500,0,Vehicle Theft,Missing,Trivial Damage,Police,NC,1,NO,1,0,NO,6890,Audi,A5,1,0,0,0,0.1538461538461538,0.1538461538461538,0,5780,1,6,1,1999,3,1,0,0,0.7071067811865476,-0.7071067811865475,Morning (6-11),16,250,500,Lane,old,premium,sedan,low,0,20y,5y+,"(-0.001, 2000000.0]","(1385.327, 1454.674]","(5658.2, 6660.4]",0
246,45,IL,1000,1665.45,0,MALE,JD,machine-op-inspct,wife,34400,-33100,Multi-vehicle Collision,Side Collision,Major Damage,Fire,PA,3,Missing,2,2,Missing,53280,Toyota,Camry,0,1,1,0,0.2222222222222222,0.1111111111111111,1,5839,1,3,0,1999,2,1,0,0,0.7071067811865476,-0.7071067811865475,Morning (6-11),9,250,500,Ave,old,mid,sedan,medium,1,20y,5y+,"(-0.001, 2000000.0]","(1564.724, 2047.59]","(5658.2, 6660.4]",0
35,29,IN,2000,653.66,0,FEMALE,JD,handlers-cleaners,unmarried,52100,-46900,Multi-vehicle Collision,Rear Collision,Minor Damage,Fire,SC,3,NO,0,0,Missing,78300,BMW,X5,0,0,1,0,0.2,0.1,0,1279,2,1,0,2011,8,3,0,0,-0.5000000000000004,0.8660254037844384,Evening (18-23),6,500,1000,Ridge,mid,premium,suv,high,2,4y,2–3y,"(-0.001, 2000000.0]","(433.329, 953.9]","(908.2, 1984.8]",0
156,37,OH,500,1080.13,0,MALE,Associate,protective-serv,other-relative,0,-61000,Multi-vehicle Collision,Rear Collision,Major Damage,Ambulance,PA,3,YES,0,3,NO,41490,Nissan,Pathfinder,0,0,0,0,0.1111111111111111,0.1111111111111111,0,1651,1,6,1,2010,6,2,0,0,-0.7071067811865475,-0.7071067811865477,Afternoon (12-17),14,100,300,Ridge,old,mid,suv,medium,1,5y,5y+,"(-0.001, 2000000.0]","(1050.656, 1124.663]","(908.2, 1984.8]",0
195,36,IN,2000,1346.18,0,FEMALE,Associate,machine-op-inspct,wife,57800,-53300,Multi-vehicle Collision,Front Collision,Total Loss,Fire,SC,3,YES,2,3,YES,68970,Chevrolet,Tahoe,0,0,0,0,0.1818181818181818,0.0909090909090909,0,4859,2,2,0,2001,11,4,0,0,-0.5000000000000001,-0.8660254037844386,Afternoon (12-17),8,100,300,Lane,old,mid,suv,high,2,15y,5y+,"(-0.001, 2000000.0]","(1322.372, 1385.327]","(4682.0, 5658.2]",1
369,55,OH,2000,1589.54,0,MALE,College,handlers-cleaners,husband,55400,0,Multi-vehicle Collision,Rear Collision,Minor Damage,Police,VA,3,Missing,2,0,YES,85300,Toyota,Highlander,0,1,0,0,0.2,0.1,0,652,1,1,0,2013,4,2,0,0,1.0,6.123233995736766e-17,Morning (6-11),12,250,500,Hwy,old,mid,suv,high,2,2y,5y+,"(-0.001, 2000000.0]","(1564.724, 2047.59]","(-0.001, 908.2]",0
271,40,IL,1000,1251.65,0,FEMALE,Associate,other-service,wife,71200,0,Parked Car,Missing,Minor Damage,Missing,NY,1,NO,0,0,NO,3080,Audi,A3,1,0,0,1,0.1818181818181818,0.0909090909090909,0,7014,2,3,0,1995,12,4,0,0,1.0,6.123233995736766e-17,Morning (6-11),3,100,300,Ave,new,premium,sedan,low,0,20y,5y+,"(-0.001, 2000000.0]","(1197.974, 1257.2]","(6660.4, 7554.4]",0
332,47,IL,2000,1083.01,0,MALE,MD,craft-repair,other-relative,91900,0,Multi-vehicle Collision,Front Collision,Major Damage,Police,WV,4,YES,2,0,Missing,71760,Jeep,Grand Cherokee,0,0,1,0,0.1538461538461538,0.1538461538461538,1,8492,1,5,1,1991,11,4,0,1,-0.5000000000000004,0.8660254037844384,Evening (18-23),5,100,300,Ridge,mid,mid,other,high,2,20y+,5y+,"(-0.001, 2000000.0]","(1050.656, 1124.663]","(8444.2, 9172.0]",0
107,26,OH,500,974.59,0,FEMALE,JD,armed-forces,wife,62800,0,Multi-vehicle Collision,Rear Collision,Minor Damage,Ambulance,NY,3,Missing,1,0,NO,59700,Nissan,Ultima,0,1,0,0,0.2,0.2,0,244,1,6,1,2014,5,2,0,1,-0.5000000000000001,-0.8660254037844386,Afternoon (12-17),13,100,300,Drive,old,mid,sedan,high,2,1y,5y+,"(-0.001, 2000000.0]","(953.9, 1050.656]","(-0.001, 908.2]",0
217,39,IL,2000,1399.85,0,FEMALE,Masters,other-service,other-relative,49900,-19800,Multi-vehicle Collision,Front Collision,Minor Damage,Fire,NY,3,NO,0,2,Missing,64920,Ford,Fusion,0,0,1,0,0.1666666666666666,0.1666666666666666,0,8336,1,5,1,1992,3,1,0,0,-0.8660254037844384,-0.5000000000000004,Afternoon (12-17),18,500,1000,Hwy,old,mid,other,high,2,20y+,5y+,"(-0.001, 2000000.0]","(1385.327, 1454.674]","(7554.4, 8444.2]",1
243,43,IN,500,1307.74,0,FEMALE,Associate,machine-op-inspct,own-child,0,-75700,Multi-vehicle Collision,Front Collision,Major Damage,Ambulance,SC,3,Missing,0,1,NO,37530,Jeep,Wrangler,0,1,0,0,0.1111111111111111,0.1111111111111111,0,3281,1,2,0,2006,2,1,0,0,0.4999999999999999,-0.8660254037844387,Morning (6-11),7,500,1000,Hwy,mid,mid,other,medium,1,9y,5y+,"(-0.001, 2000000.0]","(1257.2, 1322.372]","(2909.4, 3830.6]",1
296,42,IN,2000,1219.27,0,MALE,Associate,tech-support,husband,53100,-63400,Multi-vehicle Collision,Side Collision,Total Loss,Ambulance,WV,3,YES,1,2,NO,64080,Saab,93,0,0,0,0,0.1111111111111111,0.1111111111111111,0,4355,2,0,0,2003,3,1,1,1,0.7071067811865476,-0.7071067811865475,Morning (6-11),3,250,500,Hwy,new,low,other,high,2,12y,5y+,"(-0.001, 2000000.0]","(1197.974, 1257.2]","(3830.6, 4682.0]",0
264,41,OH,500,1411.3,0,MALE,PhD,prof-specialty,unmarried,55600,0,Single Vehicle Collision,Rear Collision,Minor Damage,Other,PA,1,NO,1,0,Missing,60390,BMW,M5,0,0,1,0,0.1818181818181818,0.0909090909090909,1,4498,2,6,1,2002,10,4,0,0,0.8660254037844386,0.5000000000000001,Night (0-5),11,100,300,Lane,old,premium,other,high,2,15y,5y+,"(-0.001, 2000000.0]","(1385.327, 1454.674]","(3830.6, 4682.0]",0
108,33,IL,2000,694.45,0,FEMALE,JD,armed-forces,not-in-family,0,0,Multi-vehicle Collision,Side Collision,Major Damage,Police,WV,3,Missing,0,1,YES,64350,Nissan,Pathfinder,0,1,0,0,0.0909090909090909,0.1818181818181818,1,9124,1,1,0,1990,1,1,0,1,1.0,6.123233995736766e-17,Morning (6-11),4,100,300,Drive,mid,mid,suv,high,2,20y+,5y+,"(-0.001, 2000000.0]","(433.329, 953.9]","(8444.2, 9172.0]",0
32,38,IL,500,1006.77,6000000,FEMALE,College,other-service,own-child,0,0,Multi-vehicle Collision,Side Collision,Minor Damage,Police,SC,3,YES,2,1,YES,70900,BMW,X6,0,0,0,0,0.2,0.1,0,1793,2,4,0,2010,3,1,0,0,-0.7071067811865475,-0.7071067811865477,Afternoon (12-17),18,100,300,Hwy,old,premium,other,high,2,5y,2–3y,"(2000000.0, 6000000.0]","(953.9, 1050.656]","(908.2, 1984.8]",0
259,39,OH,1000,1422.36,0,FEMALE,JD,craft-repair,unmarried,0,-83900,Multi-vehicle Collision,Side Collision,Minor Damage,Fire,PA,3,NO,1,3,Missing,46560,Nissan,Ultima,0,0,1,0,0.1666666666666666,0.1666666666666666,0,7067,1,5,1,1995,9,3,0,0,1.2246467991473532e-16,-1.0,Afternoon (12-17),3,250,500,Hwy,new,mid,sedan,medium,1,20y,5y+,"(-0.001, 2000000.0]","(1385.327, 1454.674]","(6660.4, 7554.4]",0
186,33,IN,1000,1348.32,0,FEMALE,Associate,craft-repair,wife,37600,-37600,Vehicle Theft,Missing,Trivial Damage,Police,NY,1,NO,2,1,Missing,4730,Chevrolet,Malibu,1,0,1,0,0.1818181818181818,0.1818181818181818,1,1782,1,2,0,2010,2,1,0,0,0.7071067811865475,0.7071067811865476,Night (0-5),2,100,300,Hwy,new,mid,sedan,low,0,5y,5y+,"(-0.001, 2000000.0]","(1322.372, 1385.327]","(908.2, 1984.8]",1
201,40,OH,2000,1315.56,0,FEMALE,PhD,transport-moving,not-in-family,0,0,Vehicle Theft,Missing,Minor Damage,Police,SC,1,YES,0,0,YES,6820,Jeep,Grand Cherokee,1,0,0,0,0.1818181818181818,0.1818181818181818,0,8453,2,2,0,1991,12,4,0,1,-0.5000000000000001,-0.8660254037844386,Afternoon (12-17),12,250,500,Lane,old,mid,other,low,0,20y+,5y+,"(-0.001, 2000000.0]","(1257.2, 1322.372]","(8444.2, 9172.0]",1
436,58,OH,2000,1407.01,5000000,MALE,PhD,tech-support,other-relative,47400,-27600,Single Vehicle Collision,Rear Collision,Major Damage,Police,WV,1,Missing,0,2,Missing,59900,BMW,X5,0,1,1,0,0.2,0.1,1,4638,1,5,1,2002,4,2,0,0,0.4999999999999999,-0.8660254037844387,Morning (6-11),18,250,500,Drive,old,premium,suv,high,2,15y,5y+,"(2000000.0, 6000000.0]","(1385.327, 1454.674]","(3830.6, 4682.0]",0
189,36,OH,2000,1388.58,0,FEMALE,MD,priv-house-serv,own-child,0,-49400,Multi-vehicle Collision,Side Collision,Major Damage,Police,WV,3,Missing,1,3,YES,79560,Ford,Escape,0,1,0,0,0.1666666666666666,0.1666666666666666,0,2848,2,4,0,2007,4,2,0,1,-0.9659258262890684,-0.2588190451025206,Afternoon (12-17),6,250,500,Drive,mid,mid,other,high,2,8y,5y+,"(-0.001, 2000000.0]","(1385.327, 1454.674]","(1984.8, 2909.4]",1
105,33,IL,500,1310.76,0,FEMALE,High School,adm-clerical,not-in-family,0,-40900,Single Vehicle Collision,Front Collision,Total Loss,Other,VA,1,YES,0,1,Missing,70290,Accura,MDX,0,0,1,0,0.1818181818181818,0.0909090909090909,0,6798,2,1,0,1996,7,3,0,1,0.8660254037844387,-0.4999999999999998,Morning (6-11),7,500,1000,Hwy,mid,mid,other,high,2,20y,5y+,"(-0.001, 2000000.0]","(1257.2, 1322.372]","(6660.4, 7554.4]",1
163,31,IN,1000,1004.63,6000000,MALE,JD,priv-house-serv,not-in-family,26900,0,Multi-vehicle Collision,Rear Collision,Total Loss,Ambulance,SC,3,YES,2,0,NO,63910,Suburu,Forrestor,0,0,0,0,0.0909090909090909,0.1818181818181818,0,4664,1,2,0,2002,4,2,0,0,-0.5000000000000001,-0.8660254037844386,Afternoon (12-17),16,100,300,Hwy,old,mid,other,high,2,15y,5y+,"(2000000.0, 6000000.0]","(953.9, 1050.656]","(3830.6, 4682.0]",0
219,40,OH,500,1134.91,0,FEMALE,Associate,transport-moving,not-in-family,68700,0,Vehicle Theft,Missing,Trivial Damage,Missing,SC,1,Missing,1,0,NO,6400,Toyota,Camry,1,1,0,1,0.1,0.1,0,3014,1,3,0,2006,10,4,0,0,1.0,6.123233995736766e-17,Morning (6-11),18,100,300,Drive,old,mid,sedan,low,0,9y,5y+,"(-0.001, 2000000.0]","(1124.663, 1197.974]","(2909.4, 3830.6]",0
88,25,IN,1000,1194.0,0,FEMALE,JD,handlers-cleaners,husband,0,0,Single Vehicle Collision,Rear Collision,Major Damage,Ambulance,SC,1,YES,1,2,YES,66780,Ford,Escape,0,0,0,0,0.1111111111111111,0.1111111111111111,1,2668,2,4,0,2007,10,4,0,1,1.0,6.123233995736766e-17,Morning (6-11),2,250,500,Hwy,new,mid,other,high,2,8y,5y+,"(-0.001, 2000000.0]","(1124.663, 1197.974]","(1984.8, 2909.4]",0
40,39,IN,1000,1248.25,4000000,FEMALE,College,sales,own-child,0,-33300,Parked Car,Missing,Minor Damage,Police,VA,1,NO,0,2,Missing,8760,BMW,3 Series,1,0,1,0,0.1666666666666666,0.1666666666666666,0,5058,2,6,1,2001,3,1,1,1,0.8660254037844387,-0.4999999999999998,Morning (6-11),2,500,1000,Drive,new,premium,other,low,0,15y,3–5y,"(2000000.0, 6000000.0]","(1197.974, 1257.2]","(4682.0, 5658.2]",0
284,42,OH,500,1338.54,1000000,MALE,Associate,machine-op-inspct,wife,0,0,Single Vehicle Collision,Side Collision,Major Damage,Ambulance,NC,1,YES,0,1,Missing,94160,Chevrolet,Malibu,0,0,1,0,0.0909090909090909,0.1818181818181818,0,7210,1,3,0,1995,5,2,0,0,-0.2588190451025203,-0.9659258262890684,Afternoon (12-17),19,100,300,Drive,old,mid,sedan,high,2,20y,5y+,"(-0.001, 2000000.0]","(1322.372, 1385.327]","(6660.4, 7554.4]",1
59,40,IL,2000,782.23,0,MALE,College,protective-serv,other-relative,64200,-32300,Multi-vehicle Collision,Front Collision,Total Loss,Ambulance,OH,3,Missing,0,2,NO,51570,BMW,X5,0,1,0,0,0.1111111111111111,0.2222222222222222,0,1227,2,4,0,2011,9,3,0,0,0.0,1.0,Night (0-5),5,250,500,Ave,mid,premium,suv,medium,1,4y,3–5y,"(-0.001, 2000000.0]","(433.329, 953.9]","(908.2, 1984.8]",0
39,31,IL,2000,1366.9,0,FEMALE,High School,handlers-cleaners,husband,0,-15700,Multi-vehicle Collision,Rear Collision,Major Damage,Fire,NC,3,Missing,1,0,NO,52700,BMW,X6,0,1,0,0,0.2,0.2,1,4383,1,2,0,2003,1,1,0,0,-0.5000000000000001,-0.8660254037844386,Afternoon (12-17),1,250,500,St,new,premium,other,medium,1,15y,3–5y,"(-0.001, 2000000.0]","(1322.372, 1385.327]","(3830.6, 4682.0]",1
147,34,IL,1000,1275.81,0,MALE,High School,sales,wife,0,-48300,Single Vehicle Collision,Side Collision,Minor Damage,Fire,NY,1,YES,2,2,Missing,101010,Mercedes,ML350,0,0,1,0,0.1538461538461538,0.1538461538461538,0,1450,1,2,0,2011,2,1,0,1,-0.2588190451025203,-0.9659258262890684,Afternoon (12-17),17,500,1000,Hwy,old,premium,other,high,2,4y,5y+,"(-0.001, 2000000.0]","(1257.2, 1322.372]","(908.2, 1984.8]",0
156,37,IN,500,1090.65,0,MALE,High School,exec-managerial,unmarried,0,-51800,Multi-vehicle Collision,Rear Collision,Minor Damage,Police,NC,4,Missing,1,2,YES,53400,Honda,Civic,0,1,0,0,0.1,0.1,1,8011,1,4,0,1993,2,1,0,0,-0.8660254037844384,-0.5000000000000004,Afternoon (12-17),5,250,500,Lane,mid,mid,other,medium,1,20y+,5y+,"(-0.001, 2000000.0]","(1050.656, 1124.663]","(7554.4, 8444.2]",0
123,31,IN,500,1326.0,0,FEMALE,Associate,prof-specialty,wife,0,-54600,Single Vehicle Collision,Side Collision,Total Loss,Fire,SC,1,Missing,1,2,NO,72120,Mercedes,ML350,0,1,0,0,0.1666666666666666,0.1666666666666666,0,3483,2,1,0,2005,8,3,0,1,-0.2588190451025203,-0.9659258262890684,Afternoon (12-17),6,250,500,Drive,mid,premium,other,high,2,10y,5y+,"(-0.001, 2000000.0]","(1322.372, 1385.327]","(2909.4, 3830.6]",1
231,43,IL,2000,972.47,0,MALE,College,protective-serv,wife,0,-58100,Multi-vehicle Collision,Front Collision,Minor Damage,Police,PA,3,YES,2,2,YES,77100,Audi,A3,0,0,0,0,0.1,0.2,0,3151,2,6,1,2006,6,2,1,1,-0.7071067811865475,-0.7071067811865477,Afternoon (12-17),5,250,500,Drive,mid,premium,sedan,high,2,9y,5y+,"(-0.001, 2000000.0]","(953.9, 1050.656]","(2909.4, 3830.6]",0
247,39,IL,500,806.31,0,FEMALE,College,handlers-cleaners,wife,0,0,Parked Car,Missing,Trivial Damage,Police,SC,1,Missing,2,3,Missing,3300,Dodge,RAM,1,1,1,0,0.1818181818181818,0.0,0,7750,2,2,0,1993,12,4,0,0,0.7071067811865475,0.7071067811865476,Night (0-5),12,100,300,Ridge,old,mid,pickup,low,0,20y+,5y+,"(-0.001, 2000000.0]","(433.329, 953.9]","(7554.4, 8444.2]",0
194,35,IL,500,1416.24,0,FEMALE,MD,adm-clerical,not-in-family,0,0,Parked Car,Missing,Minor Damage,Missing,WV,1,YES,1,0,Missing,5940,Nissan,Pathfinder,1,0,1,1,0.1818181818181818,0.0909090909090909,0,1079,2,3,0,2012,3,1,0,0,0.9659258262890684,-0.2588190451025208,Morning (6-11),12,500,1000,Hwy,old,mid,suv,low,0,3y,5y+,"(-0.001, 2000000.0]","(1385.327, 1454.674]","(908.2, 1984.8]",0
119,27,IN,2000,1097.64,0,MALE,High School,transport-moving,other-relative,27100,0,Multi-vehicle Collision,Rear Collision,Major Damage,Other,PA,2,NO,1,0,Missing,63720,Accura,TL,0,0,1,0,0.1111111111111111,0.3333333333333333,0,6394,2,4,0,1997,8,3,0,0,-0.8660254037844384,-0.5000000000000004,Afternoon (12-17),9,250,500,St,old,mid,other,high,2,20y,5y+,"(-0.001, 2000000.0]","(1050.656, 1124.663]","(5658.2, 6660.4]",0
259,43,IL,500,947.75,0,FEMALE,Masters,farming-fishing,not-in-family,0,-39300,Vehicle Theft,Missing,Trivial Damage,Police,SC,1,NO,1,3,NO,7680,Audi,A5,1,0,0,0,0.1666666666666666,0.0833333333333333,0,2039,2,1,0,2009,7,3,0,1,-0.7071067811865475,-0.7071067811865477,Afternoon (12-17),7,100,300,Ave,mid,premium,sedan,low,0,6y,5y+,"(-0.001, 2000000.0]","(433.329, 953.9]","(1984.8, 2909.4]",0
107,31,IL,2000,1018.73,5000000,MALE,Associate,handlers-cleaners,own-child,20000,-82700,Multi-vehicle Collision,Side Collision,Total Loss,Police,NY,3,YES,1,2,Missing,93730,Honda,CRV,0,0,1,0,0.1538461538461538,0.2307692307692307,0,7368,1,1,0,1994,11,4,0,0,-0.7071067811865477,0.7071067811865474,Evening (18-23),14,100,300,St,old,mid,suv,high,2,20y+,5y+,"(2000000.0, 6000000.0]","(953.9, 1050.656]","(6660.4, 7554.4]",0
48,44,IL,2000,1400.74,0,MALE,College,sales,other-relative,34000,-55600,Multi-vehicle Collision,Rear Collision,Major Damage,Police,NC,3,YES,0,2,Missing,87300,Jeep,Wrangler,0,0,1,0,0.2,0.2,0,6561,1,2,0,1997,2,1,0,1,-0.2588190451025207,0.9659258262890684,Evening (18-23),2,100,300,Hwy,new,mid,other,high,2,20y,3–5y,"(-0.001, 2000000.0]","(1385.327, 1454.674]","(5658.2, 6660.4]",0
267,40,IL,500,1155.53,5000000,MALE,JD,transport-moving,wife,0,-35200,Parked Car,Missing,Trivial Damage,Police,NY,1,Missing,0,2,NO,5670,Ford,F150,1,1,0,0,0.2222222222222222,0.1111111111111111,0,1933,1,5,1,2009,10,4,0,0,0.9659258262890684,0.2588190451025207,Night (0-5),18,250,500,Lane,old,mid,pickup,low,0,6y,5y+,"(2000000.0, 6000000.0]","(1124.663, 1197.974]","(908.2, 1984.8]",0
286,47,IN,500,1386.93,0,MALE,High School,priv-house-serv,husband,54100,-77600,Multi-vehicle Collision,Rear Collision,Minor Damage,Other,NY,3,YES,0,0,NO,65800,Accura,TL,0,0,0,0,0.2,0.1,0,4441,1,5,1,2002,11,4,0,1,-0.7071067811865475,-0.7071067811865477,Afternoon (12-17),14,250,500,Ave,old,mid,other,high,2,15y,5y+,"(-0.001, 2000000.0]","(1385.327, 1454.674]","(3830.6, 4682.0]",1
175,34,OH,500,915.29,0,FEMALE,JD,handlers-cleaners,wife,82400,-57100,Single Vehicle Collision,Front Collision,Major Damage,Other,NY,1,Missing,2,1,YES,36720,Honda,Accord,0,1,0,0,0.1111111111111111,0.1111111111111111,1,7210,2,0,0,1995,5,2,0,0,-0.5000000000000001,-0.8660254037844386,Afternoon (12-17),6,100,300,Lane,mid,mid,other,medium,1,20y,5y+,"(-0.001, 2000000.0]","(433.329, 953.9]","(6660.4, 7554.4]",0
111,29,IL,500,1239.55,2000000,FEMALE,PhD,farming-fishing,own-child,0,0,Single Vehicle Collision,Side Collision,Major Damage,Fire,SC,1,Missing,1,1,YES,52800,Mercedes,ML350,0,1,0,0,0.0909090909090909,0.1818181818181818,1,1448,1,4,0,2011,1,1,0,0,0.2588190451025207,0.9659258262890684,Night (0-5),19,250,500,St,old,premium,other,medium,1,4y,5y+,"(-0.001, 2000000.0]","(1197.974, 1257.2]","(908.2, 1984.8]",0
151,37,IN,500,1366.42,0,FEMALE,Associate,protective-serv,unmarried,44000,0,Multi-vehicle Collision,Rear Collision,Total Loss,Fire,SC,3,NO,1,2,YES,59100,Nissan,Maxima,0,0,0,0,0.1,0.1,1,850,2,6,1,2012,10,4,0,1,-0.5000000000000001,-0.8660254037844386,Afternoon (12-17),17,250,500,St,old,mid,other,high,2,3y,5y+,"(-0.001, 2000000.0]","(1322.372, 1385.327]","(-0.001, 908.2]",1
156,37,OH,1000,1086.48,6000000,MALE,Associate,machine-op-inspct,unmarried,0,-53800,Multi-vehicle Collision,Rear Collision,Total Loss,Other,NY,3,Missing,1,1,YES,77440,Suburu,Legacy,0,1,0,0,0.1818181818181818,0.0909090909090909,0,8496,1,4,0,1991,10,4,0,0,-0.9659258262890684,-0.2588190451025206,Afternoon (12-17),16,500,1000,Ave,old,mid,other,high,2,20y+,5y+,"(2000000.0, 6000000.0]","(1050.656, 1124.663]","(8444.2, 9172.0]",0
165,36,IL,2000,1247.87,0,MALE,Masters,armed-forces,husband,0,-39700,Multi-vehicle Collision,Side Collision,Total Loss,Fire,NY,3,NO,2,2,NO,45700,BMW,3 Series,0,0,0,0,0.1,0.1,0,1566,1,2,0,2010,10,4,0,0,-0.8660254037844386,0.5000000000000001,Evening (18-23),7,250,500,Lane,mid,premium,other,medium,1,5y,5y+,"(-0.001, 2000000.0]","(1197.974, 1257.2]","(908.2, 1984.8]",0
253,41,OH,2000,1312.75,0,FEMALE,PhD,sales,other-relative,81300,0,Multi-vehicle Collision,Rear Collision,Major Damage,Other,SC,3,NO,2,2,YES,80740,Toyota,Camry,0,0,0,0,0.0909090909090909,0.1818181818181818,1,631,1,3,0,2013,4,2,1,1,0.4999999999999999,-0.8660254037844387,Morning (6-11),1,100,300,Ridge,new,mid,sedan,high,2,2y,5y+,"(-0.001, 2000000.0]","(1257.2, 1322.372]","(-0.001, 908.2]",1
10,26,IN,2000,765.64,0,MALE,MD,sales,not-in-family,0,-22200,Multi-vehicle Collision,Front Collision,Major Damage,Ambulance,SC,3,Missing,0,3,Missing,31350,Honda,Accord,0,1,1,0,0.0909090909090909,0.1818181818181818,1,2441,2,0,0,2008,6,2,1,1,0.7071067811865475,0.7071067811865476,Night (0-5),14,100,300,Lane,old,mid,other,low,0,7y,6–12mo,"(-0.001, 2000000.0]","(433.329, 953.9]","(1984.8, 2909.4]",0
158,33,OH,2000,1327.41,0,FEMALE,Associate,handlers-cleaners,other-relative,0,-38600,Single Vehicle Collision,Side Collision,Total Loss,Other,SC,1,Missing,0,0,Missing,35000,Suburu,Legacy,0,1,1,0,0.1,0.2,0,396,1,6,1,2013,12,4,0,0,0.0,1.0,Night (0-5),3,100,300,Ridge,new,mid,other,medium,1,2y,5y+,"(-0.001, 2000000.0]","(1322.372, 1385.327]","(-0.001, 908.2]",1
436,59,OH,1000,1338.55,0,MALE,PhD,protective-serv,own-child,39000,0,Multi-vehicle Collision,Side Collision,Total Loss,Police,WV,3,Missing,2,2,NO,68000,Toyota,Corolla,0,1,0,0,0.2,0.1,0,1605,1,0,0,2010,8,3,0,0,0.4999999999999999,-0.8660254037844387,Morning (6-11),1,500,1000,Hwy,new,mid,sedan,high,2,5y,5y+,"(-0.001, 2000000.0]","(1322.372, 1385.327]","(908.2, 1984.8]",1
91,30,IL,2000,1316.63,8000000,FEMALE,Masters,machine-op-inspct,unmarried,43900,0,Multi-vehicle Collision,Side Collision,Minor Damage,Other,SC,3,YES,2,0,Missing,84500,BMW,X6,0,0,1,0,0.1538461538461538,0.1538461538461538,0,1665,1,3,0,2010,6,2,0,0,-0.2588190451025203,-0.9659258262890684,Afternoon (12-17),6,250,500,Drive,mid,premium,other,high,2,5y,5y+,"(6000000.0, 10000000.0]","(1257.2, 1322.372]","(908.2, 1984.8]",1
256,42,IL,1000,1286.44,0,FEMALE,MD,transport-moving,wife,0,-39500,Single Vehicle Collision,Rear Collision,Minor Damage,Police,WV,1,NO,2,1,Missing,75500,Nissan,Ultima,0,0,1,0,0.1,0.2,0,8322,1,3,0,1992,4,2,0,0,-0.5000000000000001,-0.8660254037844386,Afternoon (12-17),17,500,1000,Ridge,old,mid,sedan,high,2,20y+,5y+,"(-0.001, 2000000.0]","(1257.2, 1322.372]","(7554.4, 8444.2]",0
274,46,OH,1000,1372.18,0,MALE,High School,exec-managerial,not-in-family,0,0,Multi-vehicle Collision,Side Collision,Total Loss,Other,WV,3,NO,1,3,Missing,90600,BMW,X5,0,0,1,0,0.1666666666666666,0.1666666666666666,0,6553,1,1,0,1997,2,1,0,0,-0.5000000000000004,0.8660254037844384,Evening (18-23),6,500,1000,Ave,mid,premium,suv,high,2,20y,5y+,"(-0.001, 2000000.0]","(1322.372, 1385.327]","(5658.2, 6660.4]",1
275,45,IN,2000,1447.77,0,FEMALE,Associate,adm-clerical,wife,39400,-63900,Multi-vehicle Collision,Side Collision,Total Loss,Ambulance,VA,3,YES,1,1,Missing,64320,Accura,MDX,0,0,1,0,0.0833333333333333,0.1666666666666666,0,8444,1,6,1,1991,12,4,0,1,0.8660254037844387,-0.4999999999999998,Morning (6-11),17,500,1000,Ave,old,mid,other,high,2,20y+,5y+,"(-0.001, 2000000.0]","(1385.327, 1454.674]","(7554.4, 8444.2]",0
1,33,IL,500,903.32,0,FEMALE,High School,transport-moving,not-in-family,0,0,Multi-vehicle Collision,Rear Collision,Minor Damage,Police,NY,3,Missing,1,0,Missing,31700,Toyota,Highlander,0,1,1,0,0.2,0.1,0,7062,1,0,0,1995,9,3,1,1,0.2588190451025207,0.9659258262890684,Night (0-5),9,250,500,Hwy,old,mid,suv,low,0,20y,0–6mo,"(-0.001, 2000000.0]","(433.329, 953.9]","(6660.4, 7554.4]",0
85,30,IN,1000,1454.42,0,MALE,Associate,protective-serv,other-relative,51600,-73900,Single Vehicle Collision,Side Collision,Major Damage,Other,NY,1,YES,0,1,YES,74280,Suburu,Forrestor,0,0,0,0,0.1666666666666666,0.1666666666666666,1,7764,1,5,1,1993,10,4,0,1,-0.9659258262890684,0.2588190451025203,Evening (18-23),9,500,1000,Ridge,old,mid,other,high,2,20y+,5y+,"(-0.001, 2000000.0]","(1385.327, 1454.674]","(7554.4, 8444.2]",0
233,37,IL,2000,1603.42,0,FEMALE,High School,sales,wife,61600,-30200,Single Vehicle Collision,Front Collision,Total Loss,Fire,NY,1,YES,0,2,YES,80520,Toyota,Corolla,0,0,0,0,0.1666666666666666,0.0833333333333333,0,8496,2,4,0,1991,11,4,0,0,-0.9659258262890684,-0.2588190451025206,Afternoon (12-17),10,100,300,Lane,old,mid,sedan,high,2,20y+,5y+,"(-0.001, 2000000.0]","(1564.724, 2047.59]","(8444.2, 9172.0]",0
142,30,IN,2000,1616.58,0,MALE,JD,adm-clerical,husband,58500,-46800,Multi-vehicle Collision,Rear Collision,Major Damage,Other,SC,3,YES,0,3,YES,63600,Dodge,RAM,0,0,0,0,0.1,0.2,0,4593,2,2,0,2002,7,3,0,0,-0.2588190451025203,-0.9659258262890684,Afternoon (12-17),5,250,500,Lane,mid,mid,pickup,high,2,15y,5y+,"(-0.001, 2000000.0]","(1564.724, 2047.59]","(3830.6, 4682.0]",0
266,44,IL,500,1611.83,0,MALE,High School,handlers-cleaners,husband,0,0,Single Vehicle Collision,Front Collision,Total Loss,Police,WV,1,Missing,1,2,YES,32800,BMW,3 Series,0,1,0,0,0.1,0.1,0,5505,1,4,0,1999,12,4,0,1,0.8660254037844386,0.5000000000000001,Night (0-5),3,250,500,Ave,new,premium,other,low,0,20y,5y+,"(-0.001, 2000000.0]","(1564.724, 2047.59]","(4682.0, 5658.2]",0
350,50,OH,500,889.13,0,FEMALE,Masters,priv-house-serv,other-relative,0,0,Multi-vehicle Collision,Rear Collision,Total Loss,Police,PA,3,NO,0,2,NO,44190,Audi,A3,0,0,0,0,0.2222222222222222,0.1111111111111111,0,3527,2,3,0,2005,7,3,0,0,-0.5000000000000001,-0.8660254037844386,Afternoon (12-17),0,500,1000,Ave,new,premium,sedan,medium,1,10y,5y+,"(-0.001, 2000000.0]","(433.329, 953.9]","(2909.4, 3830.6]",0
97,26,IL,1000,1252.08,0,MALE,College,exec-managerial,not-in-family,0,0,Multi-vehicle Collision,Rear Collision,Major Damage,Other,VA,2,YES,2,2,NO,50400,Honda,CRV,0,0,0,0,0.2,0.1,1,8497,2,6,1,1991,11,4,0,0,0.8660254037844386,0.5000000000000001,Night (0-5),15,250,500,Lane,old,mid,suv,medium,1,20y+,5y+,"(-0.001, 2000000.0]","(1197.974, 1257.2]","(8444.2, 9172.0]",0
399,55,IL,2000,995.56,0,MALE,JD,tech-support,not-in-family,0,-65400,Multi-vehicle Collision,Side Collision,Total Loss,Police,NY,3,YES,1,1,YES,88400,Nissan,Pathfinder,0,0,0,0,0.2,0.1,0,7969,2,5,1,1993,4,2,0,0,-0.2588190451025207,0.9659258262890684,Evening (18-23),5,500,1000,Ridge,mid,mid,suv,high,2,20y+,5y+,"(-0.001, 2000000.0]","(953.9, 1050.656]","(7554.4, 8444.2]",0
305,49,IL,2000,1347.92,0,FEMALE,High School,farming-fishing,own-child,0,-42100,Multi-vehicle Collision,Front Collision,Total Loss,Fire,NY,3,YES,0,2,Missing,66550,Volkswagen,Jetta,0,0,1,0,0.1818181818181818,0.0909090909090909,0,2004,2,1,0,2009,8,3,0,1,-0.7071067811865477,0.7071067811865474,Evening (18-23),12,100,300,Drive,old,mid,other,high,2,6y,5y+,"(-0.001, 2000000.0]","(1322.372, 1385.327]","(1984.8, 2909.4]",1
276,47,IN,1000,1724.09,0,MALE,PhD,craft-repair,own-child,0,0,Multi-vehicle Collision,Rear Collision,Minor Damage,Police,NY,3,YES,0,0,Missing,65780,Chevrolet,Tahoe,0,0,1,0,0.0909090909090909,0.1818181818181818,0,7878,1,0,0,1993,6,2,0,0,-0.2588190451025207,0.9659258262890684,Evening (18-23),1,100,300,Ridge,new,mid,suv,high,2,20y+,5y+,"(-0.001, 2000000.0]","(1564.724, 2047.59]","(7554.4, 8444.2]",0
257,40,IN,500,1379.93,0,MALE,MD,armed-forces,husband,0,0,Multi-vehicle Collision,Side Collision,Major Damage,Other,NY,3,Missing,0,2,YES,51810,Audi,A3,0,1,0,0,0.1818181818181818,0.0909090909090909,1,929,2,6,1,2012,7,3,1,1,1.0,6.123233995736766e-17,Morning (6-11),13,250,500,Ridge,old,premium,sedan,medium,1,3y,5y+,"(-0.001, 2000000.0]","(1322.372, 1385.327]","(908.2, 1984.8]",1
78,31,IN,1000,1554.64,4000000,MALE,PhD,protective-serv,own-child,0,-27900,Single Vehicle Collision,Front Collision,Major Damage,Other,WV,1,NO,1,0,NO,55660,Honda,CRV,0,0,0,0,0.0909090909090909,0.1818181818181818,1,5853,2,1,0,1999,1,1,0,1,-0.7071067811865477,0.7071067811865474,Evening (18-23),6,250,500,Ave,mid,mid,suv,medium,1,20y,5y+,"(2000000.0, 6000000.0]","(1454.674, 1564.724]","(5658.2, 6660.4]",0
129,28,OH,1000,1377.94,0,MALE,Masters,machine-op-inspct,not-in-family,0,0,Single Vehicle Collision,Side Collision,Major Damage,Fire,NY,1,Missing,2,3,Missing,44640,Toyota,Camry,0,1,1,0,0.2222222222222222,0.1111111111111111,0,9129,2,5,1,1990,2,1,0,0,-0.2588190451025207,0.9659258262890684,Evening (18-23),10,500,1000,Ridge,old,mid,sedan,medium,1,20y+,5y+,"(-0.001, 2000000.0]","(1322.372, 1385.327]","(8444.2, 9172.0]",1
283,46,IL,2000,1313.33,0,FEMALE,PhD,transport-moving,husband,53500,-73600,Multi-vehicle Collision,Front Collision,Major Damage,Ambulance,NY,3,Missing,1,3,NO,77660,Nissan,Maxima,0,1,0,0,0.0909090909090909,0.1818181818181818,1,5245,1,4,0,2000,8,3,0,0,0.7071067811865475,0.7071067811865476,Night (0-5),11,500,1000,Ave,old,mid,other,high,2,15y,5y+,"(-0.001, 2000000.0]","(1257.2, 1322.372]","(4682.0, 5658.2]",1
85,25,IN,500,1259.02,0,FEMALE,JD,tech-support,unmarried,67000,-53600,Parked Car,Missing,Trivial Damage,Missing,SC,1,NO,2,2,Missing,5640,Nissan,Ultima,1,0,1,1,0.1666666666666666,0.1666666666666666,0,2357,2,0,0,2008,9,3,1,1,0.8660254037844387,-0.4999999999999998,Morning (6-11),10,250,500,Ridge,old,mid,sedan,low,0,7y,5y+,"(-0.001, 2000000.0]","(1257.2, 1322.372]","(1984.8, 2909.4]",0
101,26,IL,1000,1371.88,0,FEMALE,MD,prof-specialty,husband,0,0,Parked Car,Missing,Trivial Damage,Missing,VA,1,Missing,2,2,Missing,3190,Suburu,Legacy,1,1,1,1,0.1818181818181818,0.1818181818181818,0,8587,2,2,0,1991,8,3,0,0,0.8660254037844386,0.5000000000000001,Night (0-5),20,500,1000,Hwy,old,mid,other,low,0,20y+,5y+,"(-0.001, 2000000.0]","(1322.372, 1385.327]","(8444.2, 9172.0]",1
96,30,OH,500,1399.27,6000000,MALE,College,prof-specialty,wife,38900,-48700,Single Vehicle Collision,Side Collision,Total Loss,Fire,NC,1,Missing,0,0,YES,53440,Ford,Escape,0,1,0,0,0.0,0.125,0,4900,2,1,0,2001,9,3,0,0,-0.5000000000000004,0.8660254037844384,Evening (18-23),11,100,300,Hwy,old,mid,other,medium,1,15y,5y+,"(2000000.0, 6000000.0]","(1385.327, 1454.674]","(4682.0, 5658.2]",1
121,31,IL,1000,1061.98,6000000,FEMALE,JD,armed-forces,unmarried,0,0,Single Vehicle Collision,Rear Collision,Minor Damage,Police,WV,1,NO,0,1,YES,65250,BMW,3 Series,0,0,0,0,0.1111111111111111,0.1111111111111111,0,2884,2,6,1,2007,3,1,1,1,-0.8660254037844384,-0.5000000000000004,Afternoon (12-17),13,500,1000,Lane,old,premium,other,high,2,8y,5y+,"(2000000.0, 6000000.0]","(1050.656, 1124.663]","(1984.8, 2909.4]",0
176,39,OH,500,1365.46,4000000,MALE,College,armed-forces,unmarried,0,-56600,Multi-vehicle Collision,Side Collision,Minor Damage,Fire,SC,3,NO,2,1,NO,44280,Chevrolet,Silverado,0,0,0,0,0.1111111111111111,0.1111111111111111,0,1538,2,3,0,2010,11,4,0,0,-0.5000000000000001,-0.8660254037844386,Afternoon (12-17),7,250,500,Lane,mid,mid,pickup,medium,1,5y,5y+,"(2000000.0, 6000000.0]","(1322.372, 1385.327]","(908.2, 1984.8]",1
159,37,IL,1000,894.4,0,MALE,Associate,tech-support,wife,0,-53700,Single Vehicle Collision,Rear Collision,Total Loss,Police,NY,1,YES,2,0,NO,70290,Dodge,RAM,0,0,0,0,0.1111111111111111,0.1111111111111111,0,5976,1,2,0,1998,8,3,0,0,-0.2588190451025203,-0.9659258262890684,Afternoon (12-17),16,500,1000,Hwy,old,mid,pickup,high,2,20y,5y+,"(-0.001, 2000000.0]","(433.329, 953.9]","(5658.2, 6660.4]",0
120,30,IN,500,956.69,0,FEMALE,Associate,priv-house-serv,husband,39600,-64300,Single Vehicle Collision,Front Collision,Minor Damage,Other,NY,1,Missing,1,1,YES,87100,Saab,92x,0,1,0,0,0.1,0.1,0,4588,2,4,0,2002,7,3,0,0,-0.8660254037844386,0.5000000000000001,Evening (18-23),15,250,500,St,old,low,other,high,2,15y,5y+,"(-0.001, 2000000.0]","(953.9, 1050.656]","(3830.6, 4682.0]",0
212,35,IN,2000,1123.89,0,MALE,MD,priv-house-serv,unmarried,35400,-49200,Multi-vehicle Collision,Front Collision,Total Loss,Fire,NY,3,Missing,1,3,Missing,50380,Suburu,Forrestor,0,1,1,0,0.0909090909090909,0.0909090909090909,0,9033,1,2,0,1990,4,2,0,1,0.0,1.0,Night (0-5),19,500,1000,St,old,mid,other,medium,1,20y+,5y+,"(-0.001, 2000000.0]","(1050.656, 1124.663]","(8444.2, 9172.0]",0
290,45,IL,500,1085.03,0,FEMALE,JD,sales,wife,0,-61000,Multi-vehicle Collision,Side Collision,Total Loss,Police,VA,3,YES,2,2,NO,64800,Audi,A3,0,0,0,0,0.2,0.1,1,6237,3,6,1,1998,2,1,0,0,-0.2588190451025207,0.9659258262890684,Evening (18-23),1,100,300,Ridge,new,premium,sedan,high,2,20y,5y+,"(-0.001, 2000000.0]","(1050.656, 1124.663]","(5658.2, 6660.4]",0
299,42,OH,2000,1437.33,0,FEMALE,Associate,craft-repair,wife,25000,0,Single Vehicle Collision,Rear Collision,Minor Damage,Other,SC,1,YES,1,3,NO,70400,BMW,3 Series,0,0,0,0,0.1818181818181818,0.1818181818181818,0,2410,2,1,0,2008,7,3,0,0,-0.2588190451025203,-0.9659258262890684,Afternoon (12-17),15,100,300,Drive,old,premium,other,high,2,7y,5y+,"(-0.001, 2000000.0]","(1385.327, 1454.674]","(1984.8, 2909.4]",0
66,26,IL,1000,988.29,0,MALE,College,armed-forces,own-child,0,0,Single Vehicle Collision,Rear Collision,Major Damage,Police,NY,1,Missing,2,2,YES,57860,Suburu,Impreza,0,1,0,0,0.0,0.1818181818181818,1,5925,2,0,0,1998,11,4,0,1,0.8660254037844387,-0.4999999999999998,Morning (6-11),7,250,500,Ave,mid,mid,other,medium,1,20y,5y+,"(-0.001, 2000000.0]","(953.9, 1050.656]","(5658.2, 6660.4]",0
334,47,IL,500,1238.89,0,MALE,Masters,protective-serv,other-relative,0,0,Vehicle Theft,Missing,Minor Damage,Missing,WV,1,Missing,0,3,NO,6240,Ford,Fusion,1,1,0,1,0.1538461538461538,0.1538461538461538,0,5000,1,5,1,2001,5,2,0,1,0.7071067811865475,0.7071067811865476,Night (0-5),4,500,1000,Hwy,mid,mid,other,low,0,15y,5y+,"(-0.001, 2000000.0]","(1197.974, 1257.2]","(4682.0, 5658.2]",0
216,38,IN,1000,1384.64,5000000,FEMALE,Associate,tech-support,unmarried,0,0,Single Vehicle Collision,Rear Collision,Total Loss,Police,VA,1,Missing,2,3,NO,66600,Jeep,Grand Cherokee,0,1,0,0,0.25,0.1666666666666666,1,220,1,4,0,2014,6,2,0,0,-0.8660254037844384,-0.5000000000000004,Afternoon (12-17),3,100,300,Ave,new,mid,other,high,2,1y,5y+,"(2000000.0, 6000000.0]","(1322.372, 1385.327]","(-0.001, 908.2]",1
86,28,IN,2000,1595.07,0,MALE,PhD,transport-moving,unmarried,75800,0,Single Vehicle Collision,Side Collision,Minor Damage,Police,VA,1,YES,0,2,YES,70920,Jeep,Wrangler,0,0,0,0,0.1666666666666666,0.1666666666666666,0,8586,2,0,0,1991,8,3,0,0,-0.9659258262890684,0.2588190451025203,Evening (18-23),13,100,300,Hwy,old,mid,other,high,2,20y+,5y+,"(-0.001, 2000000.0]","(1564.724, 2047.59]","(8444.2, 9172.0]",0
429,56,OH,1000,1127.89,6000000,MALE,Associate,machine-op-inspct,own-child,67400,-43800,Single Vehicle Collision,Rear Collision,Minor Damage,Ambulance,WV,1,YES,2,0,YES,39480,Suburu,Forrestor,0,0,0,0,0.1666666666666666,0.1666666666666666,0,5891,1,2,0,1998,12,4,0,0,0.0,1.0,Night (0-5),13,250,500,Ridge,old,mid,other,medium,1,20y,5y+,"(2000000.0, 6000000.0]","(1124.663, 1197.974]","(5658.2, 6660.4]",0
257,43,IN,2000,929.7,6000000,FEMALE,PhD,handlers-cleaners,husband,46400,-74300,Single Vehicle Collision,Front Collision,Total Loss,Other,VA,1,Missing,2,2,YES,63240,Mercedes,E400,0,1,0,0,0.1666666666666666,0.0833333333333333,0,5809,1,2,0,1999,2,1,0,0,1.2246467991473532e-16,-1.0,Afternoon (12-17),10,500,1000,St,old,premium,other,high,2,20y,5y+,"(2000000.0, 6000000.0]","(433.329, 953.9]","(5658.2, 6660.4]",0
15,34,IL,1000,1829.63,0,MALE,JD,tech-support,not-in-family,56700,0,Multi-vehicle Collision,Side Collision,Total Loss,Other,SC,3,YES,1,0,Missing,67650,Audi,A5,0,0,1,0,0.1818181818181818,0.0909090909090909,0,6305,2,1,0,1997,10,4,0,1,-0.7071067811865477,0.7071067811865474,Evening (18-23),6,100,300,St,mid,premium,sedan,high,2,20y,1–2y,"(-0.001, 2000000.0]","(1564.724, 2047.59]","(5658.2, 6660.4]",0
230,39,IL,1000,904.7,7000000,FEMALE,MD,craft-repair,unmarried,68600,-22300,Single Vehicle Collision,Front Collision,Major Damage,Fire,SC,1,Missing,1,3,NO,74200,Accura,TL,0,1,0,0,0.2,0.2,1,5559,2,1,0,1999,11,4,0,1,0.0,1.0,Night (0-5),13,100,300,Lane,old,mid,other,high,2,20y,5y+,"(6000000.0, 10000000.0]","(433.329, 953.9]","(4682.0, 5658.2]",0
250,43,OH,1000,1243.84,0,FEMALE,JD,tech-support,own-child,47900,-73400,Single Vehicle Collision,Side Collision,Minor Damage,Other,VA,1,YES,1,3,NO,64900,Volkswagen,Jetta,0,0,0,0,0.2,0.2,0,572,1,4,0,2013,7,3,0,1,-0.5000000000000004,0.8660254037844384,Evening (18-23),4,500,1000,Ave,mid,mid,other,high,2,2y,5y+,"(-0.001, 2000000.0]","(1197.974, 1257.2]","(-0.001, 908.2]",0
270,44,IL,2000,1030.95,0,FEMALE,Associate,machine-op-inspct,other-relative,47200,0,Multi-vehicle Collision,Rear Collision,Major Damage,Ambulance,NC,3,Missing,1,0,NO,35900,Audi,A3,0,1,0,0,0.2,0.1,1,4231,2,1,0,2003,7,3,0,1,-0.8660254037844386,0.5000000000000001,Evening (18-23),8,500,1000,Lane,old,premium,sedan,medium,1,12y,5y+,"(-0.001, 2000000.0]","(953.9, 1050.656]","(3830.6, 4682.0]",0
65,26,IN,500,1285.03,3000000,FEMALE,High School,craft-repair,unmarried,0,-41500,Single Vehicle Collision,Rear Collision,Minor Damage,Fire,VA,1,NO,1,3,Missing,52200,Honda,CRV,0,0,1,0,0.1,0.2,0,3422,2,1,0,2005,9,3,0,1,0.0,1.0,Night (0-5),4,100,300,Ave,mid,mid,suv,medium,1,10y,5y+,"(2000000.0, 6000000.0]","(1257.2, 1322.372]","(2909.4, 3830.6]",0
475,57,OH,500,1216.56,0,MALE,Masters,adm-clerical,own-child,67400,-83200,Single Vehicle Collision,Front Collision,Minor Damage,Police,SC,1,Missing,0,2,NO,78000,Suburu,Forrestor,0,1,0,0,0.0833333333333333,0.1666666666666666,0,7287,1,5,1,1995,2,1,0,1,-0.8660254037844386,0.5000000000000001,Evening (18-23),15,100,300,Hwy,old,mid,other,high,2,20y,5y+,"(-0.001, 2000000.0]","(1197.974, 1257.2]","(6660.4, 7554.4]",0
77,27,IN,2000,966.26,0,FEMALE,High School,adm-clerical,own-child,56400,-32800,Multi-vehicle Collision,Front Collision,Minor Damage,Ambulance,NY,3,YES,0,0,Missing,67200,Volkswagen,Passat,0,0,1,0,0.1,0.1,0,5784,2,4,0,1999,4,2,0,0,0.2588190451025207,0.9659258262890684,Night (0-5),20,500,1000,Ridge,old,mid,other,high,2,20y,5y+,"(-0.001, 2000000.0]","(953.9, 1050.656]","(5658.2, 6660.4]",0
256,43,OH,500,1203.17,0,FEMALE,MD,prof-specialty,unmarried,56700,-65600,Single Vehicle Collision,Rear Collision,Total Loss,Fire,WV,1,NO,0,0,Missing,63250,Nissan,Ultima,0,0,1,0,0.1818181818181818,0.0909090909090909,0,55,2,4,0,2014,12,4,0,0,0.258819045102521,-0.9659258262890682,Morning (6-11),18,100,300,Drive,old,mid,sedan,high,2,0–6mo,5y+,"(-0.001, 2000000.0]","(1197.974, 1257.2]","(-0.001, 908.2]",0
229,37,IL,2000,1212.12,0,FEMALE,MD,craft-repair,not-in-family,65600,0,Multi-vehicle Collision,Side Collision,Major Damage,Other,WV,3,YES,1,1,YES,68760,Ford,Fusion,0,0,0,0,0.1666666666666666,0.0833333333333333,0,6451,1,3,0,1997,6,2,0,0,-0.5000000000000001,-0.8660254037844386,Afternoon (12-17),20,250,500,Ridge,old,mid,other,high,2,20y,5y+,"(-0.001, 2000000.0]","(1197.974, 1257.2]","(5658.2, 6660.4]",0
110,28,OH,1000,1573.93,0,MALE,College,other-service,other-relative,30400,0,Multi-vehicle Collision,Side Collision,Minor Damage,Police,NY,3,YES,0,2,Missing,65040,Suburu,Impreza,0,0,1,0,0.1666666666666666,0.1666666666666666,0,543,1,2,0,2013,7,3,0,0,-0.8660254037844386,0.5000000000000001,Evening (18-23),5,250,500,St,mid,mid,other,high,2,2y,5y+,"(-0.001, 2000000.0]","(1564.724, 2047.59]","(-0.001, 908.2]",0
177,33,IL,1000,1609.67,0,MALE,College,adm-clerical,wife,0,-13200,Single Vehicle Collision,Side Collision,Major Damage,Ambulance,SC,1,Missing,1,3,Missing,82800,Jeep,Grand Cherokee,0,1,1,0,0.25,0.1666666666666666,1,4404,1,1,0,2002,12,4,0,1,-0.5000000000000004,0.8660254037844384,Evening (18-23),11,100,300,Drive,old,mid,other,high,2,15y,5y+,"(-0.001, 2000000.0]","(1564.724, 2047.59]","(3830.6, 4682.0]",0
292,44,OH,500,1097.57,0,MALE,PhD,priv-house-serv,unmarried,0,0,Single Vehicle Collision,Side Collision,Total Loss,Other,SC,1,NO,1,0,YES,61700,Saab,93,0,0,0,0,0.1,0.1,0,6574,2,5,1,1997,2,1,0,0,1.2246467991473532e-16,-1.0,Afternoon (12-17),10,500,1000,St,old,low,other,high,2,20y,5y+,"(-0.001, 2000000.0]","(1050.656, 1124.663]","(5658.2, 6660.4]",0
451,61,IN,2000,1618.65,2000000,FEMALE,Associate,transport-moving,unmarried,0,-42600,Multi-vehicle Collision,Rear Collision,Major Damage,Ambulance,OH,3,YES,2,1,YES,78100,Chevrolet,Tahoe,0,0,0,0,0.2,0.1,1,6075,2,2,0,1998,6,2,0,0,0.7071067811865475,0.7071067811865476,Night (0-5),18,250,500,Lane,old,mid,suv,high,2,20y,5y+,"(-0.001, 2000000.0]","(1564.724, 2047.59]","(5658.2, 6660.4]",0
61,24,IN,500,922.67,0,FEMALE,College,priv-house-serv,other-relative,47400,0,Multi-vehicle Collision,Rear Collision,Major Damage,Ambulance,SC,3,YES,2,1,Missing,65520,Toyota,Highlander,0,0,1,0,0.1428571428571428,0.1428571428571428,1,6913,1,0,0,1996,2,1,0,0,-0.7071067811865475,-0.7071067811865477,Afternoon (12-17),4,100,300,Lane,mid,mid,suv,high,2,20y,5y+,"(-0.001, 2000000.0]","(433.329, 953.9]","(6660.4, 7554.4]",0
150,30,IN,1000,1342.02,0,MALE,MD,prof-specialty,own-child,0,0,Parked Car,Missing,Trivial Damage,Missing,VA,1,YES,0,2,NO,4500,Saab,93,1,0,0,1,0.1,0.1,0,3755,2,5,1,2004,11,4,0,0,0.8660254037844387,-0.4999999999999998,Morning (6-11),16,100,300,St,old,low,other,low,0,12y,5y+,"(-0.001, 2000000.0]","(1322.372, 1385.327]","(2909.4, 3830.6]",1
283,41,OH,500,1195.01,0,FEMALE,Associate,sales,own-child,60700,-54300,Multi-vehicle Collision,Side Collision,Major Damage,Other,WV,3,NO,0,2,Missing,42700,Mercedes,ML350,0,0,1,0,0.0,0.1428571428571428,1,805,1,3,0,2012,10,4,0,0,-0.2588190451025203,-0.9659258262890684,Afternoon (12-17),4,100,300,Lane,mid,premium,other,medium,1,3y,5y+,"(-0.001, 2000000.0]","(1124.663, 1197.974]","(-0.001, 908.2]",0
291,46,OH,1000,994.74,0,FEMALE,High School,adm-clerical,own-child,0,-55300,Parked Car,Missing,Minor Damage,Police,SC,1,NO,2,2,YES,5580,Volkswagen,Passat,1,0,0,0,0.1111111111111111,0.1111111111111111,1,3209,1,6,1,2006,4,2,0,0,0.8660254037844387,-0.4999999999999998,Morning (6-11),10,500,1000,Lane,old,mid,other,low,0,9y,5y+,"(-0.001, 2000000.0]","(953.9, 1050.656]","(2909.4, 3830.6]",0
162,31,IN,1000,1050.24,0,FEMALE,Masters,adm-clerical,wife,30700,0,Parked Car,Missing,Minor Damage,Missing,NC,1,Missing,0,0,NO,3600,BMW,X5,1,1,0,1,0.1,0.2,1,3292,2,3,0,2006,2,1,0,0,0.9659258262890684,-0.2588190451025208,Morning (6-11),2,100,300,Ridge,new,premium,suv,low,0,10y,5y+,"(-0.001, 2000000.0]","(953.9, 1050.656]","(2909.4, 3830.6]",0
154,36,IL,2000,1313.51,7000000,FEMALE,Masters,exec-managerial,own-child,68500,0,Vehicle Theft,Missing,Trivial Damage,Missing,SC,1,Missing,2,0,Missing,2800,Volkswagen,Passat,1,1,1,1,0.1,0.1,0,4066,2,1,0,2003,12,4,0,1,0.7071067811865476,-0.7071067811865475,Morning (6-11),0,250,500,Ridge,new,mid,other,low,0,12y,5y+,"(6000000.0, 10000000.0]","(1257.2, 1322.372]","(3830.6, 4682.0]",1
289,47,OH,2000,1102.29,0,FEMALE,Associate,adm-clerical,own-child,73000,-37900,Single Vehicle Collision,Front Collision,Minor Damage,Ambulance,VA,1,NO,1,0,YES,54000,Toyota,Highlander,0,0,0,0,0.1111111111111111,0.1111111111111111,0,5663,1,5,1,1999,7,3,0,1,-0.7071067811865475,-0.7071067811865477,Afternoon (12-17),19,500,1000,Drive,old,mid,suv,medium,1,20y,5y+,"(-0.001, 2000000.0]","(1050.656, 1124.663]","(5658.2, 6660.4]",0
10,19,IN,1000,1185.78,0,FEMALE,JD,craft-repair,wife,0,-60700,Single Vehicle Collision,Side Collision,Minor Damage,Police,NC,1,Missing,0,2,Missing,48950,Accura,TL,0,1,1,0,0.0909090909090909,0.1818181818181818,1,180,2,6,1,2014,8,3,1,1,0.9659258262890684,0.2588190451025207,Night (0-5),4,250,500,Drive,mid,mid,other,medium,1,0–6mo,6–12mo,"(-0.001, 2000000.0]","(1124.663, 1197.974]","(-0.001, 908.2]",0
309,47,IL,500,1527.95,0,MALE,PhD,exec-managerial,other-relative,69400,0,Multi-vehicle Collision,Rear Collision,Major Damage,Other,WV,4,YES,0,1,Missing,77800,Dodge,RAM,0,0,1,0,0.2,0.2,0,1357,2,5,1,2011,6,2,0,0,-0.7071067811865475,-0.7071067811865477,Afternoon (12-17),13,500,1000,Ridge,old,mid,pickup,high,2,4y,5y+,"(-0.001, 2000000.0]","(1454.674, 1564.724]","(908.2, 1984.8]",0
396,57,IN,1000,1366.39,0,MALE,High School,protective-serv,other-relative,0,-22400,Multi-vehicle Collision,Front Collision,Major Damage,Other,NC,3,YES,2,1,NO,52560,Saab,93,0,0,0,0,0.2222222222222222,0.1111111111111111,0,8146,1,4,0,1992,10,4,0,1,-0.5000000000000004,0.8660254037844384,Evening (18-23),20,100,300,St,old,low,other,medium,1,20y+,5y+,"(-0.001, 2000000.0]","(1322.372, 1385.327]","(7554.4, 8444.2]",1
273,41,OH,1000,1403.9,0,FEMALE,PhD,farming-fishing,own-child,0,0,Multi-vehicle Collision,Side Collision,Total Loss,Police,VA,2,Missing,1,2,YES,44110,Honda,Accord,0,1,0,0,0.0909090909090909,0.1818181818181818,0,1809,1,5,1,2010,2,1,0,1,-0.8660254037844384,-0.5000000000000004,Afternoon (12-17),0,500,1000,Ave,new,mid,other,medium,1,5y,5y+,"(-0.001, 2000000.0]","(1385.327, 1454.674]","(908.2, 1984.8]",0
129,30,IL,2000,927.23,0,FEMALE,PhD,sales,husband,51500,0,Single Vehicle Collision,Front Collision,Total Loss,Other,SC,1,NO,1,3,Missing,74360,Suburu,Forrestor,0,0,1,0,0.1818181818181818,0.0909090909090909,0,2809,1,1,0,2007,5,2,0,0,0.9659258262890684,-0.2588190451025208,Morning (6-11),6,500,1000,Ridge,mid,mid,other,high,2,8y,5y+,"(-0.001, 2000000.0]","(433.329, 953.9]","(1984.8, 2909.4]",0
140,31,OH,2000,1554.86,6000000,FEMALE,JD,armed-forces,wife,59000,0,Parked Car,Missing,Minor Damage,Missing,WV,1,YES,1,2,Missing,6120,Honda,Civic,1,0,1,1,0.1111111111111111,0.1111111111111111,1,6500,2,0,0,1997,5,2,1,1,0.4999999999999999,0.8660254037844387,Night (0-5),13,250,500,Ave,old,mid,other,low,0,20y,5y+,"(2000000.0, 6000000.0]","(1454.674, 1564.724]","(5658.2, 6660.4]",0
419,53,IL,2000,736.07,6000000,MALE,College,transport-moving,unmarried,45700,0,Multi-vehicle Collision,Side Collision,Minor Damage,Police,SC,4,Missing,0,0,YES,62280,Suburu,Forrestor,0,1,0,0,0.0833333333333333,0.1666666666666666,0,6216,2,2,0,1998,1,1,0,0,-0.9659258262890684,-0.2588190451025206,Afternoon (12-17),3,500,1000,Hwy,new,mid,other,high,2,20y,5y+,"(2000000.0, 6000000.0]","(433.329, 953.9]","(5658.2, 6660.4]",0
315,44,IL,1000,974.16,6000000,FEMALE,Masters,sales,other-relative,0,-56800,Multi-vehicle Collision,Front Collision,Total Loss,Other,NY,3,Missing,1,0,YES,26730,Volkswagen,Jetta,0,1,0,0,0.1818181818181818,0.1818181818181818,0,7948,2,5,1,1993,5,2,0,0,1.2246467991473532e-16,-1.0,Afternoon (12-17),9,250,500,Ridge,old,mid,other,low,0,20y+,5y+,"(2000000.0, 6000000.0]","(953.9, 1050.656]","(7554.4, 8444.2]",0
72,29,OH,500,973.8,0,FEMALE,Associate,craft-repair,own-child,0,-85900,Single Vehicle Collision,Rear Collision,Major Damage,Ambulance,WV,1,Missing,1,0,NO,66200,Dodge,Neon,0,1,0,0,0.1,0.1,0,7468,1,4,0,1994,8,3,0,0,0.7071067811865476,-0.7071067811865475,Morning (6-11),2,500,1000,Lane,new,mid,other,high,2,20y+,5y+,"(-0.001, 2000000.0]","(953.9, 1050.656]","(6660.4, 7554.4]",0
32,26,OH,2000,1260.32,6000000,MALE,JD,other-service,not-in-family,0,-79800,Single Vehicle Collision,Side Collision,Total Loss,Fire,VA,1,Missing,1,2,Missing,45500,Toyota,Corolla,0,1,1,0,0.2,0.1,0,106,2,5,1,2014,11,4,0,0,-0.8660254037844384,-0.5000000000000004,Afternoon (12-17),6,100,300,Drive,mid,mid,sedan,medium,1,0–6mo,2–3y,"(2000000.0, 6000000.0]","(1257.2, 1322.372]","(-0.001, 908.2]",0
230,41,IN,1000,1464.03,0,MALE,JD,transport-moving,own-child,0,0,Multi-vehicle Collision,Side Collision,Minor Damage,Ambulance,NY,3,Missing,2,0,Missing,53040,Audi,A3,0,1,1,0,0.0833333333333333,0.0833333333333333,0,8457,2,6,1,1991,12,4,0,0,-0.9659258262890684,0.2588190451025203,Evening (18-23),9,100,300,St,old,premium,sedan,medium,1,20y+,5y+,"(-0.001, 2000000.0]","(1454.674, 1564.724]","(8444.2, 9172.0]",0
157,32,OH,2000,617.11,0,MALE,College,other-service,other-relative,0,-54100,Multi-vehicle Collision,Front Collision,Major Damage,Other,VA,3,Missing,1,2,NO,50800,Mercedes,E400,0,1,0,0,0.2,0.1,1,1899,1,4,0,2009,10,4,0,1,-0.5000000000000001,-0.8660254037844386,Afternoon (12-17),2,100,300,St,new,premium,other,medium,1,6y,5y+,"(-0.001, 2000000.0]","(433.329, 953.9]","(908.2, 1984.8]",0
265,41,IN,2000,1724.46,6000000,FEMALE,Associate,craft-repair,own-child,81800,0,Multi-vehicle Collision,Side Collision,Total Loss,Police,SC,3,Missing,1,3,Missing,44200,Audi,A5,0,1,1,0,0.1,0.1,0,6315,1,1,0,1997,9,3,0,0,-1.0,-1.8369701987210294e-16,Evening (18-23),1,250,500,Ave,new,premium,sedan,medium,1,20y,5y+,"(2000000.0, 6000000.0]","(1564.724, 2047.59]","(5658.2, 6660.4]",0
47,34,IL,500,1161.31,0,FEMALE,PhD,exec-managerial,other-relative,64800,-24300,Single Vehicle Collision,Front Collision,Minor Damage,Police,SC,1,YES,1,3,Missing,62920,Chevrolet,Malibu,0,0,1,0,0.1818181818181818,0.0909090909090909,0,4025,1,2,0,2003,12,4,0,0,-0.2588190451025207,0.9659258262890684,Evening (18-23),3,500,1000,Ave,new,mid,sedan,high,2,12y,3–5y,"(-0.001, 2000000.0]","(1124.663, 1197.974]","(3830.6, 4682.0]",0
113,29,OH,2000,1091.73,0,MALE,PhD,exec-managerial,not-in-family,36100,-42300,Multi-vehicle Collision,Rear Collision,Minor Damage,Other,NY,3,Missing,0,2,YES,49950,Nissan,Ultima,0,1,0,0,0.1111111111111111,0.1111111111111111,1,2561,1,0,0,2008,1,1,0,0,-0.7071067811865475,-0.7071067811865477,Afternoon (12-17),11,250,500,Drive,old,mid,sedan,medium,1,8y,5y+,"(-0.001, 2000000.0]","(1050.656, 1124.663]","(1984.8, 2909.4]",0
289,46,IL,2000,1209.07,0,MALE,JD,armed-forces,unmarried,0,0,Single Vehicle Collision,Rear Collision,Minor Damage,Ambulance,NC,1,YES,0,1,YES,56430,BMW,3 Series,0,0,0,0,0.1111111111111111,0.1111111111111111,1,3925,2,5,1,2004,5,2,0,0,-1.0,-1.8369701987210294e-16,Evening (18-23),20,250,500,Ave,old,premium,other,medium,1,12y,5y+,"(-0.001, 2000000.0]","(1197.974, 1257.2]","(3830.6, 4682.0]",0
254,41,IL,2000,1241.04,0,FEMALE,Masters,protective-serv,own-child,0,0,Single Vehicle Collision,Front Collision,Minor Damage,Police,NY,1,NO,2,2,YES,100210,Audi,A5,0,0,0,0,0.1818181818181818,0.1818181818181818,0,382,1,6,1,2013,12,4,0,0,-0.8660254037844384,-0.5000000000000004,Afternoon (12-17),1,250,500,Ave,new,premium,sedan,high,2,2y,5y+,"(-0.001, 2000000.0]","(1197.974, 1257.2]","(-0.001, 908.2]",0
115,30,OH,500,1757.21,0,MALE,High School,prof-specialty,wife,46400,0,Multi-vehicle Collision,Front Collision,Minor Damage,Fire,NY,3,NO,1,0,YES,49140,Ford,F150,0,0,0,0,0.1111111111111111,0.1111111111111111,0,5275,2,0,0,2000,8,3,0,1,1.2246467991473532e-16,-1.0,Afternoon (12-17),8,500,1000,St,old,mid,pickup,medium,1,15y,5y+,"(-0.001, 2000000.0]","(1564.724, 2047.59]","(4682.0, 5658.2]",0
236,38,OH,1000,802.24,0,FEMALE,College,other-service,not-in-family,0,-62500,Single Vehicle Collision,Side Collision,Major Damage,Ambulance,WV,1,NO,0,1,Missing,66840,Mercedes,E400,0,0,1,0,0.25,0.0833333333333333,0,8167,2,0,0,1992,10,4,0,0,-0.8660254037844384,-0.5000000000000004,Afternoon (12-17),1,250,500,Lane,new,premium,other,high,2,20y+,5y+,"(-0.001, 2000000.0]","(433.329, 953.9]","(7554.4, 8444.2]",0
7,21,IN,1000,1342.72,0,MALE,Associate,machine-op-inspct,wife,0,-45300,Single Vehicle Collision,Front Collision,Total Loss,Other,NY,1,Missing,1,2,Missing,62460,Honda,Accord,0,1,1,0,0.1111111111111111,0.1111111111111111,0,8487,2,1,0,1991,11,4,0,0,-0.7071067811865477,0.7071067811865474,Evening (18-23),12,500,1000,Drive,old,mid,other,high,2,20y+,6–12mo,"(-0.001, 2000000.0]","(1322.372, 1385.327]","(8444.2, 9172.0]",1
208,36,OH,2000,1209.41,5000000,MALE,JD,machine-op-inspct,wife,0,0,Multi-vehicle Collision,Side Collision,Total Loss,Other,NY,3,YES,0,1,Missing,62810,Nissan,Ultima,0,0,1,0,0.1818181818181818,0.1818181818181818,0,7071,2,0,0,1995,10,4,1,1,-0.7071067811865475,-0.7071067811865477,Afternoon (12-17),16,100,300,Ridge,old,mid,sedan,high,2,20y,5y+,"(2000000.0, 6000000.0]","(1197.974, 1257.2]","(6660.4, 7554.4]",0
126,33,OH,1000,1141.71,2000000,FEMALE,JD,priv-house-serv,own-child,36700,-73400,Single Vehicle Collision,Front Collision,Major Damage,Ambulance,WV,1,YES,1,2,Missing,54160,Suburu,Legacy,0,0,1,0,0.125,0.125,0,2625,1,6,1,2007,10,4,0,0,-0.7071067811865477,0.7071067811865474,Evening (18-23),6,500,1000,St,mid,mid,other,medium,1,8y,5y+,"(-0.001, 2000000.0]","(1124.663, 1197.974]","(1984.8, 2909.4]",0
48,35,IL,500,1090.03,0,FEMALE,JD,exec-managerial,unmarried,0,-51000,Single Vehicle Collision,Rear Collision,Major Damage,Ambulance,WV,1,YES,0,2,NO,48400,Saab,92x,0,0,0,0,0.2,0.1,0,2450,1,4,0,2008,5,2,0,1,0.2588190451025207,0.9659258262890684,Night (0-5),10,100,300,Ave,old,low,other,medium,1,7y,3–5y,"(-0.001, 2000000.0]","(1050.656, 1124.663]","(1984.8, 2909.4]",0
297,48,IN,1000,1464.73,3000000,MALE,PhD,exec-managerial,other-relative,54900,-36700,Multi-vehicle Collision,Side Collision,Total Loss,Fire,NY,3,Missing,0,0,NO,51480,Toyota,Highlander,0,1,0,0,0.1111111111111111,0.1111111111111111,0,2043,1,6,1,2009,6,2,0,0,-0.9659258262890684,-0.2588190451025206,Afternoon (12-17),2,250,500,St,new,mid,suv,medium,1,6y,5y+,"(2000000.0, 6000000.0]","(1454.674, 1564.724]","(1984.8, 2909.4]",0
160,36,OH,1000,1118.58,0,FEMALE,High School,prof-specialty,husband,0,-36600,Multi-vehicle Collision,Rear Collision,Total Loss,Fire,NY,3,NO,2,1,NO,51700,Saab,95,0,0,0,0,0.1,0.2,0,987,1,3,0,2012,5,2,0,0,0.9659258262890684,0.2588190451025207,Night (0-5),12,100,300,Hwy,old,low,other,medium,1,3y,5y+,"(-0.001, 2000000.0]","(1050.656, 1124.663]","(908.2, 1984.8]",0
406,58,OH,2000,1117.04,0,MALE,MD,exec-managerial,own-child,0,-42700,Multi-vehicle Collision,Front Collision,Total Loss,Other,WV,3,Missing,1,2,Missing,65520,Volkswagen,Jetta,0,1,1,0,0.1666666666666666,0.0833333333333333,0,4109,1,3,0,2003,10,4,1,1,-0.7071067811865475,-0.7071067811865477,Afternoon (12-17),6,250,500,Ridge,mid,mid,other,high,2,12y,5y+,"(-0.001, 2000000.0]","(1050.656, 1124.663]","(3830.6, 4682.0]",0
157,31,IN,500,1257.83,7000000,MALE,High School,farming-fishing,own-child,40700,-41600,Multi-vehicle Collision,Rear Collision,Major Damage,Other,OH,4,NO,2,2,NO,47700,Accura,TL,0,0,0,0,0.1,0.2,1,8962,2,5,1,1990,8,3,1,1,0.4999999999999999,0.8660254037844387,Night (0-5),4,500,1000,Hwy,mid,mid,other,medium,1,20y+,5y+,"(6000000.0, 10000000.0]","(1257.2, 1322.372]","(8444.2, 9172.0]",0
146,31,OH,2000,1082.72,0,FEMALE,PhD,machine-op-inspct,not-in-family,61400,-57500,Vehicle Theft,Missing,Minor Damage,Missing,SC,1,YES,2,0,NO,5220,Accura,MDX,1,0,0,1,0.1111111111111111,0.1111111111111111,0,6330,1,3,0,1997,9,3,0,0,0.7071067811865475,0.7071067811865476,Night (0-5),0,250,500,Ave,new,mid,other,low,0,20y,5y+,"(-0.001, 2000000.0]","(1050.656, 1124.663]","(5658.2, 6660.4]",0
409,57,IN,1000,1191.8,6000000,MALE,High School,protective-serv,unmarried,55600,0,Single Vehicle Collision,Side Collision,Major Damage,Other,NY,1,NO,1,0,Missing,73320,Ford,Fusion,0,0,1,0,0.0833333333333333,0.1666666666666666,0,7101,1,1,0,1995,7,3,0,0,-0.9659258262890684,0.2588190451025203,Evening (18-23),3,100,300,Ave,new,mid,other,high,2,20y,5y+,"(2000000.0, 6000000.0]","(1124.663, 1197.974]","(6660.4, 7554.4]",0
252,46,IN,1000,1242.02,0,MALE,Masters,adm-clerical,wife,0,-28800,Single Vehicle Collision,Front Collision,Minor Damage,Fire,VA,1,YES,0,2,YES,74900,Jeep,Grand Cherokee,0,0,0,0,0.2,0.1,0,3442,2,6,1,2005,9,3,0,0,-0.9659258262890684,-0.2588190451025206,Afternoon (12-17),12,100,300,St,old,mid,other,high,2,10y,5y+,"(-0.001, 2000000.0]","(1197.974, 1257.2]","(2909.4, 3830.6]",0
6,27,OH,500,1075.71,0,FEMALE,High School,prof-specialty,unmarried,0,-47400,Vehicle Theft,Missing,Trivial Damage,Police,WV,1,Missing,0,1,YES,3190,Saab,95,1,1,0,0,0.1818181818181818,0.0909090909090909,0,8231,2,1,0,1992,8,3,0,1,0.9659258262890684,-0.2588190451025208,Morning (6-11),0,250,500,Drive,new,low,other,low,0,20y+,0–6mo,"(-0.001, 2000000.0]","(1050.656, 1124.663]","(7554.4, 8444.2]",0
103,33,IN,1000,969.88,6000000,MALE,MD,armed-forces,own-child,0,0,Single Vehicle Collision,Rear Collision,Minor Damage,Ambulance,NY,1,NO,1,0,YES,76920,Chevrolet,Malibu,0,0,0,0,0.1666666666666666,0.0833333333333333,0,8034,1,2,0,1993,1,1,0,1,-0.7071067811865477,0.7071067811865474,Evening (18-23),13,100,300,Drive,old,mid,sedan,high,2,20y+,5y+,"(2000000.0, 6000000.0]","(953.9, 1050.656]","(7554.4, 8444.2]",0
369,53,OH,2000,1459.93,0,FEMALE,Masters,priv-house-serv,not-in-family,0,0,Multi-vehicle Collision,Front Collision,Total Loss,Police,WV,2,YES,1,3,NO,77990,Jeep,Wrangler,0,0,0,0,0.0909090909090909,0.1818181818181818,0,7205,2,0,0,1995,5,2,0,0,0.4999999999999999,-0.8660254037844387,Morning (6-11),3,250,500,Lane,new,mid,other,high,2,20y,5y+,"(-0.001, 2000000.0]","(1454.674, 1564.724]","(6660.4, 7554.4]",0
261,46,IL,1000,1245.61,0,MALE,MD,transport-moving,own-child,0,0,Single Vehicle Collision,Front Collision,Total Loss,Fire,NY,1,YES,1,0,Missing,59670,Ford,Escape,0,0,1,0,0.1538461538461538,0.1538461538461538,0,8176,2,3,0,1992,9,3,0,1,0.258819045102521,-0.9659258262890682,Morning (6-11),7,500,1000,Ave,mid,mid,other,high,2,20y+,5y+,"(-0.001, 2000000.0]","(1197.974, 1257.2]","(7554.4, 8444.2]",0
159,33,IN,2000,1462.76,0,FEMALE,College,craft-repair,husband,69200,-36900,Multi-vehicle Collision,Rear Collision,Major Damage,Ambulance,NY,3,YES,2,0,NO,44880,Mercedes,C300,0,0,0,0,0.1818181818181818,0.0909090909090909,1,2776,2,1,0,2007,7,3,0,0,-0.2588190451025207,0.9659258262890684,Evening (18-23),11,100,300,Drive,old,premium,sedan,medium,1,8y,5y+,"(-0.001, 2000000.0]","(1454.674, 1564.724]","(1984.8, 2909.4]",0
344,51,IN,2000,1398.46,0,MALE,Associate,sales,other-relative,0,0,Single Vehicle Collision,Side Collision,Minor Damage,Ambulance,NC,1,Missing,0,2,NO,82830,Audi,A5,0,1,0,0,0.0909090909090909,0.1818181818181818,0,8315,2,0,0,1992,4,2,0,1,-0.5000000000000001,-0.8660254037844386,Afternoon (12-17),11,100,300,Ave,old,premium,sedan,high,2,20y+,5y+,"(-0.001, 2000000.0]","(1385.327, 1454.674]","(7554.4, 8444.2]",1
437,60,OH,1000,1269.64,0,FEMALE,College,armed-forces,unmarried,48800,0,Single Vehicle Collision,Front Collision,Minor Damage,Other,SC,1,NO,1,3,NO,84480,Chevrolet,Silverado,0,0,0,0,0.0909090909090909,0.1818181818181818,1,6235,2,5,1,1998,1,1,1,1,0.4999999999999999,-0.8660254037844387,Morning (6-11),3,500,1000,Lane,new,mid,pickup,high,2,20y,5y+,"(-0.001, 2000000.0]","(1257.2, 1322.372]","(5658.2, 6660.4]",0
65,30,IN,500,1455.65,4000000,FEMALE,College,transport-moving,wife,0,-66300,Multi-vehicle Collision,Side Collision,Total Loss,Fire,WV,3,Missing,2,3,NO,79800,Honda,Civic,0,1,0,0,0.2,0.1,0,1986,2,6,1,2009,9,3,0,1,1.0,6.123233995736766e-17,Morning (6-11),16,100,300,Lane,old,mid,other,high,2,6y,5y+,"(2000000.0, 6000000.0]","(1454.674, 1564.724]","(1984.8, 2909.4]",0
280,41,OH,2000,1140.31,0,MALE,MD,adm-clerical,husband,29300,-64700,Multi-vehicle Collision,Rear Collision,Minor Damage,Police,WV,3,Missing,0,3,YES,53020,Toyota,Corolla,0,1,0,0,0.1818181818181818,0.1818181818181818,0,7377,2,5,1,1994,12,4,0,0,0.4999999999999999,-0.8660254037844387,Morning (6-11),16,500,1000,Ave,old,mid,sedan,medium,1,20y+,5y+,"(-0.001, 2000000.0]","(1124.663, 1197.974]","(6660.4, 7554.4]",0
269,45,IN,500,1330.46,0,FEMALE,High School,machine-op-inspct,wife,54800,-64100,Multi-vehicle Collision,Side Collision,Total Loss,Police,VA,3,Missing,0,0,NO,24200,Suburu,Forrestor,0,1,0,0,0.0909090909090909,0.1818181818181818,0,6722,1,6,1,1996,8,3,0,1,0.9659258262890684,0.2588190451025207,Night (0-5),7,500,1000,Lane,mid,mid,other,low,0,20y,5y+,"(-0.001, 2000000.0]","(1322.372, 1385.327]","(6660.4, 7554.4]",1
275,40,OH,2000,1190.6,0,MALE,Masters,exec-managerial,unmarried,0,-45300,Single Vehicle Collision,Rear Collision,Minor Damage,Fire,OH,1,Missing,1,3,YES,43230,Chevrolet,Silverado,0,1,0,0,0.1818181818181818,0.1818181818181818,0,8448,1,1,0,1991,11,4,0,0,-0.9659258262890684,-0.2588190451025206,Afternoon (12-17),14,250,500,Lane,old,mid,pickup,medium,1,20y+,5y+,"(-0.001, 2000000.0]","(1124.663, 1197.974]","(8444.2, 9172.0]",0
265,45,OH,500,972.5,0,FEMALE,College,exec-managerial,unmarried,0,0,Vehicle Theft,Missing,Trivial Damage,Missing,NC,1,NO,2,3,NO,3190,Ford,Escape,1,0,0,1,0.0909090909090909,0.1818181818181818,0,5927,1,0,0,1998,10,4,1,1,0.7071067811865475,0.7071067811865476,Night (0-5),20,250,500,Drive,old,mid,other,low,0,20y,5y+,"(-0.001, 2000000.0]","(953.9, 1050.656]","(5658.2, 6660.4]",0
283,43,IN,2000,1161.91,0,FEMALE,Associate,adm-clerical,not-in-family,0,-50400,Parked Car,Missing,Minor Damage,Missing,WV,1,Missing,0,3,NO,5850,BMW,M5,1,1,0,1,0.2222222222222222,0.1111111111111111,0,6396,1,5,1,1997,7,3,0,1,0.7071067811865476,-0.7071067811865475,Morning (6-11),9,100,300,Lane,old,premium,other,low,0,20y,5y+,"(-0.001, 2000000.0]","(1124.663, 1197.974]","(5658.2, 6660.4]",0
84,29,OH,1000,1117.17,0,FEMALE,High School,machine-op-inspct,not-in-family,0,-29900,Parked Car,Missing,Trivial Damage,Police,SC,1,YES,2,0,YES,6820,BMW,3 Series,1,0,0,0,0.0909090909090909,0.1818181818181818,0,4327,2,3,0,2003,4,2,0,1,1.0,6.123233995736766e-17,Morning (6-11),10,250,500,Ave,old,premium,other,low,0,12y,5y+,"(-0.001, 2000000.0]","(1050.656, 1124.663]","(3830.6, 4682.0]",0
247,44,OH,2000,1101.51,0,FEMALE,College,farming-fishing,not-in-family,64000,0,Multi-vehicle Collision,Front Collision,Minor Damage,Fire,NY,3,NO,2,2,NO,69480,Chevrolet,Tahoe,0,0,0,0,0.1666666666666666,0.1666666666666666,0,8408,2,2,0,1992,2,1,0,0,-0.5000000000000004,0.8660254037844384,Evening (18-23),7,250,500,Drive,mid,mid,suv,high,2,20y+,5y+,"(-0.001, 2000000.0]","(1050.656, 1124.663]","(7554.4, 8444.2]",0
56,29,IL,1000,1523.17,0,MALE,Masters,prof-specialty,own-child,0,0,Multi-vehicle Collision,Front Collision,Major Damage,Fire,PA,3,Missing,1,2,YES,94560,Jeep,Grand Cherokee,0,1,0,0,0.0833333333333333,0.1666666666666666,0,3159,2,5,1,2006,6,2,0,0,0.4999999999999999,-0.8660254037844387,Morning (6-11),20,100,300,Drive,old,mid,other,high,2,9y,3–5y,"(-0.001, 2000000.0]","(1454.674, 1564.724]","(2909.4, 3830.6]",0
210,39,OH,1000,984.45,0,MALE,Associate,armed-forces,unmarried,0,0,Vehicle Theft,Missing,Minor Damage,Missing,NC,1,YES,1,2,Missing,7800,Dodge,RAM,1,0,1,1,0.1,0.1,0,6404,1,4,0,1997,6,2,0,1,0.8660254037844386,0.5000000000000001,Night (0-5),18,500,1000,Ave,old,mid,pickup,low,0,20y,5y+,"(-0.001, 2000000.0]","(953.9, 1050.656]","(5658.2, 6660.4]",0
108,32,OH,2000,1257.0,4000000,FEMALE,High School,machine-op-inspct,unmarried,63900,-43700,Single Vehicle Collision,Front Collision,Total Loss,Other,WV,1,NO,1,3,NO,61270,Suburu,Legacy,0,0,0,0,0.0909090909090909,0.1818181818181818,0,3048,1,6,1,2006,9,3,0,0,-0.2588190451025207,0.9659258262890684,Evening (18-23),16,500,1000,Drive,old,mid,other,high,2,9y,5y+,"(2000000.0, 6000000.0]","(1197.974, 1257.2]","(2909.4, 3830.6]",0
328,49,OH,500,1434.51,0,FEMALE,Masters,transport-moving,wife,0,0,Single Vehicle Collision,Rear Collision,Total Loss,Police,NY,1,Missing,0,2,YES,71440,Mercedes,ML350,0,1,0,0,0.125,0.125,0,4893,2,0,0,2001,10,4,0,0,-0.9659258262890684,0.2588190451025203,Evening (18-23),10,500,1000,St,old,premium,other,high,2,15y,5y+,"(-0.001, 2000000.0]","(1385.327, 1454.674]","(4682.0, 5658.2]",0
186,37,OH,2000,1628.0,0,FEMALE,JD,priv-house-serv,unmarried,0,0,Single Vehicle Collision,Rear Collision,Total Loss,Ambulance,NY,1,YES,1,2,YES,55600,Jeep,Grand Cherokee,0,0,0,0,0.2,0.1,0,2168,1,2,0,2009,2,1,0,0,-0.5000000000000004,0.8660254037844384,Evening (18-23),6,250,500,Ave,mid,mid,other,medium,1,6y,5y+,"(-0.001, 2000000.0]","(1564.724, 2047.59]","(1984.8, 2909.4]",0
277,44,IN,500,1412.31,0,MALE,High School,priv-house-serv,unmarried,0,0,Vehicle Theft,Missing,Trivial Damage,Police,NC,1,NO,1,3,NO,5000,Jeep,Wrangler,1,0,0,0,0.2,0.1,0,4968,2,6,1,2001,6,2,1,1,1.0,6.123233995736766e-17,Morning (6-11),10,500,1000,St,old,mid,other,low,0,15y,5y+,"(-0.001, 2000000.0]","(1385.327, 1454.674]","(4682.0, 5658.2]",0
138,33,IL,500,1362.87,5000000,FEMALE,JD,exec-managerial,own-child,56900,-56900,Single Vehicle Collision,Side Collision,Minor Damage,Other,NY,1,NO,2,0,Missing,95810,BMW,X5,0,0,1,0,0.1538461538461538,0.1538461538461538,0,6611,2,1,0,1997,1,1,0,0,1.0,6.123233995736766e-17,Morning (6-11),8,250,500,St,old,premium,suv,high,2,20y,5y+,"(2000000.0, 6000000.0]","(1322.372, 1385.327]","(5658.2, 6660.4]",1
208,41,IN,1000,1134.68,0,FEMALE,College,tech-support,husband,0,0,Single Vehicle Collision,Rear Collision,Major Damage,Ambulance,SC,1,NO,2,2,Missing,69300,Volkswagen,Jetta,0,0,1,0,0.1,0.2,0,210,1,1,0,2014,6,2,0,1,-1.0,-1.8369701987210294e-16,Evening (18-23),19,100,300,Lane,old,mid,other,high,2,1y,5y+,"(-0.001, 2000000.0]","(1124.663, 1197.974]","(-0.001, 908.2]",0
147,37,IN,1000,1306.78,0,MALE,MD,prof-specialty,other-relative,0,0,Single Vehicle Collision,Front Collision,Total Loss,Ambulance,SC,1,Missing,1,0,NO,81120,Toyota,Camry,0,1,0,0,0.1666666666666666,0.25,0,8139,1,2,0,1992,10,4,0,0,-0.5000000000000004,0.8660254037844384,Evening (18-23),20,250,500,Drive,old,mid,sedan,high,2,20y+,5y+,"(-0.001, 2000000.0]","(1257.2, 1322.372]","(7554.4, 8444.2]",1
8,21,IN,500,1021.9,0,MALE,High School,handlers-cleaners,husband,0,0,Single Vehicle Collision,Front Collision,Major Damage,Other,WV,1,Missing,0,0,Missing,91260,Toyota,Corolla,0,1,1,0,0.1538461538461538,0.1538461538461538,0,849,2,3,0,2012,10,4,0,0,-0.7071067811865477,0.7071067811865474,Evening (18-23),3,500,1000,Ave,new,mid,sedan,high,2,3y,6–12mo,"(-0.001, 2000000.0]","(953.9, 1050.656]","(-0.001, 908.2]",0
297,48,IN,1000,1538.6,0,FEMALE,MD,other-service,wife,0,-54700,Single Vehicle Collision,Side Collision,Minor Damage,Fire,SC,1,Missing,0,0,Missing,60600,Ford,Fusion,0,1,1,0,0.1,0.2,0,8005,1,6,1,1993,2,1,0,0,1.2246467991473532e-16,-1.0,Afternoon (12-17),11,100,300,St,old,mid,other,high,2,20y+,5y+,"(-0.001, 2000000.0]","(1454.674, 1564.724]","(7554.4, 8444.2]",0
150,31,IN,1000,1354.5,0,MALE,Masters,machine-op-inspct,husband,52800,0,Multi-vehicle Collision,Front Collision,Major Damage,Ambulance,NY,3,Missing,0,3,YES,64800,Suburu,Forrestor,0,1,0,0,0.1,0.2,1,7401,1,4,0,1994,9,3,0,1,1.0,6.123233995736766e-17,Morning (6-11),15,500,1000,Lane,old,mid,other,high,2,20y+,5y+,"(-0.001, 2000000.0]","(1322.372, 1385.327]","(6660.4, 7554.4]",1
4,34,OH,500,1282.93,0,FEMALE,College,exec-managerial,other-relative,0,0,Multi-vehicle Collision,Side Collision,Major Damage,Police,WV,4,Missing,0,0,Missing,66880,Chevrolet,Silverado,0,1,1,0,0.0909090909090909,0.1818181818181818,1,4282,2,3,0,2003,5,2,0,1,0.0,1.0,Night (0-5),19,500,1000,Ridge,old,mid,pickup,high,2,12y,0–6mo,"(-0.001, 2000000.0]","(1257.2, 1322.372]","(3830.6, 4682.0]",0
210,35,IL,1000,1346.27,0,MALE,Masters,farming-fishing,not-in-family,44900,-91400,Single Vehicle Collision,Front Collision,Total Loss,Ambulance,WV,1,NO,0,2,Missing,58200,BMW,X5,0,0,1,0,0.1,0.1,0,8410,1,5,1,1991,12,4,0,1,0.258819045102521,-0.9659258262890682,Morning (6-11),2,500,1000,Lane,new,premium,suv,high,2,20y+,5y+,"(-0.001, 2000000.0]","(1322.372, 1385.327]","(7554.4, 8444.2]",1
91,31,IN,1000,1338.4,4000000,FEMALE,High School,priv-house-serv,own-child,63600,0,Single Vehicle Collision,Side Collision,Minor Damage,Police,NC,1,Missing,1,0,NO,60570,Nissan,Maxima,0,1,0,0,0.1111111111111111,0.1111111111111111,0,5639,2,2,0,1999,9,3,0,0,-0.9659258262890684,0.2588190451025203,Evening (18-23),4,100,300,St,mid,mid,other,high,2,20y,5y+,"(2000000.0, 6000000.0]","(1322.372, 1385.327]","(4682.0, 5658.2]",1
167,36,IL,1000,949.44,0,FEMALE,Masters,exec-managerial,other-relative,0,-38400,Multi-vehicle Collision,Rear Collision,Major Damage,Ambulance,NC,3,Missing,0,0,NO,69680,Mercedes,ML350,0,1,0,0,0.125,0.125,1,7655,1,0,0,1994,2,1,1,1,-0.5000000000000004,0.8660254037844384,Evening (18-23),7,100,300,Hwy,mid,premium,other,high,2,20y+,5y+,"(-0.001, 2000000.0]","(433.329, 953.9]","(7554.4, 8444.2]",0
467,58,IN,2000,977.4,0,MALE,Masters,transport-moving,own-child,82200,0,Single Vehicle Collision,Front Collision,Total Loss,Fire,NY,1,YES,2,3,NO,55700,Nissan,Maxima,0,0,0,0,0.1,0.2,0,4368,1,5,1,2003,1,1,0,1,0.4999999999999999,0.8660254037844387,Night (0-5),1,500,1000,Drive,new,mid,other,medium,1,12y,5y+,"(-0.001, 2000000.0]","(953.9, 1050.656]","(3830.6, 4682.0]",0
264,47,IN,2000,1181.46,10000000,FEMALE,JD,transport-moving,other-relative,0,-67400,Multi-vehicle Collision,Front Collision,Total Loss,Ambulance,OH,4,YES,1,2,YES,62370,Dodge,Neon,0,0,0,0,0.0909090909090909,0.0909090909090909,0,3629,2,3,0,2005,3,1,0,1,-0.8660254037844384,-0.5000000000000004,Afternoon (12-17),14,250,500,Hwy,old,mid,other,high,2,10y,5y+,"(6000000.0, 10000000.0]","(1124.663, 1197.974]","(2909.4, 3830.6]",0
270,45,OH,500,1187.53,0,FEMALE,PhD,priv-house-serv,not-in-family,83200,-53300,Multi-vehicle Collision,Side Collision,Total Loss,Other,VA,3,Missing,0,0,YES,54340,Saab,92x,0,1,0,0,0.1818181818181818,0.0,0,4203,2,1,0,2003,8,3,0,0,-0.2588190451025207,0.9659258262890684,Evening (18-23),10,500,1000,Hwy,old,low,other,medium,1,12y,5y+,"(-0.001, 2000000.0]","(1124.663, 1197.974]","(3830.6, 4682.0]",0
310,48,OH,1000,845.16,0,FEMALE,Masters,priv-house-serv,other-relative,0,0,Single Vehicle Collision,Front Collision,Major Damage,Police,NC,1,YES,1,0,NO,55170,Audi,A5,0,0,0,0,0.1111111111111111,0.1111111111111111,1,4612,2,2,0,2002,7,3,0,0,-0.7071067811865477,0.7071067811865474,Evening (18-23),10,100,300,Ave,old,premium,sedan,medium,1,15y,5y+,"(-0.001, 2000000.0]","(433.329, 953.9]","(3830.6, 4682.0]",0
143,34,IL,500,1442.27,0,MALE,College,priv-house-serv,wife,67900,0,Single Vehicle Collision,Front Collision,Minor Damage,Other,NY,1,Missing,2,3,YES,58500,Dodge,RAM,0,1,0,0,0.2,0.1,0,335,2,1,0,2014,3,1,0,1,0.4999999999999999,-0.8660254037844387,Morning (6-11),16,100,300,Hwy,old,mid,pickup,high,2,1y,5y+,"(-0.001, 2000000.0]","(1385.327, 1454.674]","(-0.001, 908.2]",0
146,32,OH,2000,1276.43,0,MALE,Associate,priv-house-serv,own-child,0,0,Single Vehicle Collision,Rear Collision,Major Damage,Fire,NC,1,Missing,0,3,Missing,59940,Honda,CRV,0,1,1,0,0.1111111111111111,0.1111111111111111,0,7735,2,0,0,1993,12,4,0,0,1.2246467991473532e-16,-1.0,Afternoon (12-17),20,100,300,Ridge,old,mid,suv,high,2,20y+,5y+,"(-0.001, 2000000.0]","(1257.2, 1322.372]","(7554.4, 8444.2]",0
102,28,OH,500,1075.41,0,MALE,MD,machine-op-inspct,wife,55200,0,Single Vehicle Collision,Side Collision,Total Loss,Police,PA,1,NO,1,0,NO,73400,Dodge,Neon,0,0,0,0,0.1,0.1,0,5649,2,6,1,1999,8,3,0,1,1.0,6.123233995736766e-17,Morning (6-11),19,250,500,Ave,old,mid,other,high,2,20y,5y+,"(-0.001, 2000000.0]","(1050.656, 1124.663]","(4682.0, 5658.2]",0
61,23,IL,500,1111.72,0,MALE,JD,exec-managerial,other-relative,54600,0,Single Vehicle Collision,Side Collision,Major Damage,Fire,PA,1,Missing,1,2,Missing,41850,Suburu,Legacy,0,1,1,0,0.1111111111111111,0.1111111111111111,0,2910,2,2,0,2007,3,1,0,0,1.0,6.123233995736766e-17,Morning (6-11),18,100,300,Drive,old,mid,other,medium,1,8y,5y+,"(-0.001, 2000000.0]","(1050.656, 1124.663]","(2909.4, 3830.6]",0
255,44,OH,2000,814.96,6000000,FEMALE,PhD,priv-house-serv,not-in-family,68500,0,Parked Car,Missing,Trivial Damage,Police,NC,1,Missing,2,2,NO,6400,Mercedes,ML350,1,1,0,0,0.1,0.2,1,4051,2,3,0,2004,1,1,0,0,0.9659258262890684,-0.2588190451025208,Morning (6-11),10,500,1000,St,old,premium,other,low,0,12y,5y+,"(2000000.0, 6000000.0]","(433.329, 953.9]","(3830.6, 4682.0]",0
211,40,IL,1000,1575.86,0,FEMALE,PhD,other-service,own-child,0,0,Vehicle Theft,Missing,Trivial Damage,Police,WV,1,NO,1,1,NO,3190,Audi,A5,1,0,0,0,0.1818181818181818,0.0909090909090909,0,8663,1,0,0,1991,4,2,0,0,0.7071067811865475,0.7071067811865476,Night (0-5),11,500,1000,St,old,premium,sedan,low,0,20y+,5y+,"(-0.001, 2000000.0]","(1564.724, 2047.59]","(8444.2, 9172.0]",0
61,29,IN,1000,1115.27,0,MALE,JD,handlers-cleaners,unmarried,0,-66000,Parked Car,Missing,Trivial Damage,Missing,VA,1,YES,2,1,YES,5900,Nissan,Pathfinder,1,0,0,1,0.1,0.1,0,7233,1,3,0,1995,3,1,1,1,0.4999999999999999,-0.8660254037844387,Morning (6-11),5,250,500,Ridge,mid,mid,suv,low,0,20y,5y+,"(-0.001, 2000000.0]","(1050.656, 1124.663]","(6660.4, 7554.4]",0
108,31,IN,2000,1175.7,0,MALE,Masters,protective-serv,not-in-family,0,0,Single Vehicle Collision,Rear Collision,Total Loss,Fire,NY,1,NO,0,2,NO,57330,Dodge,Neon,0,0,0,0,0.1111111111111111,0.1111111111111111,0,3359,2,3,0,2005,12,4,0,0,-0.5000000000000001,-0.8660254037844386,Afternoon (12-17),9,500,1000,Drive,old,mid,other,medium,1,10y,5y+,"(-0.001, 2000000.0]","(1124.663, 1197.974]","(2909.4, 3830.6]",0
303,50,OH,500,793.15,0,MALE,MD,tech-support,own-child,54600,-45500,Multi-vehicle Collision,Front Collision,Total Loss,Other,WV,3,NO,0,3,NO,81960,Dodge,Neon,0,0,0,0,0.1666666666666666,0.1666666666666666,0,4768,1,2,0,2001,12,4,0,0,-0.9659258262890684,-0.2588190451025206,Afternoon (12-17),7,100,300,St,mid,mid,other,high,2,15y,5y+,"(-0.001, 2000000.0]","(433.329, 953.9]","(4682.0, 5658.2]",0
152,33,IN,500,942.51,0,FEMALE,PhD,transport-moving,wife,0,0,Single Vehicle Collision,Side Collision,Major Damage,Fire,SC,1,YES,0,0,Missing,70400,Suburu,Legacy,0,0,1,0,0.0909090909090909,0.2727272727272727,1,5556,1,4,0,1999,11,4,0,1,-0.8660254037844384,-0.5000000000000004,Afternoon (12-17),14,250,500,Ave,old,mid,other,high,2,20y,5y+,"(-0.001, 2000000.0]","(433.329, 953.9]","(4682.0, 5658.2]",0
120,34,IN,1000,1056.71,0,FEMALE,JD,protective-serv,not-in-family,77900,0,Parked Car,Missing,Minor Damage,Missing,VA,1,NO,2,1,Missing,3770,Jeep,Grand Cherokee,1,0,1,1,0.1538461538461538,0.1538461538461538,0,4833,1,1,0,2001,10,4,0,1,0.7071067811865475,0.7071067811865476,Night (0-5),13,500,1000,Hwy,old,mid,other,low,0,15y,5y+,"(-0.001, 2000000.0]","(1050.656, 1124.663]","(4682.0, 5658.2]",0
144,36,IN,2000,1255.68,6000000,FEMALE,Associate,sales,other-relative,23600,-15600,Parked Car,Missing,Minor Damage,Missing,NC,1,NO,0,0,Missing,7400,Dodge,Neon,1,0,1,1,0.1,0.2,0,7780,2,2,0,1993,10,4,0,1,0.9659258262890684,-0.2588190451025208,Morning (6-11),1,500,1000,Drive,new,mid,other,low,0,20y+,5y+,"(2000000.0, 6000000.0]","(1197.974, 1257.2]","(7554.4, 8444.2]",0
414,52,IN,500,1335.13,0,FEMALE,High School,farming-fishing,unmarried,44000,-71000,Single Vehicle Collision,Rear Collision,Total Loss,Police,SC,1,YES,1,1,Missing,54810,Chevrolet,Silverado,0,0,1,0,0.1111111111111111,0.1111111111111111,1,4346,1,2,0,2003,2,1,0,0,-0.2588190451025203,-0.9659258262890684,Afternoon (12-17),16,500,1000,Ridge,old,mid,pickup,medium,1,12y,5y+,"(-0.001, 2000000.0]","(1322.372, 1385.327]","(3830.6, 4682.0]",1
163,37,IN,500,1178.95,6000000,FEMALE,JD,priv-house-serv,own-child,0,-67300,Single Vehicle Collision,Rear Collision,Total Loss,Fire,NY,1,YES,2,3,YES,49400,Jeep,Wrangler,0,0,0,0,0.1,0.2,0,3968,1,4,0,2004,3,1,0,0,-0.8660254037844386,0.5000000000000001,Evening (18-23),10,250,500,Drive,old,mid,other,medium,1,12y,5y+,"(2000000.0, 6000000.0]","(1124.663, 1197.974]","(3830.6, 4682.0]",0
352,53,IL,500,1793.16,0,MALE,Associate,tech-support,wife,0,0,Single Vehicle Collision,Front Collision,Minor Damage,Fire,NC,1,YES,2,2,NO,68750,Chevrolet,Malibu,0,0,0,0,0.1818181818181818,0.0909090909090909,0,552,1,3,0,2013,7,3,0,0,-0.2588190451025207,0.9659258262890684,Evening (18-23),6,250,500,Hwy,mid,mid,sedan,high,2,2y,5y+,"(-0.001, 2000000.0]","(1564.724, 2047.59]","(-0.001, 908.2]",0
27,32,OH,500,1008.38,0,FEMALE,PhD,adm-clerical,other-relative,37900,0,Single Vehicle Collision,Front Collision,Total Loss,Ambulance,SC,1,NO,1,0,Missing,61500,Dodge,Neon,0,0,1,0,0.2,0.1,0,158,2,6,1,2014,8,3,1,1,0.258819045102521,-0.9659258262890682,Morning (6-11),2,100,300,Ave,new,mid,other,high,2,0–6mo,2–3y,"(-0.001, 2000000.0]","(953.9, 1050.656]","(-0.001, 908.2]",0
239,39,IL,500,1396.83,0,FEMALE,Masters,other-service,husband,0,0,Multi-vehicle Collision,Rear Collision,Major Damage,Ambulance,WV,4,Missing,0,3,NO,76890,BMW,X6,0,1,0,0,0.0909090909090909,0.1818181818181818,0,8964,1,1,0,1990,6,2,0,0,0.0,1.0,Night (0-5),8,100,300,Drive,old,premium,other,high,2,20y+,5y+,"(-0.001, 2000000.0]","(1385.327, 1454.674]","(8444.2, 9172.0]",1
33,32,OH,500,1402.78,5000000,FEMALE,PhD,other-service,husband,70300,-50300,Single Vehicle Collision,Rear Collision,Minor Damage,Ambulance,NY,1,YES,0,1,Missing,56070,Toyota,Camry,0,0,1,0,0.1111111111111111,0.2222222222222222,0,2523,2,0,0,2008,3,1,0,1,0.4999999999999999,0.8660254037844387,Night (0-5),3,100,300,Drive,new,mid,sedan,medium,1,7y,2–3y,"(2000000.0, 6000000.0]","(1385.327, 1454.674]","(1984.8, 2909.4]",0
88,30,IN,1000,1437.88,0,FEMALE,College,transport-moving,husband,42800,-51200,Single Vehicle Collision,Side Collision,Total Loss,Fire,SC,1,NO,2,0,YES,56000,Chevrolet,Malibu,0,0,0,0,0.25,0.0,0,8239,2,2,0,1992,8,3,0,0,0.7071067811865475,0.7071067811865476,Night (0-5),12,100,300,Drive,old,mid,sedan,medium,1,20y+,5y+,"(-0.001, 2000000.0]","(1385.327, 1454.674]","(7554.4, 8444.2]",0
101,33,IL,1000,1313.64,0,FEMALE,College,priv-house-serv,unmarried,12100,0,Parked Car,Missing,Trivial Damage,Missing,NY,1,YES,1,0,NO,4290,Audi,A3,1,0,0,1,0.1818181818181818,0.0909090909090909,0,8561,2,1,0,1991,9,3,0,0,0.7071067811865475,0.7071067811865476,Night (0-5),18,500,1000,Ridge,old,premium,sedan,low,0,20y+,5y+,"(-0.001, 2000000.0]","(1257.2, 1322.372]","(8444.2, 9172.0]",1
20,37,IL,500,1482.14,0,FEMALE,Associate,transport-moving,husband,33000,-43600,Multi-vehicle Collision,Rear Collision,Total Loss,Other,NY,3,Missing,2,1,NO,60750,Suburu,Forrestor,0,1,0,0,0.1111111111111111,0.1111111111111111,0,1269,2,6,1,2011,9,3,0,0,-0.7071067811865475,-0.7071067811865477,Afternoon (12-17),12,250,500,Ridge,old,mid,other,high,2,4y,1–2y,"(-0.001, 2000000.0]","(1454.674, 1564.724]","(908.2, 1984.8]",0
126,30,IL,2000,1171.75,0,FEMALE,Associate,machine-op-inspct,not-in-family,46500,-42700,Single Vehicle Collision,Side Collision,Minor Damage,Other,NY,1,Missing,2,3,NO,48730,Chevrolet,Malibu,0,1,0,0,0.0909090909090909,0.0909090909090909,0,847,1,5,1,2012,10,4,0,1,-0.2588190451025207,0.9659258262890684,Evening (18-23),4,250,500,St,mid,mid,sedan,medium,1,3y,5y+,"(-0.001, 2000000.0]","(1124.663, 1197.974]","(-0.001, 908.2]",0
264,43,IL,2000,1353.33,0,MALE,Associate,adm-clerical,not-in-family,0,-8500,Multi-vehicle Collision,Front Collision,Minor Damage,Police,WV,3,YES,2,0,NO,95150,Ford,Escape,0,0,0,0,0.1818181818181818,0.1818181818181818,0,390,2,3,0,2014,1,1,0,1,0.7071067811865476,-0.7071067811865475,Morning (6-11),8,500,1000,Ave,old,mid,other,high,2,2y,5y+,"(-0.001, 2000000.0]","(1322.372, 1385.327]","(-0.001, 908.2]",1
78,24,IN,500,1175.51,0,MALE,Masters,craft-repair,husband,0,0,Vehicle Theft,Missing,Minor Damage,Police,NY,1,Missing,0,1,YES,7480,Dodge,Neon,1,1,0,0,0.0909090909090909,0.0909090909090909,0,8325,1,1,0,1992,3,1,0,0,-0.8660254037844386,0.5000000000000001,Evening (18-23),12,100,300,Ave,old,mid,other,low,0,20y+,5y+,"(-0.001, 2000000.0]","(1124.663, 1197.974]","(7554.4, 8444.2]",0
123,28,IL,2000,1836.02,0,MALE,Masters,transport-moving,own-child,38000,-41200,Single Vehicle Collision,Side Collision,Major Damage,Ambulance,NC,1,Missing,2,1,YES,79800,Volkswagen,Passat,0,1,0,0,0.1666666666666666,0.0833333333333333,1,759,1,3,0,2012,12,4,1,1,0.9659258262890684,0.2588190451025207,Night (0-5),4,100,300,St,mid,mid,other,high,2,3y,5y+,"(-0.001, 2000000.0]","(1564.724, 2047.59]","(-0.001, 908.2]",0
347,51,OH,500,1480.79,9000000,FEMALE,MD,priv-house-serv,unmarried,0,-12100,Single Vehicle Collision,Side Collision,Total Loss,Other,NC,1,YES,0,2,Missing,103560,Jeep,Wrangler,0,0,1,0,0.0833333333333333,0.1666666666666666,0,6655,1,2,0,1996,10,4,0,0,-0.7071067811865475,-0.7071067811865477,Afternoon (12-17),18,500,1000,Ave,old,mid,other,high,2,20y,5y+,"(6000000.0, 10000000.0]","(1454.674, 1564.724]","(5658.2, 6660.4]",0
163,38,IN,2000,1453.92,0,FEMALE,PhD,other-service,other-relative,51700,0,Single Vehicle Collision,Side Collision,Minor Damage,Ambulance,NY,1,YES,2,3,Missing,79500,Accura,MDX,0,0,1,0,0.2,0.1,0,6351,2,5,1,1997,10,4,0,0,-0.2588190451025203,-0.9659258262890684,Afternoon (12-17),20,500,1000,St,old,mid,other,high,2,20y,5y+,"(-0.001, 2000000.0]","(1385.327, 1454.674]","(5658.2, 6660.4]",0
271,44,OH,500,1340.71,0,FEMALE,High School,tech-support,other-relative,0,0,Single Vehicle Collision,Rear Collision,Minor Damage,Other,SC,1,NO,2,2,NO,76230,Volkswagen,Passat,0,0,0,0,0.0909090909090909,0.1818181818181818,1,2524,2,5,1,2008,3,1,1,1,-0.8660254037844384,-0.5000000000000004,Afternoon (12-17),18,250,500,Ave,old,mid,other,high,2,7y,5y+,"(-0.001, 2000000.0]","(1322.372, 1385.327]","(1984.8, 2909.4]",1
410,54,IL,2000,714.03,0,MALE,MD,protective-serv,own-child,0,-17000,Single Vehicle Collision,Side Collision,Minor Damage,Ambulance,WV,1,YES,0,2,NO,59520,Honda,Accord,0,0,0,0,0.1666666666666666,0.1666666666666666,0,1632,2,0,0,2010,8,3,1,1,0.0,1.0,Night (0-5),14,100,300,St,old,mid,other,high,2,5y,5y+,"(-0.001, 2000000.0]","(433.329, 953.9]","(908.2, 1984.8]",0
448,57,IL,2000,1376.16,0,FEMALE,PhD,tech-support,own-child,38600,-50300,Multi-vehicle Collision,Front Collision,Major Damage,Police,SC,3,NO,2,1,Missing,47760,Suburu,Impreza,0,0,1,0,0.125,0.125,1,3597,2,2,0,2005,3,1,0,0,0.4999999999999999,-0.8660254037844387,Morning (6-11),2,100,300,Drive,new,mid,other,medium,1,10y,5y+,"(-0.001, 2000000.0]","(1322.372, 1385.327]","(2909.4, 3830.6]",1
218,41,IL,500,914.22,0,MALE,JD,prof-specialty,wife,37900,-72900,Multi-vehicle Collision,Side Collision,Total Loss,Police,NY,3,NO,2,0,NO,84590,Saab,93,0,0,0,0,0.1818181818181818,0.0909090909090909,0,393,1,3,0,2013,12,4,0,0,-0.5000000000000001,-0.8660254037844386,Afternoon (12-17),2,100,300,Lane,new,low,other,high,2,2y,5y+,"(-0.001, 2000000.0]","(433.329, 953.9]","(-0.001, 908.2]",0
43,38,OH,1000,1601.47,0,MALE,PhD,handlers-cleaners,other-relative,64400,0,Multi-vehicle Collision,Front Collision,Total Loss,Other,SC,3,YES,2,2,Missing,61650,Nissan,Ultima,0,0,1,0,0.1111111111111111,0.1111111111111111,0,341,2,6,1,2014,3,1,0,1,0.2588190451025207,0.9659258262890684,Night (0-5),9,500,1000,Drive,old,mid,sedan,high,2,1y,3–5y,"(-0.001, 2000000.0]","(1564.724, 2047.59]","(-0.001, 908.2]",0
33,33,IL,1000,1096.79,6000000,FEMALE,Associate,handlers-cleaners,unmarried,45500,-60600,Single Vehicle Collision,Rear Collision,Major Damage,Police,VA,1,Missing,2,1,Missing,81400,BMW,M5,0,1,1,0,0.1,0.1,0,6365,1,2,0,1997,8,3,0,0,-0.8660254037844384,-0.5000000000000004,Afternoon (12-17),17,500,1000,Ridge,old,premium,other,high,2,20y,2–3y,"(2000000.0, 6000000.0]","(1050.656, 1124.663]","(5658.2, 6660.4]",0
126,34,IN,2000,1078.22,0,FEMALE,Masters,transport-moving,wife,54500,0,Multi-vehicle Collision,Side Collision,Major Damage,Fire,SC,3,NO,0,1,YES,58410,Chevrolet,Tahoe,0,0,0,0,0.1818181818181818,0.0909090909090909,0,2658,2,0,0,2007,11,4,0,0,0.4999999999999999,0.8660254037844387,Night (0-5),8,100,300,Ave,old,mid,suv,high,2,8y,5y+,"(-0.001, 2000000.0]","(1050.656, 1124.663]","(1984.8, 2909.4]",0
411,56,IL,1000,1595.28,0,FEMALE,College,protective-serv,other-relative,0,0,Multi-vehicle Collision,Side Collision,Major Damage,Ambulance,VA,3,Missing,0,0,Missing,38610,Volkswagen,Passat,0,1,1,0,0.0909090909090909,0.0909090909090909,0,8195,1,1,0,1992,7,3,0,0,-0.2588190451025207,0.9659258262890684,Evening (18-23),8,250,500,St,old,mid,other,medium,1,20y+,5y+,"(-0.001, 2000000.0]","(1564.724, 2047.59]","(7554.4, 8444.2]",0
225,37,OH,1000,1217.84,5000000,FEMALE,High School,farming-fishing,not-in-family,49600,0,Multi-vehicle Collision,Front Collision,Minor Damage,Fire,WV,3,Missing,2,2,NO,57600,Volkswagen,Passat,0,1,0,0,0.1666666666666666,0.1666666666666666,0,5181,2,5,1,2000,12,4,0,0,-0.9659258262890684,0.2588190451025203,Evening (18-23),0,100,300,Drive,new,mid,other,medium,1,15y,5y+,"(2000000.0, 6000000.0]","(1197.974, 1257.2]","(4682.0, 5658.2]",0
35,35,IL,2000,1117.42,0,FEMALE,PhD,protective-serv,not-in-family,0,-51900,Multi-vehicle Collision,Side Collision,Minor Damage,Fire,NC,3,NO,2,2,NO,53190,Volkswagen,Jetta,0,0,0,0,0.1111111111111111,0.2222222222222222,0,4540,2,5,1,2002,9,3,1,1,-0.2588190451025207,0.9659258262890684,Evening (18-23),19,100,300,Hwy,old,mid,other,medium,1,15y,2–3y,"(-0.001, 2000000.0]","(1050.656, 1124.663]","(3830.6, 4682.0]",0
460,57,OH,2000,1567.37,0,FEMALE,JD,craft-repair,husband,62500,0,Single Vehicle Collision,Front Collision,Major Damage,Other,NY,1,Missing,2,3,NO,58300,Nissan,Maxima,0,1,0,0,0.1,0.2,1,6309,2,6,1,1997,11,4,0,1,0.4999999999999999,-0.8660254037844387,Morning (6-11),1,100,300,Lane,new,mid,other,high,2,20y,5y+,"(-0.001, 2000000.0]","(1564.724, 2047.59]","(5658.2, 6660.4]",0
195,38,IL,2000,1294.93,6000000,MALE,MD,tech-support,unmarried,38000,-50300,Multi-vehicle Collision,Front Collision,Minor Damage,Ambulance,WV,3,YES,1,2,NO,64620,Dodge,Neon,0,0,0,0,0.1111111111111111,0.0,0,7942,2,5,1,1993,5,2,1,1,1.2246467991473532e-16,-1.0,Afternoon (12-17),12,500,1000,Ave,old,mid,other,high,2,20y+,5y+,"(2000000.0, 6000000.0]","(1257.2, 1322.372]","(7554.4, 8444.2]",0
360,51,IL,1000,1152.12,0,MALE,PhD,armed-forces,not-in-family,0,-62400,Multi-vehicle Collision,Side Collision,Total Loss,Ambulance,WV,3,NO,2,0,YES,90480,BMW,X6,0,0,0,0,0.1666666666666666,0.1666666666666666,0,6783,2,3,0,1996,7,3,0,0,-0.7071067811865475,-0.7071067811865477,Afternoon (12-17),15,250,500,St,old,premium,other,high,2,20y,5y+,"(-0.001, 2000000.0]","(1124.663, 1197.974]","(6660.4, 7554.4]",0
300,49,IL,1000,1441.21,0,FEMALE,PhD,farming-fishing,wife,0,0,Vehicle Theft,Missing,Trivial Damage,Missing,SC,1,NO,1,0,NO,7080,Nissan,Maxima,1,0,0,1,0.1666666666666666,0.1666666666666666,0,6958,1,6,1,1995,12,4,0,0,0.7071067811865475,0.7071067811865476,Night (0-5),14,100,300,Drive,old,mid,other,low,0,20y,5y+,"(-0.001, 2000000.0]","(1385.327, 1454.674]","(6660.4, 7554.4]",0
245,42,IL,1000,1575.74,7000000,MALE,JD,exec-managerial,other-relative,0,-68900,Parked Car,Missing,Minor Damage,Police,PA,1,Missing,2,2,Missing,6490,Toyota,Camry,1,1,1,0,0.0909090909090909,0.1818181818181818,1,4602,2,4,0,2002,7,3,0,0,-0.9659258262890684,0.2588190451025203,Evening (18-23),4,500,1000,Ridge,mid,mid,sedan,low,0,15y,5y+,"(6000000.0, 10000000.0]","(1564.724, 2047.59]","(3830.6, 4682.0]",0
146,36,OH,2000,1233.96,0,FEMALE,Masters,other-service,other-relative,34500,-60600,Multi-vehicle Collision,Side Collision,Total Loss,Police,NC,3,NO,1,1,NO,55900,Nissan,Ultima,0,0,0,0,0.1,0.1,0,664,2,3,0,2013,4,2,0,0,-0.8660254037844384,-0.5000000000000004,Afternoon (12-17),0,500,1000,Lane,new,mid,sedan,medium,1,2y,5y+,"(-0.001, 2000000.0]","(1197.974, 1257.2]","(-0.001, 908.2]",0
67,29,IL,1000,1861.43,0,MALE,High School,adm-clerical,husband,60400,-67800,Single Vehicle Collision,Rear Collision,Major Damage,Other,SC,1,NO,0,3,YES,63800,Saab,92x,0,0,0,0,0.1,0.1,1,7003,1,3,0,1995,11,4,0,0,-0.8660254037844384,-0.5000000000000004,Afternoon (12-17),17,250,500,Lane,old,low,other,high,2,20y,5y+,"(-0.001, 2000000.0]","(1564.724, 2047.59]","(6660.4, 7554.4]",0
380,56,OH,1000,1570.86,0,MALE,MD,farming-fishing,other-relative,66000,0,Single Vehicle Collision,Side Collision,Total Loss,Police,VA,1,Missing,0,1,YES,58160,Saab,95,0,1,0,0,0.125,0.125,1,3714,1,0,0,2004,11,4,0,0,0.4999999999999999,-0.8660254037844387,Morning (6-11),19,100,300,Ridge,old,low,other,high,2,12y,5y+,"(-0.001, 2000000.0]","(1564.724, 2047.59]","(2909.4, 3830.6]",0
389,53,IL,2000,791.47,0,MALE,Masters,armed-forces,unmarried,0,0,Vehicle Theft,Missing,Minor Damage,Police,NC,1,NO,1,2,NO,6300,Mercedes,C300,1,0,0,0,0.1,0.2,1,6130,1,3,0,1998,3,1,1,1,1.0,6.123233995736766e-17,Morning (6-11),14,500,1000,Drive,old,premium,sedan,low,0,20y,5y+,"(-0.001, 2000000.0]","(433.329, 953.9]","(5658.2, 6660.4]",0
317,46,IN,1000,1012.78,0,MALE,MD,sales,other-relative,43700,0,Single Vehicle Collision,Front Collision,Major Damage,Fire,WV,1,NO,2,1,NO,104610,Mercedes,ML350,0,0,0,0,0.1818181818181818,0.1818181818181818,1,5667,1,0,0,1999,7,3,0,0,-1.0,-1.8369701987210294e-16,Evening (18-23),16,250,500,Ridge,old,premium,other,high,2,20y,5y+,"(-0.001, 2000000.0]","(953.9, 1050.656]","(5658.2, 6660.4]",0
264,44,IL,500,1047.06,6000000,MALE,College,exec-managerial,wife,0,0,Multi-vehicle Collision,Rear Collision,Major Damage,Fire,SC,3,NO,0,2,NO,69850,Ford,Fusion,0,0,0,0,0.1818181818181818,0.0909090909090909,0,1811,2,4,0,2010,2,1,0,1,-0.8660254037844386,0.5000000000000001,Evening (18-23),16,100,300,Drive,old,mid,other,high,2,5y,5y+,"(2000000.0, 6000000.0]","(953.9, 1050.656]","(908.2, 1984.8]",0
20,21,OH,1000,1390.29,0,FEMALE,Masters,priv-house-serv,other-relative,0,-41200,Single Vehicle Collision,Rear Collision,Minor Damage,Fire,PA,1,NO,0,0,Missing,62900,Accura,MDX,0,0,1,0,0.2,0.1,0,3636,1,2,0,2005,1,1,0,0,-0.5000000000000001,-0.8660254037844386,Afternoon (12-17),9,250,500,St,old,mid,other,high,2,10y,1–2y,"(-0.001, 2000000.0]","(1385.327, 1454.674]","(2909.4, 3830.6]",1
116,30,IN,500,951.46,0,MALE,JD,handlers-cleaners,not-in-family,0,-35500,Multi-vehicle Collision,Front Collision,Major Damage,Other,WV,3,NO,0,3,Missing,59670,Volkswagen,Passat,0,0,1,0,0.1111111111111111,0.1111111111111111,1,4811,1,5,1,2001,11,4,0,1,0.8660254037844387,-0.4999999999999998,Morning (6-11),11,500,1000,Lane,old,mid,other,high,2,15y,5y+,"(-0.001, 2000000.0]","(433.329, 953.9]","(4682.0, 5658.2]",0
222,40,IL,1000,1226.78,0,MALE,JD,armed-forces,unmarried,49600,-49200,Multi-vehicle Collision,Rear Collision,Minor Damage,Other,NY,2,YES,2,0,Missing,81500,BMW,3 Series,0,0,1,0,0.2,0.1,0,759,1,3,0,2012,12,4,0,0,-0.9659258262890684,-0.2588190451025206,Afternoon (12-17),2,100,300,Ave,new,premium,other,high,2,3y,5y+,"(-0.001, 2000000.0]","(1197.974, 1257.2]","(-0.001, 908.2]",0
439,56,OH,500,1280.9,0,MALE,High School,armed-forces,own-child,48900,-40900,Single Vehicle Collision,Rear Collision,Minor Damage,Ambulance,NC,1,NO,2,0,Missing,50000,Jeep,Wrangler,0,0,1,0,0.3,0.1,0,6473,1,4,0,1997,5,2,0,1,0.7071067811865476,-0.7071067811865475,Morning (6-11),6,100,300,St,mid,mid,other,medium,1,20y,5y+,"(-0.001, 2000000.0]","(1257.2, 1322.372]","(5658.2, 6660.4]",0
66,28,IN,2000,1472.77,0,MALE,Associate,adm-clerical,husband,0,-31700,Single Vehicle Collision,Front Collision,Total Loss,Other,NY,1,Missing,2,1,Missing,48290,Nissan,Maxima,0,1,1,0,0.1818181818181818,0.1818181818181818,0,7692,2,1,0,1994,1,1,0,1,0.0,1.0,Night (0-5),20,100,300,St,old,mid,other,medium,1,20y+,5y+,"(-0.001, 2000000.0]","(1454.674, 1564.724]","(7554.4, 8444.2]",0
128,29,OH,1000,1878.44,0,MALE,High School,other-service,husband,0,-76000,Single Vehicle Collision,Rear Collision,Total Loss,Fire,VA,1,NO,0,0,Missing,59070,Chevrolet,Malibu,0,0,1,0,0.0909090909090909,0.0909090909090909,0,1569,2,4,0,2010,11,4,0,0,0.4999999999999999,0.8660254037844387,Night (0-5),12,500,1000,Hwy,old,mid,sedan,high,2,5y,5y+,"(-0.001, 2000000.0]","(1564.724, 2047.59]","(908.2, 1984.8]",0
69,24,IN,500,1418.5,0,FEMALE,High School,armed-forces,other-relative,0,0,Multi-vehicle Collision,Rear Collision,Minor Damage,Police,NY,3,Missing,0,0,NO,63300,Dodge,RAM,0,1,0,0,0.2,0.1,0,8265,2,2,0,1992,6,2,0,0,-0.2588190451025207,0.9659258262890684,Evening (18-23),3,500,1000,Ridge,new,mid,pickup,high,2,20y+,5y+,"(-0.001, 2000000.0]","(1385.327, 1454.674]","(7554.4, 8444.2]",0
294,46,IL,500,1532.8,0,MALE,College,prof-specialty,own-child,0,0,Single Vehicle Collision,Side Collision,Total Loss,Other,SC,1,NO,0,3,YES,65780,Mercedes,ML350,0,0,0,0,0.1818181818181818,0.1818181818181818,0,1727,2,0,0,2010,6,2,0,0,0.8660254037844387,-0.4999999999999998,Morning (6-11),2,100,300,Hwy,new,premium,other,high,2,5y,5y+,"(-0.001, 2000000.0]","(1454.674, 1564.724]","(908.2, 1984.8]",0
19,29,OH,500,1304.35,0,MALE,JD,transport-moving,not-in-family,0,0,Multi-vehicle Collision,Front Collision,Total Loss,Ambulance,NY,3,NO,0,2,Missing,75400,Dodge,Neon,0,0,1,0,0.1538461538461538,0.1538461538461538,1,4502,2,6,1,2002,10,4,0,0,1.0,6.123233995736766e-17,Morning (6-11),10,250,500,Ridge,old,mid,other,high,2,15y,1–2y,"(-0.001, 2000000.0]","(1257.2, 1322.372]","(3830.6, 4682.0]",1
191,33,OH,2000,1551.61,0,MALE,High School,armed-forces,unmarried,45000,-30400,Vehicle Theft,Missing,Minor Damage,Missing,WV,1,YES,1,1,NO,2250,Toyota,Corolla,1,0,0,1,0.1111111111111111,0.1111111111111111,0,2553,2,5,1,2008,2,1,0,0,0.7071067811865475,0.7071067811865476,Night (0-5),10,500,1000,Drive,old,mid,sedan,low,0,7y,5y+,"(-0.001, 2000000.0]","(1454.674, 1564.724]","(1984.8, 2909.4]",0
4,39,IL,1000,1326.98,6000000,FEMALE,High School,machine-op-inspct,unmarried,64200,0,Multi-vehicle Collision,Front Collision,Minor Damage,Ambulance,VA,3,YES,1,3,Missing,54120,Jeep,Grand Cherokee,0,0,1,0,0.0833333333333333,0.1666666666666666,0,6704,1,1,0,1996,9,3,0,0,-0.5000000000000001,-0.8660254037844386,Afternoon (12-17),8,100,300,Hwy,old,mid,other,medium,1,20y,0–6mo,"(2000000.0, 6000000.0]","(1322.372, 1385.327]","(6660.4, 7554.4]",1
298,49,OH,500,862.92,0,MALE,MD,machine-op-inspct,wife,0,-71700,Multi-vehicle Collision,Side Collision,Major Damage,Other,NY,3,NO,0,2,NO,69480,Saab,95,0,0,0,0,0.1666666666666666,0.1666666666666666,0,6151,1,5,1,1998,3,1,0,1,-0.8660254037844384,-0.5000000000000004,Afternoon (12-17),8,250,500,Ave,old,low,other,high,2,20y,5y+,"(-0.001, 2000000.0]","(433.329, 953.9]","(5658.2, 6660.4]",0
231,43,IN,2000,1331.69,0,FEMALE,Masters,adm-clerical,not-in-family,0,0,Single Vehicle Collision,Rear Collision,Minor Damage,Police,NY,1,Missing,1,2,NO,66950,Chevrolet,Malibu,0,1,0,0,0.1538461538461538,0.1538461538461538,0,1763,2,2,0,2010,4,2,0,1,1.2246467991473532e-16,-1.0,Afternoon (12-17),0,100,300,Lane,new,mid,sedan,high,2,5y,5y+,"(-0.001, 2000000.0]","(1322.372, 1385.327]","(908.2, 1984.8]",1
338,47,OH,2000,1486.04,0,FEMALE,Associate,armed-forces,own-child,0,-56200,Multi-vehicle Collision,Rear Collision,Major Damage,Other,OH,3,NO,2,3,Missing,64100,Dodge,RAM,0,0,1,0,0.2,0.1,1,2546,1,2,0,2008,1,1,0,0,0.2588190451025207,0.9659258262890684,Night (0-5),1,250,500,Hwy,new,mid,pickup,high,2,7y,5y+,"(-0.001, 2000000.0]","(1454.674, 1564.724]","(1984.8, 2909.4]",0
261,46,IN,1000,870.55,0,MALE,PhD,prof-specialty,unmarried,0,-49400,Single Vehicle Collision,Rear Collision,Minor Damage,Other,SC,1,Missing,0,3,Missing,80280,Chevrolet,Tahoe,0,1,1,0,0.1666666666666666,0.1666666666666666,0,5252,1,1,0,2000,9,3,0,0,-0.9659258262890684,0.2588190451025203,Evening (18-23),2,100,300,St,new,mid,suv,high,2,15y,5y+,"(-0.001, 2000000.0]","(433.329, 953.9]","(4682.0, 5658.2]",0
321,44,IL,2000,1344.56,6000000,MALE,Associate,machine-op-inspct,husband,0,-39100,Vehicle Theft,Missing,Trivial Damage,Police,NY,1,Missing,1,2,NO,4680,Accura,MDX,1,1,0,0,0.1111111111111111,0.0,0,2486,2,3,0,2008,4,2,0,1,0.9659258262890684,-0.2588190451025208,Morning (6-11),16,500,1000,Drive,old,mid,other,low,0,7y,5y+,"(2000000.0, 6000000.0]","(1322.372, 1385.327]","(1984.8, 2909.4]",1
0,32,OH,1000,1377.04,0,MALE,College,tech-support,wife,61400,-41100,Multi-vehicle Collision,Rear Collision,Minor Damage,Ambulance,NY,4,Missing,1,1,NO,39720,Accura,MDX,0,1,0,0,0.1666666666666666,0.1666666666666666,0,1429,1,5,1,2011,2,1,0,1,1.0,6.123233995736766e-17,Morning (6-11),13,500,1000,Ridge,old,mid,other,medium,1,4y,0–6mo,"(-0.001, 2000000.0]","(1322.372, 1385.327]","(908.2, 1984.8]",1
405,58,IL,500,1237.88,0,MALE,MD,exec-managerial,not-in-family,0,-46900,Single Vehicle Collision,Front Collision,Major Damage,Police,NY,1,Missing,0,0,Missing,63580,Mercedes,ML350,0,1,1,0,0.0909090909090909,0.0909090909090909,1,994,1,1,0,2012,4,2,0,0,0.258819045102521,-0.9659258262890682,Morning (6-11),18,250,500,Drive,old,premium,other,high,2,3y,5y+,"(-0.001, 2000000.0]","(1197.974, 1257.2]","(908.2, 1984.8]",0
304,49,IN,1000,1525.86,0,FEMALE,PhD,craft-repair,own-child,0,0,Single Vehicle Collision,Side Collision,Minor Damage,Other,NC,1,YES,1,1,YES,73370,Saab,95,0,0,0,0,0.1818181818181818,0.0909090909090909,0,4866,1,2,0,2001,9,3,0,1,0.4999999999999999,0.8660254037844387,Night (0-5),2,100,300,Ridge,new,low,other,high,2,15y,5y+,"(-0.001, 2000000.0]","(1454.674, 1564.724]","(4682.0, 5658.2]",0
1,29,OH,500,854.58,0,FEMALE,JD,craft-repair,other-relative,52200,0,Single Vehicle Collision,Side Collision,Minor Damage,Police,SC,1,Missing,2,3,YES,86790,Honda,CRV,0,1,0,0,0.0909090909090909,0.2727272727272727,0,3144,1,3,0,2006,5,2,1,1,-0.7071067811865475,-0.7071067811865477,Afternoon (12-17),12,500,1000,Drive,old,mid,suv,high,2,9y,0–6mo,"(-0.001, 2000000.0]","(433.329, 953.9]","(2909.4, 3830.6]",0
26,39,IN,1000,770.76,0,MALE,Masters,tech-support,husband,0,-53700,Single Vehicle Collision,Side Collision,Major Damage,Police,WV,1,NO,0,2,Missing,49800,Mercedes,ML350,0,0,1,0,0.2,0.1,0,8420,2,2,0,1992,1,1,0,1,0.0,1.0,Night (0-5),0,250,500,Ave,new,premium,other,medium,1,20y+,2–3y,"(-0.001, 2000000.0]","(433.329, 953.9]","(7554.4, 8444.2]",0
202,38,IL,2000,1132.74,0,FEMALE,Associate,armed-forces,husband,0,-37500,Single Vehicle Collision,Side Collision,Major Damage,Other,WV,1,YES,1,1,NO,77440,Nissan,Ultima,0,0,0,0,0.0909090909090909,0.1818181818181818,0,2202,2,2,0,2009,1,1,0,0,1.2246467991473532e-16,-1.0,Afternoon (12-17),10,100,300,Drive,old,mid,sedan,high,2,7y,5y+,"(-0.001, 2000000.0]","(1124.663, 1197.974]","(1984.8, 2909.4]",0
289,48,IL,500,1173.37,8000000,FEMALE,PhD,handlers-cleaners,own-child,0,-42700,Single Vehicle Collision,Front Collision,Total Loss,Other,SC,1,Missing,1,0,Missing,42900,Accura,TL,0,1,1,0,0.2,0.0,0,7073,1,4,0,1995,8,3,0,0,0.2588190451025207,0.9659258262890684,Night (0-5),16,500,1000,Lane,old,mid,other,medium,1,20y,5y+,"(6000000.0, 10000000.0]","(1124.663, 1197.974]","(6660.4, 7554.4]",0
61,26,OH,2000,1188.28,6000000,FEMALE,JD,farming-fishing,wife,0,-53800,Multi-vehicle Collision,Rear Collision,Major Damage,Fire,VA,2,YES,1,0,NO,53820,Ford,F150,0,0,0,0,0.2222222222222222,0.1111111111111111,1,1294,2,5,1,2011,7,3,1,1,-0.8660254037844384,-0.5000000000000004,Afternoon (12-17),0,100,300,St,new,mid,pickup,medium,1,4y,5y+,"(2000000.0, 6000000.0]","(1124.663, 1197.974]","(908.2, 1984.8]",0
334,46,IL,1000,876.88,6000000,MALE,MD,sales,other-relative,0,0,Single Vehicle Collision,Rear Collision,Minor Damage,Police,WV,1,NO,2,1,NO,57330,Jeep,Grand Cherokee,0,0,0,0,0.2222222222222222,0.1111111111111111,0,728,1,5,1,2013,1,1,0,1,0.4999999999999999,0.8660254037844387,Night (0-5),17,100,300,Hwy,old,mid,other,medium,1,2y,5y+,"(2000000.0, 6000000.0]","(433.329, 953.9]","(-0.001, 908.2]",0
12,24,IL,1000,1143.95,0,FEMALE,PhD,tech-support,other-relative,51400,0,Multi-vehicle Collision,Rear Collision,Minor Damage,Police,NY,3,NO,2,1,Missing,53370,Nissan,Ultima,0,0,1,0,0.1111111111111111,0.1111111111111111,0,7383,2,2,0,1994,11,4,0,0,-0.2588190451025203,-0.9659258262890684,Afternoon (12-17),4,500,1000,Ave,mid,mid,sedan,medium,1,20y+,6–12mo,"(-0.001, 2000000.0]","(1124.663, 1197.974]","(6660.4, 7554.4]",0
86,29,IL,2000,1409.06,0,MALE,High School,prof-specialty,husband,74200,-68100,Single Vehicle Collision,Front Collision,Minor Damage,Police,NY,1,NO,2,2,YES,62920,Accura,MDX,0,0,0,0,0.1538461538461538,0.2307692307692307,0,153,1,4,0,2014,8,3,0,1,0.0,1.0,Night (0-5),10,100,300,Lane,old,mid,other,high,2,0–6mo,5y+,"(-0.001, 2000000.0]","(1385.327, 1454.674]","(-0.001, 908.2]",0
83,24,IN,1000,1070.63,0,FEMALE,High School,machine-op-inspct,unmarried,0,0,Multi-vehicle Collision,Front Collision,Total Loss,Fire,NY,3,Missing,0,1,NO,61600,Honda,CRV,0,1,0,0,0.1,0.2,0,3337,2,4,0,2006,1,1,0,0,0.0,1.0,Night (0-5),12,500,1000,Drive,old,mid,suv,high,2,10y,5y+,"(-0.001, 2000000.0]","(1050.656, 1124.663]","(2909.4, 3830.6]",0
126,30,IL,2000,916.13,0,MALE,College,sales,unmarried,55300,-58400,Multi-vehicle Collision,Rear Collision,Total Loss,Police,NY,3,YES,2,0,NO,74160,Mercedes,E400,0,0,0,0,0.0833333333333333,0.1666666666666666,0,5963,1,2,0,1998,9,3,0,0,-0.8660254037844384,-0.5000000000000004,Afternoon (12-17),13,500,1000,Ridge,old,premium,other,high,2,20y,5y+,"(-0.001, 2000000.0]","(433.329, 953.9]","(5658.2, 6660.4]",0
209,38,OH,500,1191.5,0,MALE,High School,priv-house-serv,husband,38600,-52900,Single Vehicle Collision,Rear Collision,Total Loss,Police,WV,1,NO,2,0,Missing,80100,Audi,A3,0,0,1,0,0.1111111111111111,0.1111111111111111,0,1829,1,5,1,2010,1,1,0,1,0.8660254037844387,-0.4999999999999998,Morning (6-11),0,250,500,Lane,new,premium,sedan,high,2,6y,5y+,"(-0.001, 2000000.0]","(1124.663, 1197.974]","(908.2, 1984.8]",0
283,48,OH,1000,1474.66,0,FEMALE,JD,sales,husband,0,-46200,Parked Car,Missing,Trivial Damage,Police,NY,1,Missing,2,3,NO,6560,Volkswagen,Jetta,1,1,0,0,0.125,0.125,0,4427,2,1,0,2003,1,1,0,1,0.7071067811865476,-0.7071067811865475,Morning (6-11),12,500,1000,Drive,old,mid,other,low,0,15y,5y+,"(-0.001, 2000000.0]","(1454.674, 1564.724]","(3830.6, 4682.0]",0
194,34,IL,1000,1193.45,0,MALE,JD,other-service,not-in-family,0,0,Single Vehicle Collision,Rear Collision,Total Loss,Ambulance,WV,1,Missing,2,1,YES,58800,Nissan,Pathfinder,0,1,0,0,0.2,0.1,0,3897,1,5,1,2004,5,2,0,0,0.258819045102521,-0.9659258262890682,Morning (6-11),18,250,500,Ave,old,mid,suv,high,2,12y,5y+,"(-0.001, 2000000.0]","(1124.663, 1197.974]","(3830.6, 4682.0]",0
184,38,IL,1000,1437.53,0,FEMALE,College,transport-moving,not-in-family,0,0,Multi-vehicle Collision,Side Collision,Minor Damage,Ambulance,PA,3,Missing,0,2,NO,53730,Dodge,RAM,0,1,0,0,0.2222222222222222,0.1111111111111111,1,7448,2,0,0,1994,9,3,0,1,1.0,6.123233995736766e-17,Morning (6-11),2,250,500,Hwy,new,mid,pickup,medium,1,20y+,5y+,"(-0.001, 2000000.0]","(1385.327, 1454.674]","(6660.4, 7554.4]",0
479,60,IL,2000,1304.83,0,FEMALE,College,other-service,husband,0,0,Single Vehicle Collision,Rear Collision,Total Loss,Ambulance,NY,1,NO,0,0,NO,60600,Honda,Civic,0,0,0,0,0.0833333333333333,0.1666666666666666,0,6395,1,4,0,1997,7,3,0,0,-1.0,-1.8369701987210294e-16,Evening (18-23),14,100,300,Lane,old,mid,other,high,2,20y,5y+,"(-0.001, 2000000.0]","(1257.2, 1322.372]","(5658.2, 6660.4]",1
284,48,OH,1000,1168.8,0,FEMALE,JD,tech-support,other-relative,0,-42400,Single Vehicle Collision,Side Collision,Total Loss,Other,NY,1,Missing,0,3,YES,35750,Mercedes,E400,0,1,0,0,0.1818181818181818,0.0909090909090909,0,8765,2,5,1,1991,3,1,0,0,0.258819045102521,-0.9659258262890682,Morning (6-11),14,250,500,Hwy,old,premium,other,medium,1,20y+,5y+,"(-0.001, 2000000.0]","(1124.663, 1197.974]","(8444.2, 9172.0]",0
65,27,IN,1000,1164.97,0,FEMALE,College,adm-clerical,wife,43000,-42500,Single Vehicle Collision,Front Collision,Total Loss,Ambulance,WV,1,Missing,1,2,YES,42840,Chevrolet,Silverado,0,1,0,0,0.0833333333333333,0.1666666666666666,0,4858,1,5,1,2001,9,3,0,1,-0.9659258262890684,-0.2588190451025206,Afternoon (12-17),11,100,300,Lane,old,mid,pickup,medium,1,15y,5y+,"(-0.001, 2000000.0]","(1124.663, 1197.974]","(4682.0, 5658.2]",0
222,39,IL,1000,1232.72,0,MALE,High School,armed-forces,own-child,87800,-51200,Multi-vehicle Collision,Front Collision,Major Damage,Fire,SC,3,Missing,1,0,NO,87960,Jeep,Wrangler,0,1,0,0,0.1666666666666666,0.1666666666666666,1,1126,2,0,0,2012,1,1,0,0,-0.7071067811865477,0.7071067811865474,Evening (18-23),16,250,500,Drive,old,mid,other,high,2,4y,5y+,"(-0.001, 2000000.0]","(1197.974, 1257.2]","(908.2, 1984.8]",0
196,41,IL,2000,1800.76,0,MALE,JD,protective-serv,other-relative,0,-78600,Multi-vehicle Collision,Rear Collision,Minor Damage,Ambulance,SC,3,NO,1,0,NO,47800,Jeep,Grand Cherokee,0,0,0,0,0.1,0.1,0,4941,1,2,0,2001,7,3,0,0,0.0,1.0,Night (0-5),6,250,500,Ave,mid,mid,other,medium,1,15y,5y+,"(-0.001, 2000000.0]","(1564.724, 2047.59]","(4682.0, 5658.2]",0
253,43,IL,500,1187.01,7000000,FEMALE,Associate,tech-support,unmarried,46300,-33000,Vehicle Theft,Missing,Trivial Damage,Police,NY,1,NO,0,1,Missing,3840,Chevrolet,Tahoe,1,0,1,0,0.1666666666666666,0.1666666666666666,0,8580,2,0,0,1991,8,3,0,1,0.7071067811865476,-0.7071067811865475,Morning (6-11),1,500,1000,Drive,new,mid,suv,low,0,20y+,5y+,"(6000000.0, 10000000.0]","(1124.663, 1197.974]","(8444.2, 9172.0]",0
280,43,IN,1000,1559.34,0,MALE,JD,transport-moving,own-child,0,-51600,Single Vehicle Collision,Front Collision,Total Loss,Fire,NY,1,NO,0,2,Missing,77000,Accura,RSX,0,0,1,0,0.1818181818181818,0.0909090909090909,0,938,2,1,0,2012,7,3,0,1,0.2588190451025207,0.9659258262890684,Night (0-5),11,100,300,Lane,old,mid,other,high,2,3y,5y+,"(-0.001, 2000000.0]","(1454.674, 1564.724]","(908.2, 1984.8]",0
5,26,IL,2000,1137.02,0,FEMALE,PhD,farming-fishing,not-in-family,31500,0,Single Vehicle Collision,Rear Collision,Total Loss,Ambulance,WV,1,YES,1,3,Missing,88110,Audi,A5,0,0,1,0,0.1818181818181818,0.1818181818181818,0,182,1,6,1,2014,7,3,0,0,-0.5000000000000004,0.8660254037844384,Evening (18-23),12,250,500,Hwy,old,premium,sedan,high,2,0–6mo,0–6mo,"(-0.001, 2000000.0]","(1124.663, 1197.974]","(-0.001, 908.2]",0
220,42,IN,1000,1281.72,0,MALE,College,farming-fishing,other-relative,33500,-49500,Multi-vehicle Collision,Rear Collision,Minor Damage,Fire,SC,4,NO,0,2,YES,47740,Honda,Civic,0,0,0,0,0.0909090909090909,0.0909090909090909,0,7494,2,4,0,1994,8,3,0,1,-0.8660254037844386,0.5000000000000001,Evening (18-23),10,100,300,Drive,old,mid,other,medium,1,20y+,5y+,"(-0.001, 2000000.0]","(1257.2, 1322.372]","(6660.4, 7554.4]",0
85,30,OH,1000,796.35,0,FEMALE,MD,craft-repair,own-child,72400,-77000,Multi-vehicle Collision,Rear Collision,Total Loss,Fire,SC,3,YES,2,1,YES,58960,Ford,F150,0,0,0,0,0.0909090909090909,0.1818181818181818,0,4821,2,4,0,2001,12,4,0,0,0.7071067811865476,-0.7071067811865475,Morning (6-11),11,100,300,Ave,old,mid,pickup,high,2,15y,5y+,"(-0.001, 2000000.0]","(433.329, 953.9]","(4682.0, 5658.2]",0
266,46,OH,500,1270.02,0,FEMALE,Associate,tech-support,own-child,0,-45800,Parked Car,Missing,Minor Damage,Police,NC,1,NO,1,2,Missing,2160,Toyota,Corolla,1,0,1,0,0.2222222222222222,0.1111111111111111,0,9066,1,3,0,1990,3,1,0,0,0.9659258262890684,0.2588190451025207,Night (0-5),11,250,500,Ridge,old,mid,sedan,low,0,20y+,5y+,"(-0.001, 2000000.0]","(1257.2, 1322.372]","(8444.2, 9172.0]",0
41,26,IL,1000,1383.13,0,FEMALE,JD,prof-specialty,own-child,46700,0,Vehicle Theft,Missing,Trivial Damage,Police,SC,1,YES,1,1,Missing,6890,Jeep,Grand Cherokee,1,0,1,0,0.0769230769230769,0.1538461538461538,0,3259,2,5,1,2006,3,1,0,0,1.2246467991473532e-16,-1.0,Afternoon (12-17),18,100,300,Drive,old,mid,other,low,0,9y,3–5y,"(-0.001, 2000000.0]","(1322.372, 1385.327]","(2909.4, 3830.6]",1
316,45,IL,2000,1290.74,5000000,FEMALE,High School,prof-specialty,husband,58300,0,Multi-vehicle Collision,Side Collision,Major Damage,Ambulance,VA,3,NO,2,0,YES,78870,Suburu,Legacy,0,0,0,0,0.0909090909090909,0.1818181818181818,0,416,2,3,0,2013,12,4,0,1,1.0,6.123233995736766e-17,Morning (6-11),2,100,300,Hwy,new,mid,other,high,2,2y,5y+,"(2000000.0, 6000000.0]","(1257.2, 1322.372]","(-0.001, 908.2]",0
285,47,IN,1000,1216.68,0,FEMALE,Masters,sales,other-relative,55100,0,Vehicle Theft,Missing,Trivial Damage,Police,SC,1,NO,1,1,NO,2700,Ford,F150,1,0,0,0,0.1111111111111111,0.1111111111111111,0,8499,1,1,0,1991,9,3,0,0,0.8660254037844387,-0.4999999999999998,Morning (6-11),2,100,300,Drive,new,mid,pickup,low,0,20y+,5y+,"(-0.001, 2000000.0]","(1197.974, 1257.2]","(8444.2, 9172.0]",0
379,54,IL,500,1251.16,0,FEMALE,Associate,machine-op-inspct,not-in-family,41400,0,Single Vehicle Collision,Front Collision,Total Loss,Ambulance,WV,1,Missing,0,1,NO,75960,Jeep,Grand Cherokee,0,1,0,0,0.0833333333333333,0.0833333333333333,0,4798,2,6,1,2001,12,4,0,1,-0.5000000000000001,-0.8660254037844386,Afternoon (12-17),5,100,300,Ridge,mid,mid,other,high,2,15y,5y+,"(-0.001, 2000000.0]","(1197.974, 1257.2]","(4682.0, 5658.2]",0
15,34,IN,2000,1586.41,0,FEMALE,High School,sales,other-relative,33500,-58900,Single Vehicle Collision,Front Collision,Major Damage,Police,WV,1,YES,1,3,Missing,75570,BMW,X5,0,0,1,0,0.0909090909090909,0.1818181818181818,1,3575,1,1,0,2005,4,2,0,1,0.4999999999999999,-0.8660254037844387,Morning (6-11),5,250,500,St,mid,premium,suv,high,2,10y,1–2y,"(-0.001, 2000000.0]","(1564.724, 2047.59]","(2909.4, 3830.6]",0
354,48,IL,2000,1526.11,5000000,FEMALE,Masters,sales,unmarried,0,0,Single Vehicle Collision,Front Collision,Minor Damage,Police,SC,1,Missing,2,3,YES,90240,Chevrolet,Malibu,0,1,0,0,0.1666666666666666,0.1666666666666666,0,4288,1,5,1,2003,4,2,0,1,1.2246467991473532e-16,-1.0,Afternoon (12-17),20,500,1000,Ridge,old,mid,sedan,high,2,12y,5y+,"(2000000.0, 6000000.0]","(1454.674, 1564.724]","(3830.6, 4682.0]",0
342,53,IN,1000,1028.44,0,FEMALE,College,prof-specialty,not-in-family,0,0,Single Vehicle Collision,Front Collision,Major Damage,Ambulance,SC,1,Missing,0,0,NO,80960,Accura,MDX,0,1,0,0,0.1818181818181818,0.0909090909090909,0,3360,1,0,0,2005,11,4,0,0,1.2246467991473532e-16,-1.0,Afternoon (12-17),15,100,300,Lane,old,mid,other,high,2,10y,5y+,"(-0.001, 2000000.0]","(953.9, 1050.656]","(2909.4, 3830.6]",0
169,38,IL,1000,1555.94,0,MALE,PhD,craft-repair,own-child,23300,0,Multi-vehicle Collision,Front Collision,Total Loss,Other,VA,3,NO,1,3,YES,79080,Mercedes,C300,0,0,0,0,0.0833333333333333,0.1666666666666666,0,3670,1,6,1,2005,1,1,0,0,1.2246467991473532e-16,-1.0,Afternoon (12-17),3,100,300,St,new,premium,sedan,high,2,12y,5y+,"(-0.001, 2000000.0]","(1454.674, 1564.724]","(2909.4, 3830.6]",0
339,49,IN,2000,1570.77,0,MALE,JD,adm-clerical,not-in-family,98800,-65300,Vehicle Theft,Missing,Minor Damage,Missing,SC,1,NO,0,3,NO,6820,Mercedes,ML350,1,0,0,1,0.1818181818181818,0.0909090909090909,0,7643,1,6,1,1994,2,1,0,1,-0.2588190451025203,-0.9659258262890684,Afternoon (12-17),6,500,1000,Ridge,mid,premium,other,low,0,20y+,5y+,"(-0.001, 2000000.0]","(1564.724, 2047.59]","(7554.4, 8444.2]",0
259,42,OH,2000,1170.53,0,FEMALE,PhD,armed-forces,wife,65000,-49200,Multi-vehicle Collision,Rear Collision,Total Loss,Fire,WV,3,NO,1,2,YES,62590,Nissan,Pathfinder,0,0,0,0,0.0909090909090909,0.1818181818181818,0,6929,1,0,0,1996,1,1,0,0,-0.9659258262890684,-0.2588190451025206,Afternoon (12-17),9,100,300,St,old,mid,suv,high,2,20y,5y+,"(-0.001, 2000000.0]","(1124.663, 1197.974]","(6660.4, 7554.4]",0
65,23,OH,1000,1099.95,0,FEMALE,College,sales,wife,0,-71900,Single Vehicle Collision,Side Collision,Major Damage,Other,NY,1,NO,1,0,YES,52400,Accura,MDX,0,0,0,0,0.125,0.125,1,5513,1,3,0,1999,12,4,0,0,-0.5000000000000001,-0.8660254037844386,Afternoon (12-17),10,250,500,Ridge,old,mid,other,medium,1,20y,5y+,"(-0.001, 2000000.0]","(1050.656, 1124.663]","(4682.0, 5658.2]",0
254,46,IL,2000,1472.43,0,MALE,MD,tech-support,husband,0,-90600,Multi-vehicle Collision,Front Collision,Major Damage,Ambulance,WV,3,Missing,1,3,YES,63580,Volkswagen,Jetta,0,1,0,0,0.0909090909090909,0.1818181818181818,0,3831,1,5,1,2004,7,3,0,0,0.7071067811865475,0.7071067811865476,Night (0-5),11,250,500,Ridge,old,mid,other,high,2,12y,5y+,"(-0.001, 2000000.0]","(1454.674, 1564.724]","(3830.6, 4682.0]",0
440,55,IL,500,1275.62,0,FEMALE,Associate,priv-house-serv,other-relative,0,-56200,Multi-vehicle Collision,Side Collision,Minor Damage,Police,NY,3,YES,2,1,NO,61400,Nissan,Ultima,0,0,0,0,0.1,0.1,0,807,1,4,0,2012,11,4,0,0,-1.0,-1.8369701987210294e-16,Evening (18-23),20,250,500,Hwy,old,mid,sedan,high,2,3y,5y+,"(-0.001, 2000000.0]","(1257.2, 1322.372]","(-0.001, 908.2]",0
478,63,IL,1000,1292.3,0,MALE,High School,adm-clerical,own-child,47600,0,Parked Car,Missing,Minor Damage,Missing,VA,1,YES,1,3,NO,4700,Dodge,Neon,1,0,0,1,0.2,0.1,1,2063,2,5,1,2009,6,2,0,0,0.9659258262890684,0.2588190451025207,Night (0-5),8,250,500,Lane,old,mid,other,low,0,6y,5y+,"(-0.001, 2000000.0]","(1257.2, 1322.372]","(1984.8, 2909.4]",0
230,44,IN,2000,1009.37,0,FEMALE,College,prof-specialty,other-relative,45400,-39400,Single Vehicle Collision,Front Collision,Total Loss,Fire,SC,1,NO,0,2,YES,74140,BMW,X5,0,0,0,0,0.1818181818181818,0.1818181818181818,0,5349,2,1,0,2000,6,2,0,1,-0.9659258262890684,0.2588190451025203,Evening (18-23),0,250,500,Ave,new,premium,suv,high,2,15y,5y+,"(-0.001, 2000000.0]","(953.9, 1050.656]","(4682.0, 5658.2]",0
138,30,OH,500,1093.07,4000000,FEMALE,PhD,other-service,wife,27700,-72400,Single Vehicle Collision,Front Collision,Major Damage,Other,VA,1,Missing,2,2,NO,83160,Volkswagen,Jetta,0,1,0,0,0.0833333333333333,0.1666666666666666,0,4745,1,1,0,2002,1,1,0,0,0.0,1.0,Night (0-5),4,500,1000,Hwy,mid,mid,other,high,2,15y,5y+,"(2000000.0, 6000000.0]","(1050.656, 1124.663]","(4682.0, 5658.2]",0
239,41,OH,1000,1325.44,7000000,FEMALE,JD,farming-fishing,other-relative,51400,-6300,Parked Car,Missing,Trivial Damage,Police,NC,1,Missing,0,2,YES,10790,Mercedes,E400,1,1,0,0,0.1538461538461538,0.0769230769230769,0,464,2,2,0,2013,11,4,0,1,-0.5000000000000004,0.8660254037844384,Evening (18-23),2,250,500,Drive,new,premium,other,low,0,2y,5y+,"(6000000.0, 10000000.0]","(1322.372, 1385.327]","(-0.001, 908.2]",1
93,31,IL,2000,1017.18,0,FEMALE,MD,prof-specialty,husband,0,0,Multi-vehicle Collision,Rear Collision,Major Damage,Police,NC,3,YES,1,3,NO,48070,Saab,92x,0,0,0,0,0.1818181818181818,0.1818181818181818,0,2591,2,1,0,2008,1,1,0,1,-0.7071067811865477,0.7071067811865474,Evening (18-23),1,100,300,Ave,new,low,other,medium,1,8y,5y+,"(-0.001, 2000000.0]","(953.9, 1050.656]","(1984.8, 2909.4]",0
37,25,OH,1000,1221.17,0,FEMALE,Masters,protective-serv,not-in-family,49300,0,Multi-vehicle Collision,Rear Collision,Minor Damage,Ambulance,SC,3,YES,0,0,YES,51030,Suburu,Impreza,0,0,0,0,0.1111111111111111,0.2222222222222222,0,4344,1,5,1,2003,3,1,0,0,0.8660254037844386,0.5000000000000001,Night (0-5),19,100,300,St,old,mid,other,medium,1,12y,3–5y,"(-0.001, 2000000.0]","(1197.974, 1257.2]","(3830.6, 4682.0]",0
254,40,IN,500,1927.87,0,MALE,MD,prof-specialty,husband,0,0,Single Vehicle Collision,Front Collision,Minor Damage,Fire,VA,1,YES,0,1,Missing,43280,Honda,Civic,0,0,1,0,0.0,0.125,1,7533,1,2,0,1994,6,2,0,1,0.4999999999999999,-0.8660254037844387,Morning (6-11),19,100,300,Lane,old,mid,other,medium,1,20y+,5y+,"(-0.001, 2000000.0]","(1564.724, 2047.59]","(6660.4, 7554.4]",0
131,29,IN,1000,978.27,0,FEMALE,Associate,sales,own-child,65700,0,Single Vehicle Collision,Front Collision,Major Damage,Fire,SC,1,Missing,1,3,NO,76400,Suburu,Forrestor,0,1,0,0,0.2,0.1,0,579,2,1,0,2013,7,3,0,1,0.9659258262890684,0.2588190451025207,Night (0-5),12,250,500,Ridge,old,mid,other,high,2,2y,5y+,"(-0.001, 2000000.0]","(953.9, 1050.656]","(-0.001, 908.2]",0
230,43,IN,2000,1221.14,0,MALE,MD,prof-specialty,wife,48100,0,Single Vehicle Collision,Side Collision,Total Loss,Ambulance,VA,1,Missing,0,2,Missing,75460,Audi,A5,0,1,1,0,0.1818181818181818,0.1818181818181818,0,4574,1,2,0,2002,6,2,0,0,-0.2588190451025203,-0.9659258262890684,Afternoon (12-17),13,100,300,Ridge,old,premium,sedan,high,2,15y,5y+,"(-0.001, 2000000.0]","(1197.974, 1257.2]","(3830.6, 4682.0]",0
313,50,OH,2000,1255.62,0,MALE,MD,armed-forces,unmarried,0,0,Multi-vehicle Collision,Side Collision,Major Damage,Other,OH,3,YES,2,1,YES,69000,Ford,F150,0,0,0,0,0.2,0.1,1,3869,2,0,0,2004,6,2,0,1,-1.0,-1.8369701987210294e-16,Evening (18-23),20,100,300,Ridge,old,mid,pickup,high,2,12y,5y+,"(-0.001, 2000000.0]","(1197.974, 1257.2]","(3830.6, 4682.0]",0
210,38,IN,500,999.52,0,MALE,JD,tech-support,other-relative,0,0,Vehicle Theft,Missing,Minor Damage,Police,VA,1,Missing,1,2,NO,8640,Accura,TL,1,1,0,0,0.1666666666666666,0.0833333333333333,0,5869,1,1,0,1998,12,4,0,0,1.0,6.123233995736766e-17,Morning (6-11),7,250,500,Ridge,mid,mid,other,low,0,20y,5y+,"(-0.001, 2000000.0]","(953.9, 1050.656]","(5658.2, 6660.4]",0
101,29,OH,500,1380.89,0,MALE,PhD,armed-forces,own-child,30000,-53000,Multi-vehicle Collision,Rear Collision,Minor Damage,Ambulance,SC,3,Missing,2,1,Missing,67210,BMW,X6,0,1,1,0,0.1818181818181818,0.1818181818181818,0,181,2,5,1,2014,8,3,0,0,0.0,1.0,Night (0-5),19,250,500,Ave,old,premium,other,high,2,0–6mo,5y+,"(-0.001, 2000000.0]","(1322.372, 1385.327]","(-0.001, 908.2]",1
153,37,IN,500,1010.77,0,MALE,High School,transport-moving,unmarried,52300,-55600,Multi-vehicle Collision,Side Collision,Total Loss,Ambulance,NC,3,Missing,0,3,NO,42500,Volkswagen,Jetta,0,1,0,0,0.1,0.1,0,3354,1,4,0,2005,11,4,0,0,0.9659258262890684,0.2588190451025207,Night (0-5),16,500,1000,Lane,old,mid,other,medium,1,10y,5y+,"(-0.001, 2000000.0]","(953.9, 1050.656]","(2909.4, 3830.6]",0
337,53,OH,500,1205.86,0,MALE,Associate,armed-forces,wife,0,-34600,Single Vehicle Collision,Rear Collision,Minor Damage,Fire,SC,1,YES,0,1,NO,86400,Accura,RSX,0,0,0,0,0.1666666666666666,0.0833333333333333,0,5386,2,6,1,2000,5,2,1,1,0.8660254037844387,-0.4999999999999998,Morning (6-11),14,100,300,Ave,old,mid,other,high,2,15y,5y+,"(-0.001, 2000000.0]","(1197.974, 1257.2]","(4682.0, 5658.2]",0
360,51,IL,1000,1526.61,0,MALE,Masters,handlers-cleaners,not-in-family,0,-32900,Vehicle Theft,Missing,Minor Damage,Police,SC,1,YES,2,2,Missing,4620,Dodge,RAM,1,0,1,0,0.1818181818181818,0.1818181818181818,1,4813,1,4,0,2001,11,4,0,1,0.9659258262890684,0.2588190451025207,Night (0-5),6,500,1000,Ridge,mid,mid,pickup,low,0,15y,5y+,"(-0.001, 2000000.0]","(1454.674, 1564.724]","(4682.0, 5658.2]",0
428,53,IL,1000,1496.44,0,FEMALE,High School,tech-support,unmarried,0,0,Parked Car,Missing,Trivial Damage,Police,NC,1,YES,2,2,NO,6930,Honda,CRV,1,0,0,0,0.0909090909090909,0.1818181818181818,0,286,2,0,0,2014,5,2,1,1,0.7071067811865476,-0.7071067811865475,Morning (6-11),2,100,300,Ave,new,mid,suv,low,0,1y,5y+,"(-0.001, 2000000.0]","(1454.674, 1564.724]","(-0.001, 908.2]",0
204,40,IL,500,1256.2,0,FEMALE,JD,sales,not-in-family,0,0,Multi-vehicle Collision,Side Collision,Minor Damage,Other,SC,3,YES,1,2,YES,41700,Saab,95,0,0,0,0,0.2,0.2,0,8746,1,2,0,1991,1,1,0,0,0.4999999999999999,-0.8660254037844387,Morning (6-11),2,100,300,Lane,new,low,other,medium,1,20y+,5y+,"(-0.001, 2000000.0]","(1197.974, 1257.2]","(8444.2, 9172.0]",0
364,51,IL,500,1268.35,0,MALE,Masters,transport-moving,wife,0,0,Single Vehicle Collision,Rear Collision,Major Damage,Other,NY,1,YES,2,1,NO,77330,Volkswagen,Jetta,0,0,0,0,0.1818181818181818,0.1818181818181818,1,8292,1,5,1,1992,4,2,0,0,-0.8660254037844384,-0.5000000000000004,Afternoon (12-17),1,100,300,Ave,new,mid,other,high,2,20y+,5y+,"(-0.001, 2000000.0]","(1257.2, 1322.372]","(7554.4, 8444.2]",0
185,35,IN,2000,1421.59,0,MALE,College,other-service,own-child,0,0,Vehicle Theft,Missing,Trivial Damage,Police,WV,1,Missing,2,3,YES,4950,Ford,F150,1,1,0,0,0.1818181818181818,0.0909090909090909,0,5446,1,5,1,2000,3,1,0,1,0.8660254037844387,-0.4999999999999998,Morning (6-11),4,500,1000,St,mid,mid,pickup,low,0,15y,5y+,"(-0.001, 2000000.0]","(1385.327, 1454.674]","(4682.0, 5658.2]",0
63,26,IL,500,1500.04,6000000,MALE,PhD,craft-repair,own-child,0,-36500,Vehicle Theft,Missing,Minor Damage,Police,NC,1,NO,0,2,YES,5160,Accura,TL,1,0,0,0,0.1666666666666666,0.1666666666666666,0,7064,2,4,0,1995,10,4,0,1,0.9659258262890684,0.2588190451025207,Night (0-5),11,500,1000,Hwy,old,mid,other,low,0,20y,5y+,"(2000000.0, 6000000.0]","(1454.674, 1564.724]","(6660.4, 7554.4]",0
210,35,IL,500,1433.24,0,FEMALE,College,exec-managerial,not-in-family,0,-19500,Multi-vehicle Collision,Side Collision,Total Loss,Fire,WV,3,NO,2,1,Missing,24570,Saab,95,0,0,1,0,0.1111111111111111,0.1111111111111111,1,303,2,6,1,2014,4,2,0,0,0.258819045102521,-0.9659258262890682,Morning (6-11),9,100,300,Lane,old,low,other,low,0,1y,5y+,"(-0.001, 2000000.0]","(1385.327, 1454.674]","(-0.001, 908.2]",0
194,38,IN,2000,1231.25,0,FEMALE,PhD,craft-repair,not-in-family,46500,0,Multi-vehicle Collision,Rear Collision,Minor Damage,Ambulance,WV,3,Missing,1,0,Missing,53680,Toyota,Camry,0,1,1,0,0.0909090909090909,0.1818181818181818,0,1443,1,3,0,2011,1,1,0,0,-0.7071067811865475,-0.7071067811865477,Afternoon (12-17),4,100,300,Drive,mid,mid,sedan,medium,1,4y,5y+,"(-0.001, 2000000.0]","(1197.974, 1257.2]","(908.2, 1984.8]",0
294,49,IN,500,1135.43,0,MALE,Masters,farming-fishing,own-child,22700,0,Multi-vehicle Collision,Side Collision,Total Loss,Police,WV,3,YES,1,1,YES,42900,Chevrolet,Malibu,0,0,0,0,0.0909090909090909,0.0909090909090909,0,6949,2,2,0,1996,1,1,0,0,-0.2588190451025207,0.9659258262890684,Evening (18-23),5,500,1000,Lane,mid,mid,sedan,medium,1,20y,5y+,"(-0.001, 2000000.0]","(1124.663, 1197.974]","(6660.4, 7554.4]",0
272,41,OH,2000,945.73,5000000,MALE,MD,protective-serv,wife,38600,-42800,Single Vehicle Collision,Front Collision,Minor Damage,Fire,NY,1,NO,0,0,NO,84100,Ford,Escape,0,0,0,0,0.2,0.1,1,8703,2,2,0,1991,4,2,0,0,-0.2588190451025207,0.9659258262890684,Evening (18-23),6,250,500,Hwy,mid,mid,other,high,2,20y+,5y+,"(2000000.0, 6000000.0]","(433.329, 953.9]","(8444.2, 9172.0]",0
27,27,IN,2000,1118.76,0,FEMALE,College,adm-clerical,own-child,0,-55800,Single Vehicle Collision,Front Collision,Total Loss,Fire,NY,1,Missing,1,3,Missing,61560,Ford,Fusion,0,1,1,0,0.1111111111111111,0.1111111111111111,0,4625,2,3,0,2002,6,2,0,0,-0.2588190451025207,0.9659258262890684,Evening (18-23),7,100,300,Ridge,mid,mid,other,high,2,15y,2–3y,"(-0.001, 2000000.0]","(1050.656, 1124.663]","(3830.6, 4682.0]",0
251,39,IN,2000,1231.98,0,FEMALE,Associate,other-service,not-in-family,0,-31700,Single Vehicle Collision,Rear Collision,Minor Damage,Police,NY,1,YES,0,0,Missing,44240,Dodge,RAM,0,0,1,0,0.125,0.125,0,5753,1,3,0,1999,4,2,0,0,0.4999999999999999,-0.8660254037844387,Morning (6-11),18,500,1000,Ave,old,mid,pickup,medium,1,20y,5y+,"(-0.001, 2000000.0]","(1197.974, 1257.2]","(5658.2, 6660.4]",0
180,33,IN,2000,1005.47,0,FEMALE,JD,protective-serv,own-child,58100,-49000,Multi-vehicle Collision,Rear Collision,Minor Damage,Ambulance,VA,4,Missing,2,3,YES,57700,Jeep,Grand Cherokee,0,1,0,0,0.2,0.1,0,2128,2,6,1,2009,4,2,0,1,1.2246467991473532e-16,-1.0,Afternoon (12-17),13,500,1000,Ave,old,mid,other,medium,1,6y,5y+,"(-0.001, 2000000.0]","(953.9, 1050.656]","(1984.8, 2909.4]",0
392,50,OH,2000,1108.97,0,FEMALE,PhD,exec-managerial,not-in-family,68400,-66800,Single Vehicle Collision,Side Collision,Minor Damage,Other,WV,1,NO,2,2,YES,108030,Saab,92x,0,0,0,0,0.1538461538461538,0.1538461538461538,0,8546,1,2,0,1991,8,3,0,0,0.8660254037844386,0.5000000000000001,Night (0-5),13,100,300,Ridge,old,low,other,high,2,20y+,5y+,"(-0.001, 2000000.0]","(1050.656, 1124.663]","(8444.2, 9172.0]",0
143,30,IN,500,1392.39,5000000,FEMALE,High School,exec-managerial,unmarried,0,-65700,Single Vehicle Collision,Rear Collision,Minor Damage,Fire,SC,1,NO,2,0,YES,54300,Toyota,Highlander,0,0,0,0,0.2,0.1,0,8446,1,0,0,1991,11,4,0,0,-0.8660254037844384,-0.5000000000000004,Afternoon (12-17),5,100,300,Lane,mid,mid,suv,medium,1,20y+,5y+,"(2000000.0, 6000000.0]","(1385.327, 1454.674]","(8444.2, 9172.0]",1
371,54,IN,2000,1317.97,0,MALE,High School,craft-repair,wife,34700,-81000,Multi-vehicle Collision,Front Collision,Major Damage,Ambulance,SC,3,Missing,1,2,Missing,32280,Ford,Fusion,0,1,1,0,0.1666666666666666,0.1666666666666666,1,996,1,6,1,2012,4,2,0,1,-1.0,-1.8369701987210294e-16,Evening (18-23),5,100,300,Ridge,mid,mid,other,low,0,3y,5y+,"(-0.001, 2000000.0]","(1257.2, 1322.372]","(908.2, 1984.8]",1
292,42,IN,1000,1588.22,0,MALE,JD,machine-op-inspct,other-relative,0,-53800,Multi-vehicle Collision,Rear Collision,Total Loss,Other,WV,3,YES,1,1,NO,84600,Chevrolet,Malibu,0,0,0,0,0.2,0.1,0,2874,1,3,0,2007,3,1,0,0,-0.7071067811865475,-0.7071067811865477,Afternoon (12-17),8,250,500,Lane,old,mid,sedan,high,2,8y,5y+,"(-0.001, 2000000.0]","(1564.724, 2047.59]","(1984.8, 2909.4]",0
165,35,IL,500,900.02,6000000,MALE,College,craft-repair,own-child,0,-49900,Single Vehicle Collision,Front Collision,Total Loss,Other,SC,1,NO,1,3,YES,69700,BMW,3 Series,0,0,0,0,0.1,0.1,0,785,2,1,0,2012,12,4,0,0,0.8660254037844387,-0.4999999999999998,Morning (6-11),7,250,500,Hwy,mid,premium,other,high,2,3y,5y+,"(2000000.0, 6000000.0]","(433.329, 953.9]","(-0.001, 908.2]",0
158,33,OH,1000,1744.64,3000000,MALE,JD,prof-specialty,unmarried,0,0,Multi-vehicle Collision,Rear Collision,Total Loss,Ambulance,WV,3,NO,0,1,NO,36400,Volkswagen,Jetta,0,0,0,0,0.1,0.2,0,413,2,5,1,2013,12,4,0,0,0.8660254037844386,0.5000000000000001,Night (0-5),17,100,300,Ridge,old,mid,other,medium,1,2y,5y+,"(2000000.0, 6000000.0]","(1564.724, 2047.59]","(-0.001, 908.2]",0
241,39,OH,1000,1260.56,0,FEMALE,JD,adm-clerical,own-child,0,-54900,Multi-vehicle Collision,Side Collision,Minor Damage,Police,SC,3,NO,0,2,YES,37520,Jeep,Wrangler,0,0,0,0,0.125,0.125,0,3587,2,6,1,2005,4,2,0,0,-0.8660254037844386,0.5000000000000001,Evening (18-23),5,250,500,Lane,mid,mid,other,medium,1,10y,5y+,"(-0.001, 2000000.0]","(1257.2, 1322.372]","(2909.4, 3830.6]",0
103,33,OH,2000,1021.14,0,FEMALE,Masters,other-service,wife,69500,-47700,Multi-vehicle Collision,Side Collision,Major Damage,Ambulance,NY,3,NO,2,3,Missing,79090,Dodge,RAM,0,0,1,0,0.1818181818181818,0.1818181818181818,0,7429,1,0,0,1994,9,3,1,1,0.2588190451025207,0.9659258262890684,Night (0-5),1,500,1000,Hwy,new,mid,pickup,high,2,20y+,5y+,"(-0.001, 2000000.0]","(953.9, 1050.656]","(6660.4, 7554.4]",0
402,54,OH,2000,1285.09,0,MALE,JD,farming-fishing,not-in-family,48000,-79600,Single Vehicle Collision,Rear Collision,Major Damage,Other,NY,1,NO,0,2,YES,67770,Mercedes,ML350,0,0,0,0,0.1111111111111111,0.2222222222222222,1,4214,2,5,1,2003,8,3,0,0,-0.9659258262890684,0.2588190451025203,Evening (18-23),2,250,500,Drive,new,premium,other,high,2,12y,5y+,"(-0.001, 2000000.0]","(1257.2, 1322.372]","(3830.6, 4682.0]",0
102,32,OH,500,1537.07,3000000,MALE,JD,tech-support,wife,0,0,Single Vehicle Collision,Side Collision,Total Loss,Other,OH,1,NO,1,0,NO,47400,Chevrolet,Silverado,0,0,0,0,0.2,0.1,1,155,2,2,0,2014,9,3,0,0,0.258819045102521,-0.9659258262890682,Morning (6-11),11,100,300,Lane,old,mid,pickup,medium,1,0–6mo,5y+,"(2000000.0, 6000000.0]","(1454.674, 1564.724]","(-0.001, 908.2]",0
182,40,IN,1000,1022.42,0,MALE,PhD,other-service,husband,50000,-56900,Single Vehicle Collision,Front Collision,Total Loss,Other,SC,1,YES,0,2,Missing,71100,Audi,A3,0,0,1,0,0.1,0.2,0,1163,2,1,0,2011,12,4,0,1,-0.2588190451025203,-0.9659258262890684,Afternoon (12-17),7,100,300,Ridge,mid,premium,sedan,high,2,4y,5y+,"(-0.001, 2000000.0]","(953.9, 1050.656]","(908.2, 1984.8]",0
282,46,OH,2000,1558.86,0,MALE,MD,other-service,wife,51100,-75100,Single Vehicle Collision,Front Collision,Minor Damage,Police,NY,1,Missing,2,2,NO,69400,BMW,M5,0,1,0,0,0.2,0.1,0,8585,2,1,0,1991,8,3,0,1,0.4999999999999999,0.8660254037844387,Night (0-5),3,100,300,Ridge,new,premium,other,high,2,20y+,5y+,"(-0.001, 2000000.0]","(1454.674, 1564.724]","(8444.2, 9172.0]",0
222,39,OH,500,1757.87,0,MALE,High School,transport-moving,not-in-family,71400,0,Multi-vehicle Collision,Rear Collision,Major Damage,Other,SC,3,YES,2,1,Missing,55000,Saab,93,0,0,1,0,0.0909090909090909,0.1818181818181818,1,3975,1,5,1,2004,2,1,0,1,0.7071067811865476,-0.7071067811865475,Morning (6-11),19,500,1000,St,old,low,other,medium,1,12y,5y+,"(-0.001, 2000000.0]","(1564.724, 2047.59]","(3830.6, 4682.0]",0
415,52,IN,1000,973.5,0,MALE,PhD,machine-op-inspct,not-in-family,50400,0,Multi-vehicle Collision,Rear Collision,Total Loss,Police,WV,2,YES,1,3,YES,51090,Toyota,Highlander,0,0,0,0,0.1538461538461538,0.1538461538461538,0,0,2,0,0,2015,2,1,0,1,-0.7071067811865475,-0.7071067811865477,Afternoon (12-17),12,250,500,Drive,old,mid,suv,medium,1,0–6mo,5y+,"(-0.001, 2000000.0]","(953.9, 1050.656]","(-0.001, 908.2]",0
51,34,OH,500,1430.8,0,MALE,PhD,machine-op-inspct,unmarried,0,0,Single Vehicle Collision,Side Collision,Major Damage,Fire,NY,1,Missing,2,3,NO,64200,Honda,Civic,0,1,0,0,0.1,0.3,1,414,2,3,0,2013,12,4,0,1,-0.2588190451025207,0.9659258262890684,Evening (18-23),8,500,1000,Ridge,old,mid,other,high,2,2y,3–5y,"(-0.001, 2000000.0]","(1385.327, 1454.674]","(-0.001, 908.2]",0
255,45,IL,500,1192.27,0,MALE,High School,sales,own-child,0,-40200,Single Vehicle Collision,Front Collision,Total Loss,Other,NC,1,NO,2,0,YES,67320,Ford,Fusion,0,0,0,0,0.1818181818181818,0.1818181818181818,0,8849,1,6,1,1990,10,4,0,0,-0.8660254037844384,-0.5000000000000004,Afternoon (12-17),9,500,1000,Drive,old,mid,other,high,2,20y+,5y+,"(-0.001, 2000000.0]","(1124.663, 1197.974]","(8444.2, 9172.0]",0
143,31,IL,500,1163.83,0,MALE,Associate,protective-serv,husband,37700,0,Multi-vehicle Collision,Side Collision,Major Damage,Other,NC,4,YES,2,0,Missing,76120,Audi,A5,0,0,1,0,0.0909090909090909,0.1818181818181818,0,231,2,5,1,2014,7,3,0,0,-0.7071067811865477,0.7071067811865474,Evening (18-23),16,250,500,St,old,premium,sedan,high,2,1y,5y+,"(-0.001, 2000000.0]","(1124.663, 1197.974]","(-0.001, 908.2]",0
130,28,OH,1000,1003.15,0,FEMALE,JD,farming-fishing,other-relative,0,-38500,Multi-vehicle Collision,Front Collision,Minor Damage,Ambulance,SC,2,YES,2,1,NO,85020,Ford,Fusion,0,0,0,0,0.1538461538461538,0.1538461538461538,0,8460,1,4,0,1991,11,4,0,0,-0.7071067811865477,0.7071067811865474,Evening (18-23),5,500,1000,Drive,mid,mid,other,high,2,20y+,5y+,"(-0.001, 2000000.0]","(953.9, 1050.656]","(8444.2, 9172.0]",0
242,41,OH,2000,1153.54,6000000,MALE,Masters,protective-serv,unmarried,0,-57000,Multi-vehicle Collision,Rear Collision,Minor Damage,Fire,NY,3,NO,0,1,Missing,68090,Toyota,Corolla,0,0,1,0,0.1818181818181818,0.1818181818181818,0,8899,2,3,0,1990,10,4,0,1,0.7071067811865475,0.7071067811865476,Night (0-5),6,250,500,Hwy,mid,mid,sedan,high,2,20y+,5y+,"(2000000.0, 6000000.0]","(1124.663, 1197.974]","(8444.2, 9172.0]",0
96,27,IL,1000,1631.1,0,FEMALE,High School,priv-house-serv,wife,0,0,Parked Car,Missing,Trivial Damage,Police,WV,1,Missing,1,2,NO,6030,Nissan,Pathfinder,1,1,0,0,0.1111111111111111,0.1111111111111111,0,2166,1,4,0,2009,2,1,0,0,0.8660254037844386,0.5000000000000001,Night (0-5),8,100,300,Lane,old,mid,suv,low,0,6y,5y+,"(-0.001, 2000000.0]","(1564.724, 2047.59]","(1984.8, 2909.4]",0
180,35,IL,1000,1252.48,0,MALE,MD,machine-op-inspct,wife,0,-55800,Vehicle Theft,Missing,Minor Damage,Missing,OH,1,Missing,1,3,NO,5100,Chevrolet,Malibu,1,1,0,1,0.2,0.1,0,3495,2,1,0,2005,7,3,0,0,-0.9659258262890684,-0.2588190451025206,Afternoon (12-17),15,500,1000,Lane,old,mid,sedan,low,0,10y,5y+,"(-0.001, 2000000.0]","(1197.974, 1257.2]","(2909.4, 3830.6]",0
150,30,IN,1000,1677.26,0,MALE,College,sales,own-child,40100,0,Vehicle Theft,Missing,Trivial Damage,Police,WV,1,YES,1,3,YES,4590,Volkswagen,Jetta,1,0,0,0,0.1111111111111111,0.1111111111111111,0,7609,1,5,1,1994,3,1,0,0,0.9659258262890684,-0.2588190451025208,Morning (6-11),2,100,300,Ave,new,mid,other,low,0,20y+,5y+,"(-0.001, 2000000.0]","(1564.724, 2047.59]","(7554.4, 8444.2]",0
463,59,IL,1000,979.73,0,FEMALE,JD,exec-managerial,not-in-family,51700,0,Multi-vehicle Collision,Front Collision,Major Damage,Other,SC,2,Missing,1,2,NO,72400,Chevrolet,Tahoe,0,1,0,0,0.1,0.2,1,7498,2,3,0,1994,8,3,0,1,-0.5000000000000001,-0.8660254037844386,Afternoon (12-17),16,250,500,St,old,mid,suv,high,2,20y+,5y+,"(-0.001, 2000000.0]","(953.9, 1050.656]","(6660.4, 7554.4]",0
472,64,IN,500,989.24,0,MALE,Masters,other-service,not-in-family,0,0,Single Vehicle Collision,Front Collision,Major Damage,Fire,NY,1,NO,2,3,NO,70900,Mercedes,ML350,0,0,0,0,0.2,0.1,0,910,2,5,1,2012,8,3,0,0,-0.2588190451025203,-0.9659258262890684,Afternoon (12-17),13,250,500,Ridge,old,premium,other,high,2,3y,5y+,"(-0.001, 2000000.0]","(953.9, 1050.656]","(908.2, 1984.8]",0
75,25,IL,1000,1389.86,0,FEMALE,Associate,priv-house-serv,husband,0,0,Multi-vehicle Collision,Side Collision,Total Loss,Other,WV,2,Missing,2,3,YES,65100,Saab,93,0,1,0,0,0.1,0.1,0,1143,1,6,1,2011,12,4,0,1,-0.2588190451025207,0.9659258262890684,Evening (18-23),4,500,1000,Lane,mid,low,other,high,2,4y,5y+,"(-0.001, 2000000.0]","(1385.327, 1454.674]","(908.2, 1984.8]",1
193,40,OH,500,1233.85,0,FEMALE,College,handlers-cleaners,husband,0,0,Multi-vehicle Collision,Side Collision,Total Loss,Ambulance,PA,3,Missing,2,1,YES,64260,Ford,Escape,0,1,0,0,0.0,0.2222222222222222,0,3655,2,5,1,2005,2,1,0,0,-0.2588190451025207,0.9659258262890684,Evening (18-23),16,100,300,Hwy,old,mid,other,high,2,12y,5y+,"(-0.001, 2000000.0]","(1197.974, 1257.2]","(2909.4, 3830.6]",0
43,43,IL,500,1320.39,0,FEMALE,Associate,armed-forces,not-in-family,0,0,Single Vehicle Collision,Rear Collision,Major Damage,Ambulance,WV,1,Missing,2,1,Missing,79970,Honda,CRV,0,1,1,0,0.0909090909090909,0.2727272727272727,1,6282,1,0,0,1997,11,4,1,1,-0.8660254037844384,-0.5000000000000004,Afternoon (12-17),19,500,1000,Hwy,old,mid,suv,high,2,20y,3–5y,"(-0.001, 2000000.0]","(1257.2, 1322.372]","(5658.2, 6660.4]",1
253,41,IN,1000,1435.09,0,FEMALE,College,machine-op-inspct,not-in-family,36600,0,Single Vehicle Collision,Rear Collision,Total Loss,Police,SC,1,NO,2,0,Missing,56610,Chevrolet,Tahoe,0,0,1,0,0.1111111111111111,0.1111111111111111,0,3918,1,6,1,2004,4,2,0,0,-0.9659258262890684,-0.2588190451025206,Afternoon (12-17),20,100,300,Hwy,old,mid,suv,medium,1,12y,5y+,"(-0.001, 2000000.0]","(1385.327, 1454.674]","(3830.6, 4682.0]",0
152,30,IN,500,1448.54,0,FEMALE,JD,craft-repair,wife,58600,0,Single Vehicle Collision,Side Collision,Major Damage,Fire,VA,1,YES,1,1,Missing,84590,Toyota,Highlander,0,0,1,0,0.0909090909090909,0.0909090909090909,1,1912,2,2,0,2009,11,4,0,0,0.7071067811865476,-0.7071067811865475,Morning (6-11),15,500,1000,Lane,old,mid,suv,high,2,6y,5y+,"(-0.001, 2000000.0]","(1385.327, 1454.674]","(908.2, 1984.8]",0
160,38,OH,500,1733.56,0,MALE,High School,sales,wife,0,-43800,Multi-vehicle Collision,Side Collision,Major Damage,Fire,SC,3,NO,2,1,YES,66780,Mercedes,ML350,0,0,0,0,0.1111111111111111,0.2222222222222222,0,1938,1,4,0,2009,9,3,0,0,-0.2588190451025203,-0.9659258262890684,Afternoon (12-17),19,250,500,Drive,old,premium,other,high,2,6y,5y+,"(-0.001, 2000000.0]","(1564.724, 2047.59]","(908.2, 1984.8]",0
56,36,IN,500,1533.07,0,MALE,JD,farming-fishing,own-child,0,-28800,Single Vehicle Collision,Rear Collision,Major Damage,Police,NC,1,YES,1,2,YES,58500,Ford,Escape,0,0,0,0,0.0,0.1111111111111111,0,1899,1,1,0,2009,11,4,0,1,-0.2588190451025203,-0.9659258262890684,Afternoon (12-17),14,100,300,Ave,old,mid,other,high,2,6y,3–5y,"(-0.001, 2000000.0]","(1454.674, 1564.724]","(908.2, 1984.8]",0
286,41,IL,500,1106.77,0,FEMALE,College,prof-specialty,other-relative,45500,-62500,Parked Car,Missing,Trivial Damage,Police,WV,1,Missing,2,0,NO,5000,Dodge,RAM,1,1,0,0,0.1,0.1,0,4915,2,3,0,2001,9,3,0,0,0.7071067811865475,0.7071067811865476,Night (0-5),12,100,300,Ridge,old,mid,pickup,low,0,15y,5y+,"(-0.001, 2000000.0]","(1050.656, 1124.663]","(4682.0, 5658.2]",0
3,29,IL,500,995.7,5000000,FEMALE,JD,priv-house-serv,unmarried,0,0,Parked Car,Missing,Trivial Damage,Police,PA,1,Missing,2,1,Missing,5000,Mercedes,E400,1,1,1,0,0.1,0.2,1,8102,2,0,0,1992,11,4,0,1,0.7071067811865475,0.7071067811865476,Night (0-5),7,100,300,Ridge,mid,premium,other,low,0,20y+,0–6mo,"(2000000.0, 6000000.0]","(953.9, 1050.656]","(7554.4, 8444.2]",0
286,41,IL,1000,1298.85,6000000,FEMALE,High School,sales,other-relative,71300,-70300,Multi-vehicle Collision,Front Collision,Major Damage,Ambulance,NY,3,Missing,1,3,YES,54450,Saab,92x,0,1,0,0,0.1111111111111111,0.2222222222222222,0,5872,1,6,1,1998,12,4,0,0,-0.8660254037844384,-0.5000000000000004,Afternoon (12-17),8,250,500,Ridge,old,low,other,medium,1,20y,5y+,"(2000000.0, 6000000.0]","(1257.2, 1322.372]","(5658.2, 6660.4]",0
239,38,OH,1000,1276.73,5000000,FEMALE,Masters,handlers-cleaners,other-relative,0,0,Multi-vehicle Collision,Front Collision,Major Damage,Police,WV,3,NO,1,3,Missing,61920,Saab,93,0,0,1,0,0.1111111111111111,0.1111111111111111,0,8944,2,3,0,1990,8,3,0,0,1.2246467991473532e-16,-1.0,Afternoon (12-17),12,250,500,Ridge,old,low,other,high,2,20y+,5y+,"(2000000.0, 6000000.0]","(1257.2, 1322.372]","(8444.2, 9172.0]",0
64,29,OH,2000,1202.28,0,MALE,High School,exec-managerial,other-relative,0,-61400,Single Vehicle Collision,Side Collision,Minor Damage,Ambulance,VA,1,Missing,1,2,NO,43700,Nissan,Pathfinder,0,1,0,0,0.1,0.1,1,1178,1,0,0,2011,10,4,0,0,0.8660254037844386,0.5000000000000001,Night (0-5),8,250,500,St,old,mid,suv,medium,1,4y,5y+,"(-0.001, 2000000.0]","(1197.974, 1257.2]","(908.2, 1984.8]",0
98,31,IN,500,671.92,0,MALE,Masters,machine-op-inspct,wife,0,-26400,Single Vehicle Collision,Front Collision,Minor Damage,Other,NC,1,Missing,2,0,Missing,64080,Ford,Escape,0,1,1,0,0.1111111111111111,0.1111111111111111,0,9123,1,5,1,1990,2,1,0,0,0.7071067811865475,0.7071067811865476,Night (0-5),18,100,300,Ridge,old,mid,other,high,2,20y+,5y+,"(-0.001, 2000000.0]","(433.329, 953.9]","(8444.2, 9172.0]",0
16,35,IL,1000,1358.03,0,MALE,JD,sales,own-child,59300,-31400,Single Vehicle Collision,Rear Collision,Total Loss,Other,SC,1,NO,2,1,Missing,55000,Volkswagen,Jetta,0,0,1,0,0.1818181818181818,0.1818181818181818,1,8848,2,1,0,1990,11,4,0,1,0.0,1.0,Night (0-5),7,250,500,Lane,mid,mid,other,medium,1,20y+,1–2y,"(-0.001, 2000000.0]","(1322.372, 1385.327]","(8444.2, 9172.0]",1
70,27,IN,1000,1008.79,4000000,FEMALE,Masters,adm-clerical,own-child,46000,0,Vehicle Theft,Missing,Trivial Damage,Police,WV,1,NO,2,3,Missing,4400,Toyota,Camry,1,0,1,0,0.0,0.125,0,3833,1,1,0,2004,7,3,0,0,-0.9659258262890684,0.2588190451025203,Evening (18-23),15,250,500,Lane,old,mid,sedan,low,0,12y,5y+,"(2000000.0, 6000000.0]","(953.9, 1050.656]","(3830.6, 4682.0]",0
75,27,OH,1000,1141.1,0,MALE,JD,armed-forces,other-relative,0,0,Multi-vehicle Collision,Side Collision,Minor Damage,Police,SC,2,Missing,0,1,YES,71640,Toyota,Highlander,0,1,0,0,0.0833333333333333,0.1666666666666666,0,7750,2,5,1,1993,12,4,0,0,-0.7071067811865475,-0.7071067811865477,Afternoon (12-17),7,100,300,Lane,mid,mid,suv,high,2,20y+,5y+,"(-0.001, 2000000.0]","(1124.663, 1197.974]","(7554.4, 8444.2]",0
246,44,OH,1000,1397.0,0,MALE,High School,machine-op-inspct,not-in-family,0,0,Single Vehicle Collision,Rear Collision,Minor Damage,Other,NY,1,NO,1,0,NO,61740,Accura,MDX,0,0,0,0,0.1111111111111111,0.1111111111111111,0,7241,1,5,1,1995,3,1,0,1,1.0,6.123233995736766e-17,Morning (6-11),18,100,300,Drive,old,mid,other,high,2,20y,5y+,"(-0.001, 2000000.0]","(1385.327, 1454.674]","(6660.4, 7554.4]",1
110,27,OH,1000,1664.66,0,FEMALE,Associate,priv-house-serv,own-child,0,-66200,Single Vehicle Collision,Side Collision,Total Loss,Ambulance,SC,1,Missing,0,3,Missing,57500,Audi,A3,0,1,1,0,0.1,0.1,0,2012,2,3,0,2009,8,3,0,0,0.7071067811865475,0.7071067811865476,Night (0-5),5,500,1000,Ridge,mid,premium,sedan,medium,1,6y,5y+,"(-0.001, 2000000.0]","(1564.724, 2047.59]","(1984.8, 2909.4]",0
236,39,IN,1000,1151.39,4000000,FEMALE,Masters,exec-managerial,wife,0,-63900,Parked Car,Missing,Minor Damage,Police,NY,1,YES,0,0,Missing,8700,Accura,RSX,1,0,1,0,0.1,0.2,0,6633,1,3,0,1996,11,4,1,1,-0.9659258262890684,-0.2588190451025206,Afternoon (12-17),12,250,500,Lane,old,mid,other,low,0,20y,5y+,"(2000000.0, 6000000.0]","(1124.663, 1197.974]","(5658.2, 6660.4]",0
267,46,OH,2000,1546.01,0,FEMALE,MD,adm-clerical,wife,0,0,Multi-vehicle Collision,Front Collision,Total Loss,Police,VA,4,NO,2,1,Missing,77100,Volkswagen,Jetta,0,0,1,0,0.2,0.1,0,3802,1,1,0,2004,8,3,0,0,0.8660254037844386,0.5000000000000001,Night (0-5),19,100,300,Hwy,old,mid,other,high,2,12y,5y+,"(-0.001, 2000000.0]","(1454.674, 1564.724]","(2909.4, 3830.6]",0
463,57,IL,500,1063.67,0,MALE,Masters,priv-house-serv,wife,0,0,Single Vehicle Collision,Front Collision,Minor Damage,Police,NY,1,NO,2,0,YES,59400,Dodge,Neon,0,0,0,0,0.1111111111111111,0.1111111111111111,0,8599,2,1,0,1991,7,3,0,1,-0.5000000000000001,-0.8660254037844386,Afternoon (12-17),20,250,500,Drive,old,mid,other,high,2,20y+,5y+,"(-0.001, 2000000.0]","(1050.656, 1124.663]","(8444.2, 9172.0]",0
303,46,IN,1000,709.14,0,MALE,Masters,machine-op-inspct,husband,0,0,Multi-vehicle Collision,Rear Collision,Minor Damage,Fire,NY,3,NO,1,0,NO,54890,Toyota,Corolla,0,0,0,0,0.1818181818181818,0.0909090909090909,0,3681,2,3,0,2005,1,1,0,1,0.7071067811865475,0.7071067811865476,Night (0-5),9,100,300,St,old,mid,sedan,medium,1,12y,5y+,"(-0.001, 2000000.0]","(433.329, 953.9]","(2909.4, 3830.6]",0
137,30,IL,500,1039.55,0,MALE,MD,exec-managerial,unmarried,55600,-59700,Multi-vehicle Collision,Front Collision,Minor Damage,Other,WV,3,Missing,2,1,Missing,74030,Chevrolet,Tahoe,0,1,1,0,0.0909090909090909,0.1818181818181818,0,1158,2,0,0,2011,12,4,1,1,0.8660254037844386,0.5000000000000001,Night (0-5),10,250,500,Ridge,old,mid,suv,high,2,4y,5y+,"(-0.001, 2000000.0]","(953.9, 1050.656]","(908.2, 1984.8]",0
56,42,IL,500,1339.39,0,FEMALE,Associate,adm-clerical,not-in-family,0,0,Single Vehicle Collision,Rear Collision,Total Loss,Other,NY,1,Missing,1,2,YES,61490,BMW,X5,0,1,0,0,0.1818181818181818,0.1818181818181818,0,6807,2,2,0,1996,7,3,0,0,-0.2588190451025203,-0.9659258262890684,Afternoon (12-17),17,250,500,Ave,old,premium,suv,high,2,20y,3–5y,"(-0.001, 2000000.0]","(1322.372, 1385.327]","(6660.4, 7554.4]",1
75,27,IN,1000,1202.75,0,MALE,High School,handlers-cleaners,not-in-family,57900,-90100,Multi-vehicle Collision,Front Collision,Minor Damage,Police,SC,3,NO,0,2,YES,79560,Volkswagen,Passat,0,0,0,0,0.0833333333333333,0.1666666666666666,0,8204,1,2,0,1992,8,3,0,1,-0.2588190451025207,0.9659258262890684,Evening (18-23),12,250,500,Lane,old,mid,other,high,2,20y+,5y+,"(-0.001, 2000000.0]","(1197.974, 1257.2]","(7554.4, 8444.2]",0
131,33,IL,2000,1081.17,0,MALE,MD,sales,wife,0,-65200,Parked Car,Missing,Minor Damage,Police,NY,1,Missing,0,1,NO,4900,Toyota,Camry,1,1,0,0,0.1,0.1,0,8877,1,2,0,1990,10,4,0,0,0.7071067811865475,0.7071067811865476,Night (0-5),5,100,300,Ridge,mid,mid,sedan,low,0,20y+,5y+,"(-0.001, 2000000.0]","(1050.656, 1124.663]","(8444.2, 9172.0]",0
153,34,IL,500,991.39,0,MALE,High School,tech-support,other-relative,45600,-61400,Multi-vehicle Collision,Side Collision,Total Loss,Other,WV,3,Missing,1,0,NO,77770,Nissan,Pathfinder,0,1,0,0,0.1818181818181818,0.1818181818181818,0,7670,2,4,0,1994,2,1,0,0,0.0,1.0,Night (0-5),15,250,500,Ridge,old,mid,suv,high,2,20y+,5y+,"(-0.001, 2000000.0]","(953.9, 1050.656]","(7554.4, 8444.2]",0
255,43,IN,500,984.02,0,FEMALE,JD,transport-moving,unmarried,75800,0,Multi-vehicle Collision,Side Collision,Major Damage,Fire,SC,2,Missing,2,2,Missing,74700,Nissan,Maxima,0,1,1,0,0.1,0.2,1,2837,2,1,0,2007,5,2,0,0,-0.5000000000000001,-0.8660254037844386,Afternoon (12-17),8,500,1000,Ave,old,mid,other,high,2,8y,5y+,"(-0.001, 2000000.0]","(953.9, 1050.656]","(1984.8, 2909.4]",0
103,26,IL,500,1354.83,0,MALE,MD,tech-support,husband,66300,0,Multi-vehicle Collision,Front Collision,Minor Damage,Police,NY,2,NO,2,2,Missing,40600,Volkswagen,Passat,0,0,1,0,0.1,0.1,0,272,1,6,1,2014,4,2,0,1,-0.5000000000000001,-0.8660254037844386,Afternoon (12-17),5,100,300,Hwy,mid,mid,other,medium,1,1y,5y+,"(-0.001, 2000000.0]","(1322.372, 1385.327]","(-0.001, 908.2]",1
97,28,OH,1000,830.31,0,MALE,JD,farming-fishing,husband,0,-32600,Single Vehicle Collision,Rear Collision,Total Loss,Ambulance,SC,1,Missing,1,0,Missing,45270,Jeep,Wrangler,0,1,1,0,0.2222222222222222,0.2222222222222222,0,1797,1,1,0,2010,2,1,0,0,-0.5000000000000004,0.8660254037844384,Evening (18-23),9,100,300,Ridge,old,mid,other,medium,1,5y,5y+,"(-0.001, 2000000.0]","(433.329, 953.9]","(908.2, 1984.8]",0
214,36,IL,2000,987.42,7000000,FEMALE,Associate,machine-op-inspct,own-child,0,0,Multi-vehicle Collision,Front Collision,Minor Damage,Ambulance,NY,3,NO,0,3,Missing,47080,Saab,93,0,0,1,0,0.0909090909090909,0.1818181818181818,0,5354,1,5,1,2000,6,2,0,1,-0.9659258262890684,-0.2588190451025206,Afternoon (12-17),9,100,300,Ridge,old,low,other,medium,1,15y,5y+,"(6000000.0, 10000000.0]","(953.9, 1050.656]","(4682.0, 5658.2]",0
438,57,OH,500,1119.29,0,FEMALE,MD,machine-op-inspct,husband,0,0,Single Vehicle Collision,Side Collision,Minor Damage,Police,SC,1,Missing,0,0,NO,40700,Volkswagen,Passat,0,1,0,0,0.1,0.1,1,8503,1,3,0,1991,10,4,0,0,-0.5000000000000001,-0.8660254037844386,Afternoon (12-17),15,500,1000,Ave,old,mid,other,medium,1,20y+,5y+,"(-0.001, 2000000.0]","(1050.656, 1124.663]","(8444.2, 9172.0]",0
87,27,OH,500,1048.39,0,FEMALE,Masters,transport-moving,own-child,0,0,Single Vehicle Collision,Side Collision,Minor Damage,Police,NY,1,Missing,2,1,YES,34650,Ford,F150,0,1,0,0,0.1818181818181818,0.0909090909090909,0,4059,2,4,0,2004,1,1,0,1,0.4999999999999999,0.8660254037844387,Night (0-5),19,100,300,Lane,old,mid,pickup,medium,1,12y,5y+,"(-0.001, 2000000.0]","(953.9, 1050.656]","(3830.6, 4682.0]",0
27,28,OH,1000,1074.47,0,MALE,MD,protective-serv,wife,0,0,Parked Car,Missing,Trivial Damage,Police,WV,1,Missing,2,0,Missing,3200,Jeep,Grand Cherokee,1,1,1,0,0.125,0.125,0,8240,2,4,0,1992,7,3,0,1,0.8660254037844386,0.5000000000000001,Night (0-5),3,500,1000,St,new,mid,other,low,0,20y+,2–3y,"(-0.001, 2000000.0]","(1050.656, 1124.663]","(7554.4, 8444.2]",0
206,42,IL,1000,1230.76,0,MALE,High School,machine-op-inspct,unmarried,0,-74200,Single Vehicle Collision,Rear Collision,Major Damage,Fire,VA,1,Missing,1,1,NO,78980,Saab,92x,0,1,0,0,0.0909090909090909,0.1818181818181818,1,7755,1,5,1,1993,10,4,0,1,0.4999999999999999,0.8660254037844387,Night (0-5),18,500,1000,Lane,old,low,other,high,2,20y+,5y+,"(-0.001, 2000000.0]","(1197.974, 1257.2]","(7554.4, 8444.2]",0
127,31,OH,500,1255.02,0,MALE,Associate,sales,not-in-family,58200,0,Parked Car,Missing,Minor Damage,Missing,SC,1,YES,1,0,NO,6160,Nissan,Ultima,1,0,0,1,0.0909090909090909,0.1818181818181818,0,4571,1,1,0,2002,7,3,0,0,0.4999999999999999,-0.8660254037844387,Morning (6-11),19,500,1000,St,old,mid,sedan,low,0,15y,5y+,"(-0.001, 2000000.0]","(1197.974, 1257.2]","(3830.6, 4682.0]",0
422,60,IN,1000,1555.52,0,FEMALE,MD,machine-op-inspct,own-child,43600,-67800,Single Vehicle Collision,Front Collision,Major Damage,Ambulance,NC,1,YES,1,1,NO,85250,Mercedes,E400,0,0,0,0,0.1818181818181818,0.0909090909090909,0,1553,2,5,1,2010,11,4,1,1,0.258819045102521,-0.9659258262890682,Morning (6-11),16,100,300,Hwy,old,premium,other,high,2,5y,5y+,"(-0.001, 2000000.0]","(1454.674, 1564.724]","(908.2, 1984.8]",0
303,50,IL,2000,836.11,5000000,MALE,Masters,sales,not-in-family,0,0,Multi-vehicle Collision,Side Collision,Major Damage,Fire,SC,4,YES,1,2,NO,72840,Dodge,Neon,0,0,0,0,0.1666666666666666,0.0833333333333333,0,6532,1,1,0,1997,3,1,0,1,0.2588190451025207,0.9659258262890684,Night (0-5),5,100,300,St,mid,mid,other,high,2,20y,5y+,"(2000000.0, 6000000.0]","(433.329, 953.9]","(5658.2, 6660.4]",0
228,40,IN,500,1450.98,0,MALE,Associate,exec-managerial,husband,43700,0,Parked Car,Missing,Trivial Damage,Police,WV,1,Missing,0,2,NO,6050,Toyota,Camry,1,1,0,0,0.1818181818181818,0.1818181818181818,0,6532,1,6,1,1997,3,1,0,1,-0.8660254037844386,0.5000000000000001,Evening (18-23),5,100,300,Drive,mid,mid,sedan,low,0,20y,5y+,"(-0.001, 2000000.0]","(1385.327, 1454.674]","(5658.2, 6660.4]",0
239,39,IN,2000,625.08,0,FEMALE,JD,protective-serv,wife,44200,-37000,Single Vehicle Collision,Front Collision,Major Damage,Fire,SC,1,NO,2,3,YES,87890,BMW,X6,0,0,0,0,0.1818181818181818,0.0909090909090909,1,8904,1,5,1,1990,8,3,0,1,0.4999999999999999,-0.8660254037844387,Morning (6-11),1,250,500,Hwy,new,premium,other,high,2,20y+,5y+,"(-0.001, 2000000.0]","(433.329, 953.9]","(8444.2, 9172.0]",0
330,47,IL,2000,1133.27,0,FEMALE,High School,craft-repair,wife,0,-56400,Multi-vehicle Collision,Side Collision,Total Loss,Other,NY,2,Missing,0,2,YES,60500,Ford,F150,0,1,0,0,0.1818181818181818,0.0909090909090909,1,277,3,6,1,2014,5,2,0,0,-0.8660254037844386,0.5000000000000001,Evening (18-23),16,100,300,Drive,old,mid,pickup,high,2,1y,5y+,"(-0.001, 2000000.0]","(1124.663, 1197.974]","(-0.001, 908.2]",0
128,35,IN,500,1366.6,0,FEMALE,MD,machine-op-inspct,other-relative,0,0,Multi-vehicle Collision,Front Collision,Minor Damage,Fire,NY,3,Missing,2,1,NO,88220,Chevrolet,Malibu,0,1,0,0,0.1818181818181818,0.1818181818181818,0,3815,1,3,0,2004,7,3,1,1,0.4999999999999999,-0.8660254037844387,Morning (6-11),7,500,1000,Lane,mid,mid,sedan,high,2,12y,5y+,"(-0.001, 2000000.0]","(1322.372, 1385.327]","(2909.4, 3830.6]",1
147,37,OH,1000,1439.9,6000000,FEMALE,Associate,prof-specialty,husband,0,-48400,Multi-vehicle Collision,Rear Collision,Total Loss,Other,SC,2,NO,1,2,NO,53680,Accura,MDX,0,0,0,0,0.1818181818181818,0.0909090909090909,0,2006,1,3,0,2009,8,3,0,0,0.4999999999999999,0.8660254037844387,Night (0-5),11,500,1000,Drive,old,mid,other,medium,1,6y,5y+,"(2000000.0, 6000000.0]","(1385.327, 1454.674]","(1984.8, 2909.4]",0
287,45,OH,1000,1230.69,0,MALE,Masters,transport-moving,not-in-family,0,-54600,Single Vehicle Collision,Front Collision,Minor Damage,Fire,VA,1,NO,0,2,NO,53800,Accura,MDX,0,0,0,0,0.1,0.1,0,2746,1,5,1,2007,7,3,0,0,-0.9659258262890684,0.2588190451025203,Evening (18-23),9,500,1000,Ave,old,mid,other,medium,1,8y,5y+,"(-0.001, 2000000.0]","(1197.974, 1257.2]","(1984.8, 2909.4]",0
142,29,OH,2000,1307.68,0,FEMALE,MD,craft-repair,husband,0,-48500,Single Vehicle Collision,Rear Collision,Major Damage,Police,NY,1,YES,1,2,NO,54360,Mercedes,E400,0,0,0,0,0.0833333333333333,0.1666666666666666,1,1831,1,3,0,2010,1,1,0,0,0.4999999999999999,-0.8660254037844387,Morning (6-11),20,100,300,Lane,old,premium,other,medium,1,6y,5y+,"(-0.001, 2000000.0]","(1257.2, 1322.372]","(908.2, 1984.8]",1
162,35,IL,2000,1124.69,0,FEMALE,Masters,handlers-cleaners,husband,0,0,Single Vehicle Collision,Side Collision,Major Damage,Police,WV,1,YES,0,3,YES,54340,Toyota,Camry,0,0,0,0,0.1818181818181818,0.0909090909090909,0,5394,2,4,0,2000,5,2,0,0,-0.5000000000000001,-0.8660254037844386,Afternoon (12-17),14,500,1000,Lane,old,mid,sedan,medium,1,15y,5y+,"(-0.001, 2000000.0]","(1124.663, 1197.974]","(4682.0, 5658.2]",0
140,35,OH,1000,1520.78,0,FEMALE,High School,craft-repair,wife,0,-42900,Parked Car,Missing,Trivial Damage,Missing,SC,1,Missing,0,2,YES,2860,Chevrolet,Tahoe,1,1,0,1,0.1818181818181818,0.0909090909090909,1,2497,1,2,0,2008,3,1,0,1,0.9659258262890684,0.2588190451025207,Night (0-5),18,100,300,Hwy,old,mid,suv,low,0,7y,5y+,"(-0.001, 2000000.0]","(1454.674, 1564.724]","(1984.8, 2909.4]",0
106,28,OH,2000,1609.11,0,MALE,High School,craft-repair,own-child,0,0,Vehicle Theft,Missing,Minor Damage,Police,WV,1,YES,2,1,YES,5490,Saab,95,1,0,0,0,0.0,0.2222222222222222,0,9022,1,6,1,1990,5,2,0,1,0.8660254037844387,-0.4999999999999998,Morning (6-11),16,100,300,Ave,old,low,other,low,0,20y+,5y+,"(-0.001, 2000000.0]","(1564.724, 2047.59]","(8444.2, 9172.0]",0
292,45,IL,1000,1358.91,0,MALE,Masters,craft-repair,unmarried,0,0,Vehicle Theft,Missing,Trivial Damage,Police,WV,1,NO,0,2,Missing,7370,Suburu,Impreza,1,0,1,0,0.0909090909090909,0.1818181818181818,0,8739,1,4,0,1991,2,1,0,0,0.8660254037844386,0.5000000000000001,Night (0-5),18,500,1000,Ridge,old,mid,other,low,0,20y+,5y+,"(-0.001, 2000000.0]","(1322.372, 1385.327]","(8444.2, 9172.0]",1
34,34,OH,500,1295.87,0,FEMALE,PhD,priv-house-serv,husband,0,0,Multi-vehicle Collision,Side Collision,Major Damage,Ambulance,NC,3,Missing,1,0,NO,50800,Audi,A3,0,1,0,0,0.1,0.1,1,8335,1,1,0,1992,3,1,0,0,0.8660254037844386,0.5000000000000001,Night (0-5),18,500,1000,Hwy,old,premium,sedan,medium,1,20y+,2–3y,"(-0.001, 2000000.0]","(1257.2, 1322.372]","(7554.4, 8444.2]",0
290,48,IL,500,1161.03,5000000,MALE,Associate,adm-clerical,not-in-family,45300,0,Multi-vehicle Collision,Side Collision,Minor Damage,Fire,VA,2,Missing,1,1,Missing,41520,Nissan,Ultima,0,1,1,0,0.125,0.125,0,660,2,4,0,2013,4,2,0,1,-0.8660254037844386,0.5000000000000001,Evening (18-23),1,250,500,Hwy,new,mid,sedan,medium,1,2y,5y+,"(2000000.0, 6000000.0]","(1124.663, 1197.974]","(-0.001, 908.2]",0
182,38,OH,2000,1441.06,0,FEMALE,Masters,armed-forces,husband,53800,-78300,Single Vehicle Collision,Side Collision,Total Loss,Police,NY,1,Missing,2,3,YES,89650,Dodge,RAM,0,1,0,0,0.0909090909090909,0.1818181818181818,0,2099,1,3,0,2009,4,2,0,0,-1.0,-1.8369701987210294e-16,Evening (18-23),10,500,1000,Lane,old,mid,pickup,high,2,6y,5y+,"(-0.001, 2000000.0]","(1385.327, 1454.674]","(1984.8, 2909.4]",0
362,55,OH,1000,1097.99,0,FEMALE,JD,other-service,unmarried,44400,-71500,Multi-vehicle Collision,Rear Collision,Total Loss,Police,NY,3,NO,0,3,NO,39690,Suburu,Legacy,0,0,0,0,0.0,0.0,0,2269,2,1,0,2008,12,4,0,1,0.0,1.0,Night (0-5),17,100,300,Hwy,old,mid,other,medium,1,7y,5y+,"(-0.001, 2000000.0]","(1050.656, 1124.663]","(1984.8, 2909.4]",0
143,32,IL,1000,1464.42,0,FEMALE,High School,exec-managerial,husband,79900,0,Single Vehicle Collision,Rear Collision,Major Damage,Ambulance,SC,1,Missing,2,0,NO,62260,Saab,92x,0,1,0,0,0.0909090909090909,0.0909090909090909,0,5307,1,3,0,2000,7,3,0,0,0.2588190451025207,0.9659258262890684,Night (0-5),20,500,1000,Lane,old,low,other,high,2,15y,5y+,"(-0.001, 2000000.0]","(1454.674, 1564.724]","(4682.0, 5658.2]",0
183,38,IL,500,1543.68,0,FEMALE,Masters,prof-specialty,not-in-family,20200,0,Single Vehicle Collision,Side Collision,Major Damage,Police,NC,1,NO,0,1,YES,51920,Audi,A3,0,0,0,0,0.1818181818181818,0.0909090909090909,1,227,1,5,1,2014,6,2,0,0,-0.9659258262890684,-0.2588190451025206,Afternoon (12-17),14,250,500,Hwy,old,premium,sedan,medium,1,1y,5y+,"(-0.001, 2000000.0]","(1454.674, 1564.724]","(-0.001, 908.2]",0
254,40,IL,500,1390.89,5000000,MALE,College,armed-forces,wife,0,-74400,Single Vehicle Collision,Front Collision,Minor Damage,Other,NY,1,Missing,2,2,Missing,53460,Volkswagen,Jetta,0,1,1,0,0.1818181818181818,0.0909090909090909,0,7251,2,5,1,1995,4,2,0,0,-0.2588190451025207,0.9659258262890684,Evening (18-23),6,250,500,Ave,mid,mid,other,medium,1,20y,5y+,"(2000000.0, 6000000.0]","(1385.327, 1454.674]","(6660.4, 7554.4]",1
249,43,OH,2000,1148.58,0,FEMALE,MD,adm-clerical,not-in-family,0,-71200,Multi-vehicle Collision,Rear Collision,Total Loss,Fire,SC,3,YES,2,1,YES,57100,Honda,CRV,0,0,0,0,0.1,0.1,0,8919,2,0,0,1990,9,3,1,1,0.8660254037844386,0.5000000000000001,Night (0-5),1,100,300,Ave,new,mid,suv,medium,1,20y+,5y+,"(-0.001, 2000000.0]","(1124.663, 1197.974]","(8444.2, 9172.0]",0
169,36,IN,500,1616.26,0,MALE,High School,exec-managerial,unmarried,50700,-57600,Multi-vehicle Collision,Front Collision,Total Loss,Ambulance,NY,3,NO,2,3,Missing,77440,Dodge,Neon,0,0,1,0,0.1818181818181818,0.0909090909090909,0,5904,2,0,0,1998,12,4,0,0,0.0,1.0,Night (0-5),11,250,500,Ave,old,mid,other,high,2,20y,5y+,"(-0.001, 2000000.0]","(1564.724, 2047.59]","(5658.2, 6660.4]",0
235,40,IL,500,1398.94,0,MALE,College,craft-repair,husband,0,0,Single Vehicle Collision,Side Collision,Minor Damage,Ambulance,NY,1,NO,1,2,NO,68300,Suburu,Forrestor,0,0,0,0,0.1,0.2,0,7047,1,5,1,1995,10,4,0,0,0.258819045102521,-0.9659258262890682,Morning (6-11),12,500,1000,Ridge,old,mid,other,high,2,20y,5y+,"(-0.001, 2000000.0]","(1385.327, 1454.674]","(6660.4, 7554.4]",1
112,32,OH,1000,1238.92,0,MALE,Associate,other-service,other-relative,57800,-53700,Parked Car,Missing,Trivial Damage,Missing,NY,1,Missing,0,2,Missing,5060,Honda,CRV,1,1,1,1,0.0909090909090909,0.1818181818181818,0,5531,2,2,0,1999,12,4,0,0,0.8660254037844386,0.5000000000000001,Night (0-5),3,500,1000,Hwy,new,mid,suv,low,0,20y,5y+,"(-0.001, 2000000.0]","(1197.974, 1257.2]","(4682.0, 5658.2]",0
16,32,IL,1000,968.46,0,MALE,MD,tech-support,not-in-family,50800,-66200,Multi-vehicle Collision,Side Collision,Total Loss,Ambulance,WV,3,Missing,0,2,Missing,59400,Dodge,RAM,0,1,1,0,0.1111111111111111,0.2222222222222222,1,4566,1,1,0,2002,7,3,0,0,0.0,1.0,Night (0-5),20,100,300,Hwy,old,mid,pickup,high,2,15y,1–2y,"(-0.001, 2000000.0]","(953.9, 1050.656]","(3830.6, 4682.0]",0
128,31,IL,500,1045.12,0,FEMALE,High School,transport-moving,other-relative,0,-28300,Multi-vehicle Collision,Side Collision,Major Damage,Ambulance,NY,3,NO,0,2,Missing,69930,Ford,Escape,0,0,1,0,0.0,0.2222222222222222,1,7839,1,0,0,1993,8,3,1,1,0.4999999999999999,0.8660254037844387,Night (0-5),2,100,300,Lane,new,mid,other,high,2,20y+,5y+,"(-0.001, 2000000.0]","(953.9, 1050.656]","(7554.4, 8444.2]",0
103,27,IN,1000,1537.33,0,FEMALE,College,handlers-cleaners,husband,0,-74800,Multi-vehicle Collision,Front Collision,Minor Damage,Police,NY,3,YES,1,1,NO,77700,Jeep,Wrangler,0,0,0,0,0.1,0.2,0,2623,2,4,0,2007,12,4,0,0,0.258819045102521,-0.9659258262890682,Morning (6-11),7,100,300,Ridge,mid,mid,other,high,2,8y,5y+,"(-0.001, 2000000.0]","(1454.674, 1564.724]","(1984.8, 2909.4]",0
356,54,OH,500,912.3,0,MALE,College,prof-specialty,wife,58500,-44000,Multi-vehicle Collision,Front Collision,Major Damage,Other,SC,3,NO,2,1,Missing,68750,Audi,A5,0,0,1,0,0.1818181818181818,0.1818181818181818,1,2526,1,5,1,2008,2,1,0,0,-0.2588190451025207,0.9659258262890684,Evening (18-23),8,500,1000,Ridge,old,premium,sedan,high,2,7y,5y+,"(-0.001, 2000000.0]","(433.329, 953.9]","(1984.8, 2909.4]",0
109,29,OH,2000,1007.28,6000000,FEMALE,High School,adm-clerical,husband,0,0,Multi-vehicle Collision,Side Collision,Minor Damage,Police,NY,3,NO,1,3,YES,91080,Jeep,Wrangler,0,0,0,0,0.1818181818181818,0.1818181818181818,0,3065,2,5,1,2006,10,4,0,0,-0.9659258262890684,-0.2588190451025206,Afternoon (12-17),20,100,300,Ave,old,mid,other,high,2,9y,5y+,"(2000000.0, 6000000.0]","(953.9, 1050.656]","(2909.4, 3830.6]",0
2,20,IN,1000,1189.98,4000000,FEMALE,High School,craft-repair,other-relative,0,-54700,Single Vehicle Collision,Side Collision,Minor Damage,Other,WV,1,NO,1,3,YES,48360,Audi,A5,0,0,0,0,0.0833333333333333,0.1666666666666666,0,4347,2,6,1,2003,3,1,1,1,-0.5000000000000004,0.8660254037844384,Evening (18-23),15,500,1000,Lane,old,premium,sedan,medium,1,12y,0–6mo,"(2000000.0, 6000000.0]","(1124.663, 1197.974]","(3830.6, 4682.0]",0
198,34,OH,1000,1576.41,0,MALE,Associate,handlers-cleaners,other-relative,0,-55100,Single Vehicle Collision,Side Collision,Major Damage,Other,WV,1,YES,1,1,YES,95000,Ford,F150,0,0,0,0,0.1,0.1,0,4290,2,2,0,2003,5,2,0,0,-1.0,-1.8369701987210294e-16,Evening (18-23),14,250,500,Drive,old,mid,pickup,high,2,12y,5y+,"(-0.001, 2000000.0]","(1564.724, 2047.59]","(3830.6, 4682.0]",0
107,32,OH,500,1172.82,4000000,MALE,Associate,machine-op-inspct,other-relative,82100,0,Vehicle Theft,Missing,Trivial Damage,Police,SC,1,Missing,1,3,NO,3900,Ford,F150,1,1,0,0,0.2,0.1,0,4677,2,1,0,2002,5,2,0,0,0.8660254037844387,-0.4999999999999998,Morning (6-11),5,100,300,Ridge,mid,mid,pickup,low,0,15y,5y+,"(2000000.0, 6000000.0]","(1124.663, 1197.974]","(3830.6, 4682.0]",0
252,39,IL,500,1312.22,9000000,MALE,High School,transport-moving,other-relative,0,-33300,Multi-vehicle Collision,Front Collision,Minor Damage,Other,NC,3,Missing,0,3,NO,59400,Jeep,Grand Cherokee,0,1,0,0,0.2,0.1,1,4011,2,5,1,2004,2,1,0,0,-0.7071067811865475,-0.7071067811865477,Afternoon (12-17),5,500,1000,Ridge,mid,mid,other,high,2,12y,5y+,"(6000000.0, 10000000.0]","(1257.2, 1322.372]","(3830.6, 4682.0]",1
303,43,OH,1000,671.01,7000000,FEMALE,Associate,machine-op-inspct,other-relative,42900,-61500,Single Vehicle Collision,Rear Collision,Minor Damage,Fire,NC,1,Missing,2,0,Missing,60210,Nissan,Maxima,0,1,1,0,0.1111111111111111,0.1111111111111111,0,5838,1,3,0,1999,1,1,0,0,-0.8660254037844386,0.5000000000000001,Evening (18-23),2,500,1000,Ridge,new,mid,other,high,2,20y,5y+,"(6000000.0, 10000000.0]","(433.329, 953.9]","(5658.2, 6660.4]",0
101,32,IL,500,895.14,0,MALE,JD,sales,other-relative,52600,-30400,Single Vehicle Collision,Front Collision,Minor Damage,Ambulance,SC,1,Missing,0,3,YES,43600,Suburu,Legacy,0,1,0,0,0.2,0.1,0,4735,1,5,1,2002,1,1,0,0,0.8660254037844386,0.5000000000000001,Night (0-5),5,250,500,Drive,mid,mid,other,medium,1,15y,5y+,"(-0.001, 2000000.0]","(433.329, 953.9]","(4682.0, 5658.2]",0
446,57,IN,2000,1373.21,0,MALE,College,adm-clerical,unmarried,42700,-64900,Multi-vehicle Collision,Front Collision,Total Loss,Police,SC,3,NO,0,0,NO,62800,Jeep,Wrangler,0,0,0,0,0.1,0.2,0,8102,2,5,1,1992,12,4,1,1,0.4999999999999999,-0.8660254037844387,Morning (6-11),3,100,300,Ridge,new,mid,other,high,2,20y+,5y+,"(-0.001, 2000000.0]","(1322.372, 1385.327]","(7554.4, 8444.2]",1
330,48,OH,1000,1625.65,0,MALE,College,farming-fishing,husband,0,0,Single Vehicle Collision,Side Collision,Major Damage,Ambulance,VA,1,YES,1,3,Missing,59500,Dodge,Neon,0,0,1,0,0.2,0.1,0,6091,2,3,0,1998,6,2,0,0,0.4999999999999999,-0.8660254037844387,Morning (6-11),9,250,500,Drive,old,mid,other,high,2,20y,5y+,"(-0.001, 2000000.0]","(1564.724, 2047.59]","(5658.2, 6660.4]",0
211,37,OH,2000,1295.63,4000000,FEMALE,PhD,armed-forces,not-in-family,42200,-33800,Multi-vehicle Collision,Front Collision,Total Loss,Police,WV,3,YES,1,0,Missing,53460,Honda,CRV,0,0,1,0,0.1111111111111111,0.1111111111111111,0,1485,1,4,0,2011,1,1,0,1,-0.5000000000000004,0.8660254037844384,Evening (18-23),6,250,500,St,mid,mid,suv,medium,1,5y,5y+,"(2000000.0, 6000000.0]","(1257.2, 1322.372]","(908.2, 1984.8]",0
172,33,IL,1000,1459.96,6000000,FEMALE,High School,adm-clerical,wife,41300,-42000,Multi-vehicle Collision,Side Collision,Total Loss,Ambulance,NY,3,NO,0,1,NO,41690,Saab,95,0,0,0,0,0.1818181818181818,0.1818181818181818,0,1048,1,2,0,2012,2,1,0,0,-0.7071067811865475,-0.7071067811865477,Afternoon (12-17),16,100,300,St,old,low,other,medium,1,3y,5y+,"(2000000.0, 6000000.0]","(1454.674, 1564.724]","(908.2, 1984.8]",0
316,46,OH,500,1219.94,7000000,FEMALE,Masters,prof-specialty,wife,0,-51000,Single Vehicle Collision,Side Collision,Minor Damage,Ambulance,NY,1,Missing,0,1,YES,63100,Accura,TL,0,1,0,0,0.1,0.2,0,1343,2,4,0,2011,6,2,0,0,-0.2588190451025203,-0.9659258262890684,Afternoon (12-17),15,100,300,Hwy,old,mid,other,high,2,4y,5y+,"(6000000.0, 10000000.0]","(1197.974, 1257.2]","(908.2, 1984.8]",0
435,60,OH,500,1064.49,5000000,MALE,Associate,priv-house-serv,other-relative,73500,-43300,Single Vehicle Collision,Front Collision,Total Loss,Ambulance,WV,1,NO,2,1,Missing,62880,Mercedes,E400,0,0,1,0,0.0833333333333333,0.1666666666666666,1,3006,2,4,0,2006,11,4,0,1,-0.2588190451025207,0.9659258262890684,Evening (18-23),8,500,1000,Ave,old,premium,other,high,2,9y,5y+,"(2000000.0, 6000000.0]","(1050.656, 1124.663]","(2909.4, 3830.6]",0
344,51,IL,1000,959.83,0,FEMALE,Masters,sales,not-in-family,0,-38700,Multi-vehicle Collision,Side Collision,Major Damage,Fire,NY,3,Missing,2,2,YES,75400,BMW,X6,0,1,0,0,0.2307692307692307,0.1538461538461538,1,2411,2,0,0,2008,6,2,0,1,-1.0,-1.8369701987210294e-16,Evening (18-23),9,100,300,Ridge,old,premium,other,high,2,7y,5y+,"(-0.001, 2000000.0]","(953.9, 1050.656]","(1984.8, 2909.4]",0
204,40,OH,2000,1767.02,0,MALE,JD,machine-op-inspct,husband,0,-49300,Single Vehicle Collision,Rear Collision,Total Loss,Ambulance,SC,1,YES,1,1,NO,46200,Audi,A5,0,0,0,0,0.0909090909090909,0.1818181818181818,0,7851,2,4,0,1993,8,3,0,0,0.9659258262890684,-0.2588190451025208,Morning (6-11),18,250,500,Drive,old,premium,sedan,medium,1,20y+,5y+,"(-0.001, 2000000.0]","(1564.724, 2047.59]","(7554.4, 8444.2]",0
278,47,IN,500,1285.01,0,MALE,Masters,machine-op-inspct,not-in-family,0,-39800,Single Vehicle Collision,Rear Collision,Major Damage,Ambulance,VA,1,NO,2,2,YES,58500,Toyota,Camry,0,0,0,0,0.1,0.1,0,2478,2,0,0,2008,4,2,0,1,-0.7071067811865477,0.7071067811865474,Evening (18-23),5,500,1000,Lane,mid,mid,sedan,high,2,7y,5y+,"(-0.001, 2000000.0]","(1257.2, 1322.372]","(1984.8, 2909.4]",0
434,57,OH,2000,1422.95,0,MALE,JD,transport-moving,husband,0,0,Multi-vehicle Collision,Rear Collision,Major Damage,Other,SC,3,NO,1,3,NO,66240,Nissan,Maxima,0,0,0,0,0.1666666666666666,0.1666666666666666,0,5321,1,5,1,2000,6,2,0,1,-0.7071067811865475,-0.7071067811865477,Afternoon (12-17),12,500,1000,Drive,old,mid,other,high,2,15y,5y+,"(-0.001, 2000000.0]","(1385.327, 1454.674]","(4682.0, 5658.2]",0
209,36,IN,2000,1223.39,0,FEMALE,MD,craft-repair,wife,0,0,Multi-vehicle Collision,Rear Collision,Total Loss,Ambulance,PA,3,Missing,1,3,Missing,65440,Jeep,Wrangler,0,1,1,0,0.125,0.125,0,1827,1,0,0,2010,1,1,0,0,-0.9659258262890684,-0.2588190451025206,Afternoon (12-17),1,100,300,Ave,new,mid,other,high,2,6y,5y+,"(-0.001, 2000000.0]","(1197.974, 1257.2]","(908.2, 1984.8]",0
250,43,IL,2000,1539.06,0,MALE,Masters,sales,other-relative,37800,0,Single Vehicle Collision,Front Collision,Minor Damage,Fire,SC,1,NO,0,3,Missing,64200,Ford,F150,0,0,1,0,0.1666666666666666,0.1666666666666666,0,9064,1,1,0,1990,3,1,0,1,0.4999999999999999,0.8660254037844387,Night (0-5),13,500,1000,Ridge,old,mid,pickup,high,2,20y+,5y+,"(-0.001, 2000000.0]","(1454.674, 1564.724]","(8444.2, 9172.0]",0
61,25,IN,2000,988.06,0,FEMALE,Masters,other-service,not-in-family,0,0,Multi-vehicle Collision,Rear Collision,Minor Damage,Ambulance,WV,3,YES,1,0,NO,32320,Dodge,RAM,0,0,0,0,0.125,0.125,0,6216,2,3,0,1998,1,1,0,0,0.2588190451025207,0.9659258262890684,Night (0-5),15,100,300,Drive,old,mid,pickup,low,0,20y,5y+,"(-0.001, 2000000.0]","(953.9, 1050.656]","(5658.2, 6660.4]",0
80,28,IL,1000,1740.57,0,FEMALE,College,farming-fishing,wife,0,-18600,Single Vehicle Collision,Rear Collision,Major Damage,Police,SC,1,Missing,0,1,Missing,33480,Dodge,Neon,0,1,1,0,0.1111111111111111,0.1111111111111111,0,46,1,1,0,2014,12,4,0,1,0.7071067811865475,0.7071067811865476,Night (0-5),4,500,1000,Ridge,mid,mid,other,medium,1,0–6mo,5y+,"(-0.001, 2000000.0]","(1564.724, 2047.59]","(-0.001, 908.2]",0
25,38,OH,1000,1540.91,7000000,MALE,College,adm-clerical,wife,40900,0,Vehicle Theft,Missing,Trivial Damage,Missing,VA,1,NO,1,1,YES,4320,Toyota,Corolla,1,0,0,1,0.1111111111111111,0.2222222222222222,0,7019,2,1,0,1995,12,4,0,0,0.0,1.0,Night (0-5),20,250,500,St,old,mid,sedan,low,0,20y,2–3y,"(6000000.0, 10000000.0]","(1454.674, 1564.724]","(6660.4, 7554.4]",0
4,29,IL,500,1381.88,5000000,MALE,High School,tech-support,other-relative,0,-77800,Vehicle Theft,Missing,Trivial Damage,Police,SC,1,NO,0,2,Missing,4200,Jeep,Wrangler,1,0,1,0,0.2,0.1,0,4653,2,5,1,2002,5,2,0,0,0.8660254037844386,0.5000000000000001,Night (0-5),7,250,500,Ave,mid,mid,other,low,0,15y,0–6mo,"(2000000.0, 6000000.0]","(1322.372, 1385.327]","(3830.6, 4682.0]",1
32,29,OH,500,1446.98,0,MALE,MD,adm-clerical,own-child,0,-45700,Multi-vehicle Collision,Front Collision,Minor Damage,Ambulance,NY,3,YES,2,0,NO,57970,Saab,93,0,0,0,0,0.1818181818181818,0.0909090909090909,0,4569,2,2,0,2002,8,3,0,0,0.258819045102521,-0.9659258262890682,Morning (6-11),9,100,300,Hwy,old,low,other,medium,1,15y,2–3y,"(-0.001, 2000000.0]","(1385.327, 1454.674]","(3830.6, 4682.0]",0
125,31,IN,500,1220.86,0,MALE,JD,other-service,husband,55400,-40400,Parked Car,Missing,Trivial Damage,Missing,NY,1,YES,1,2,Missing,4320,Saab,93,1,0,1,1,0.0,0.2222222222222222,0,783,1,5,1,2012,12,4,0,0,0.8660254037844386,0.5000000000000001,Night (0-5),12,500,1000,Ridge,old,low,other,low,0,3y,5y+,"(-0.001, 2000000.0]","(1197.974, 1257.2]","(-0.001, 908.2]",0
276,45,IL,500,948.1,0,FEMALE,High School,machine-op-inspct,wife,44500,-61400,Multi-vehicle Collision,Front Collision,Minor Damage,Fire,SC,3,Missing,0,2,Missing,69300,Ford,Escape,0,1,1,0,0.2,0.1,0,5403,1,1,0,2000,3,1,0,0,0.258819045102521,-0.9659258262890682,Morning (6-11),5,500,1000,Ridge,mid,mid,other,high,2,15y,5y+,"(-0.001, 2000000.0]","(433.329, 953.9]","(4682.0, 5658.2]",0
148,30,OH,500,1471.24,0,FEMALE,Masters,farming-fishing,own-child,57500,-93600,Multi-vehicle Collision,Side Collision,Minor Damage,Police,NC,3,NO,2,2,NO,32480,Dodge,Neon,0,0,0,0,0.125,0.125,0,4660,1,3,0,2002,4,2,0,0,0.8660254037844386,0.5000000000000001,Night (0-5),18,100,300,Lane,old,mid,other,low,0,15y,5y+,"(-0.001, 2000000.0]","(1454.674, 1564.724]","(3830.6, 4682.0]",0
222,38,IN,2000,1157.97,0,MALE,MD,machine-op-inspct,not-in-family,0,-64500,Single Vehicle Collision,Front Collision,Total Loss,Police,NY,1,Missing,2,2,YES,60480,Accura,TL,0,1,0,0,0.1111111111111111,0.1111111111111111,0,2441,2,6,1,2008,6,2,0,0,-0.8660254037844386,0.5000000000000001,Evening (18-23),14,100,300,Drive,old,mid,other,high,2,7y,5y+,"(-0.001, 2000000.0]","(1124.663, 1197.974]","(1984.8, 2909.4]",0
32,38,IL,2000,566.11,5000000,MALE,Associate,armed-forces,unmarried,0,0,Parked Car,Missing,Trivial Damage,Police,NC,1,YES,0,0,NO,2640,Honda,CRV,1,0,0,0,0.1666666666666666,0.1666666666666666,0,7594,1,2,0,1994,4,2,0,1,-0.5000000000000004,0.8660254037844384,Evening (18-23),0,250,500,Hwy,new,mid,suv,low,0,20y+,2–3y,"(2000000.0, 6000000.0]","(433.329, 953.9]","(7554.4, 8444.2]",0
78,27,OH,500,1060.88,0,MALE,JD,other-service,other-relative,0,-66500,Parked Car,Missing,Trivial Damage,Police,SC,1,NO,0,3,NO,6050,Volkswagen,Passat,1,0,0,0,0.0909090909090909,0.1818181818181818,0,8375,2,1,0,1992,2,1,0,1,0.8660254037844386,0.5000000000000001,Night (0-5),6,500,1000,St,mid,mid,other,low,0,20y+,5y+,"(-0.001, 2000000.0]","(1050.656, 1124.663]","(7554.4, 8444.2]",0
238,43,OH,1000,1524.45,4000000,MALE,High School,handlers-cleaners,wife,0,-44800,Multi-vehicle Collision,Rear Collision,Total Loss,Ambulance,NC,4,NO,0,0,NO,42700,Saab,92x,0,0,0,0,0.1,0.1,1,6855,2,0,0,1996,5,2,1,1,-0.7071067811865477,0.7071067811865474,Evening (18-23),20,250,500,Ave,old,low,other,medium,1,20y,5y+,"(2000000.0, 6000000.0]","(1454.674, 1564.724]","(6660.4, 7554.4]",0
313,47,IN,1000,1556.17,0,MALE,College,prof-specialty,wife,63900,-53300,Single Vehicle Collision,Front Collision,Major Damage,Ambulance,SC,1,YES,1,3,NO,40260,Accura,MDX,0,0,0,0,0.0909090909090909,0.1818181818181818,1,675,2,5,1,2013,4,2,0,0,-0.8660254037844386,0.5000000000000001,Evening (18-23),19,250,500,Ridge,old,mid,other,medium,1,2y,5y+,"(-0.001, 2000000.0]","(1454.674, 1564.724]","(-0.001, 908.2]",0
334,50,OH,500,1216.24,0,MALE,Masters,priv-house-serv,wife,26700,-47200,Single Vehicle Collision,Rear Collision,Major Damage,Fire,NY,1,NO,2,0,Missing,50000,Chevrolet,Silverado,0,0,1,0,0.1,0.2,0,1889,1,2,0,2009,11,4,0,0,0.9659258262890684,-0.2588190451025208,Morning (6-11),7,500,1000,Hwy,mid,mid,pickup,medium,1,6y,5y+,"(-0.001, 2000000.0]","(1197.974, 1257.2]","(908.2, 1984.8]",0
190,35,IN,500,1484.72,5000000,FEMALE,High School,tech-support,husband,0,0,Parked Car,Missing,Trivial Damage,Missing,NY,1,NO,0,1,NO,3840,Saab,92x,1,0,0,1,0.1666666666666666,0.0833333333333333,0,2280,2,0,0,2008,11,4,0,1,0.8660254037844386,0.5000000000000001,Night (0-5),17,250,500,Ridge,old,low,other,low,0,7y,5y+,"(2000000.0, 6000000.0]","(1454.674, 1564.724]","(1984.8, 2909.4]",0
194,41,IL,500,1203.81,0,MALE,JD,transport-moving,not-in-family,52500,-51300,Multi-vehicle Collision,Rear Collision,Minor Damage,Police,WV,3,Missing,0,2,Missing,95900,Saab,95,0,1,1,0,0.1428571428571428,0.2142857142857142,0,8026,2,4,0,1993,2,1,0,0,-0.9659258262890684,-0.2588190451025206,Afternoon (12-17),16,250,500,Ridge,old,low,other,high,2,20y+,5y+,"(-0.001, 2000000.0]","(1197.974, 1257.2]","(7554.4, 8444.2]",0
290,47,IN,1000,1393.34,0,MALE,High School,exec-managerial,other-relative,0,-61400,Multi-vehicle Collision,Side Collision,Minor Damage,Ambulance,WV,3,YES,1,3,YES,56160,Audi,A5,0,0,0,0,0.1111111111111111,0.2222222222222222,0,2369,1,3,0,2008,7,3,0,0,-0.8660254037844386,0.5000000000000001,Evening (18-23),13,250,500,Lane,old,premium,sedan,medium,1,7y,5y+,"(-0.001, 2000000.0]","(1385.327, 1454.674]","(1984.8, 2909.4]",1
26,42,OH,1000,1484.48,0,MALE,PhD,armed-forces,not-in-family,50700,-36300,Single Vehicle Collision,Side Collision,Major Damage,Police,SC,1,NO,2,3,Missing,63030,Saab,92x,0,0,1,0,0.0909090909090909,0.1818181818181818,0,1627,2,1,0,2010,9,3,0,0,0.4999999999999999,-0.8660254037844387,Morning (6-11),19,100,300,St,old,low,other,high,2,5y,2–3y,"(-0.001, 2000000.0]","(1454.674, 1564.724]","(908.2, 1984.8]",0
254,41,IL,500,1581.27,5000000,FEMALE,PhD,handlers-cleaners,own-child,42200,-48000,Single Vehicle Collision,Front Collision,Minor Damage,Police,NY,1,YES,2,2,NO,63470,BMW,X6,0,0,0,0,0.0909090909090909,0.1818181818181818,0,6956,1,2,0,1995,12,4,0,0,0.8660254037844387,-0.4999999999999998,Morning (6-11),16,250,500,Ave,old,premium,other,high,2,20y,5y+,"(2000000.0, 6000000.0]","(1564.724, 2047.59]","(6660.4, 7554.4]",0
199,38,IL,1000,1281.25,0,FEMALE,High School,tech-support,other-relative,0,-53100,Single Vehicle Collision,Front Collision,Major Damage,Police,WV,1,Missing,0,2,NO,44440,BMW,X6,0,1,0,0,0.1818181818181818,0.0909090909090909,1,8532,2,2,0,1991,9,3,0,0,1.0,6.123233995736766e-17,Morning (6-11),8,250,500,Ridge,old,premium,other,medium,1,20y+,5y+,"(-0.001, 2000000.0]","(1257.2, 1322.372]","(8444.2, 9172.0]",0
137,35,IN,500,1667.83,0,MALE,JD,prof-specialty,husband,48500,-67400,Parked Car,Missing,Minor Damage,Police,WV,1,YES,1,1,NO,6600,Jeep,Grand Cherokee,1,0,0,0,0.1818181818181818,0.1818181818181818,0,1791,2,2,0,2010,3,1,0,0,0.8660254037844386,0.5000000000000001,Night (0-5),10,250,500,Hwy,old,mid,other,low,0,5y,5y+,"(-0.001, 2000000.0]","(1564.724, 2047.59]","(908.2, 1984.8]",0
134,36,OH,1000,1497.41,0,MALE,PhD,machine-op-inspct,husband,14100,-44500,Multi-vehicle Collision,Side Collision,Minor Damage,Ambulance,WV,3,NO,2,0,YES,77200,Ford,Escape,0,0,0,0,0.125,0.125,0,8960,1,6,1,1990,7,3,0,0,-0.9659258262890684,-0.2588190451025206,Afternoon (12-17),19,250,500,St,old,mid,other,high,2,20y+,5y+,"(-0.001, 2000000.0]","(1454.674, 1564.724]","(8444.2, 9172.0]",0
73,30,OH,500,803.36,0,FEMALE,High School,protective-serv,husband,0,0,Multi-vehicle Collision,Rear Collision,Total Loss,Other,WV,3,Missing,0,0,YES,57000,Audi,A3,0,1,0,0,0.0,0.2,0,2117,2,2,0,2009,5,2,0,0,-0.7071067811865475,-0.7071067811865477,Afternoon (12-17),2,100,300,St,new,premium,sedan,medium,1,6y,5y+,"(-0.001, 2000000.0]","(433.329, 953.9]","(1984.8, 2909.4]",0
289,45,OH,2000,1221.41,0,FEMALE,Masters,farming-fishing,wife,46700,-72500,Vehicle Theft,Missing,Trivial Damage,Police,WV,1,NO,2,1,NO,2700,Honda,Accord,1,0,0,0,0.1111111111111111,0.1111111111111111,0,5601,2,4,0,1999,10,4,0,0,0.7071067811865476,-0.7071067811865475,Morning (6-11),9,250,500,St,old,mid,other,low,0,20y,5y+,"(-0.001, 2000000.0]","(1197.974, 1257.2]","(4682.0, 5658.2]",0
176,36,OH,500,1865.83,5000000,MALE,College,transport-moving,unmarried,32800,-50600,Single Vehicle Collision,Rear Collision,Total Loss,Police,WV,1,Missing,2,1,YES,47300,Volkswagen,Jetta,0,1,0,0,0.0909090909090909,0.1818181818181818,0,7258,2,2,0,1995,3,1,0,0,-0.9659258262890684,-0.2588190451025206,Afternoon (12-17),9,250,500,Ave,old,mid,other,medium,1,20y,5y+,"(2000000.0, 6000000.0]","(1564.724, 2047.59]","(6660.4, 7554.4]",0
145,37,OH,2000,1434.27,0,FEMALE,Associate,tech-support,unmarried,0,-35900,Single Vehicle Collision,Rear Collision,Major Damage,Other,VA,1,Missing,2,3,Missing,55110,Nissan,Maxima,0,1,1,0,0.0909090909090909,0.1818181818181818,0,8422,1,6,1,1991,12,4,0,0,-0.2588190451025203,-0.9659258262890684,Afternoon (12-17),13,250,500,Ave,old,mid,other,medium,1,20y+,5y+,"(-0.001, 2000000.0]","(1385.327, 1454.674]","(7554.4, 8444.2]",0
164,31,IN,500,1114.68,0,FEMALE,Associate,other-service,husband,44500,-55900,Vehicle Theft,Missing,Trivial Damage,Police,SC,1,YES,1,0,NO,4320,Mercedes,E400,1,0,0,0,0.1111111111111111,0.1111111111111111,0,1456,1,0,0,2011,1,1,0,0,0.9659258262890684,0.2588190451025207,Night (0-5),13,500,1000,Drive,old,premium,other,low,0,4y,5y+,"(-0.001, 2000000.0]","(1050.656, 1124.663]","(908.2, 1984.8]",0
186,38,OH,2000,1218.56,0,FEMALE,Masters,transport-moving,husband,39300,-60300,Multi-vehicle Collision,Front Collision,Total Loss,Police,VA,3,YES,2,2,Missing,68760,Saab,95,0,0,1,0,0.1666666666666666,0.0833333333333333,1,3236,3,6,1,2006,4,2,0,0,-0.2588190451025207,0.9659258262890684,Evening (18-23),17,250,500,Ridge,old,low,other,high,2,9y,5y+,"(-0.001, 2000000.0]","(1197.974, 1257.2]","(2909.4, 3830.6]",0
85,31,IL,2000,1234.69,9000000,FEMALE,MD,tech-support,husband,0,0,Multi-vehicle Collision,Front Collision,Major Damage,Other,WV,2,NO,2,1,Missing,74400,BMW,M5,0,0,1,0,0.2,0.1,1,3985,2,4,0,2004,3,1,0,0,0.2588190451025207,0.9659258262890684,Night (0-5),12,250,500,Lane,old,premium,other,high,2,12y,5y+,"(6000000.0, 10000000.0]","(1197.974, 1257.2]","(3830.6, 4682.0]",0
162,33,OH,500,964.92,0,FEMALE,Associate,exec-managerial,other-relative,45700,0,Multi-vehicle Collision,Rear Collision,Major Damage,Fire,NY,4,NO,2,1,NO,35300,Mercedes,E400,0,0,0,0,0.1,0.1,1,8801,2,0,0,1991,1,1,0,0,-0.9659258262890684,-0.2588190451025206,Afternoon (12-17),19,250,500,Ave,old,premium,other,medium,1,20y+,5y+,"(-0.001, 2000000.0]","(953.9, 1050.656]","(8444.2, 9172.0]",0
396,57,IL,500,1351.72,0,MALE,High School,tech-support,wife,0,-49400,Parked Car,Missing,Minor Damage,Missing,NY,1,YES,1,3,Missing,2640,Volkswagen,Passat,1,0,1,1,0.1818181818181818,0.1818181818181818,0,6687,2,3,0,1996,10,4,0,0,0.7071067811865475,0.7071067811865476,Night (0-5),15,500,1000,Hwy,old,mid,other,low,0,20y,5y+,"(-0.001, 2000000.0]","(1322.372, 1385.327]","(6660.4, 7554.4]",1
270,41,IL,1000,817.28,0,MALE,High School,sales,unmarried,62200,0,Multi-vehicle Collision,Rear Collision,Total Loss,Ambulance,SC,3,Missing,1,1,NO,60190,Mercedes,ML350,0,1,0,0,0.0769230769230769,0.1538461538461538,1,7501,1,5,1,1994,6,2,0,1,-0.9659258262890684,-0.2588190451025206,Afternoon (12-17),1,250,500,St,new,premium,other,high,2,20y+,5y+,"(-0.001, 2000000.0]","(433.329, 953.9]","(6660.4, 7554.4]",0
168,39,IL,1000,1389.59,0,FEMALE,Masters,machine-op-inspct,own-child,0,-42600,Multi-vehicle Collision,Rear Collision,Major Damage,Fire,NY,3,YES,1,3,NO,41580,Chevrolet,Malibu,0,0,0,0,0.0909090909090909,0.1818181818181818,1,7561,2,1,0,1994,6,2,0,0,-0.2588190451025207,0.9659258262890684,Evening (18-23),0,500,1000,Drive,new,mid,sedan,medium,1,20y+,5y+,"(-0.001, 2000000.0]","(1385.327, 1454.674]","(7554.4, 8444.2]",1
274,45,IN,1000,1353.53,0,FEMALE,JD,tech-support,unmarried,54700,-47900,Single Vehicle Collision,Side Collision,Minor Damage,Ambulance,NY,1,YES,0,0,NO,58500,Accura,MDX,0,0,0,0,0.2,0.0,1,4250,1,2,0,2003,5,2,0,0,-0.2588190451025203,-0.9659258262890684,Afternoon (12-17),20,250,500,Drive,old,mid,other,high,2,12y,5y+,"(-0.001, 2000000.0]","(1322.372, 1385.327]","(3830.6, 4682.0]",1
263,43,IN,1000,1294.04,0,FEMALE,Masters,handlers-cleaners,not-in-family,0,0,Single Vehicle Collision,Rear Collision,Minor Damage,Fire,SC,1,YES,2,3,YES,79320,Nissan,Ultima,0,0,0,0,0.1666666666666666,0.0833333333333333,0,6760,1,3,0,1996,7,3,0,0,-0.9659258262890684,-0.2588190451025206,Afternoon (12-17),18,500,1000,Lane,old,mid,sedan,high,2,20y,5y+,"(-0.001, 2000000.0]","(1257.2, 1322.372]","(6660.4, 7554.4]",0
152,33,OH,1000,840.81,0,FEMALE,High School,farming-fishing,husband,0,0,Single Vehicle Collision,Rear Collision,Minor Damage,Ambulance,NY,1,YES,0,2,Missing,82610,Ford,Escape,0,0,1,0,0.0909090909090909,0.0909090909090909,1,3569,2,5,1,2005,5,2,1,1,0.4999999999999999,0.8660254037844387,Night (0-5),13,100,300,Drive,old,mid,other,high,2,10y,5y+,"(-0.001, 2000000.0]","(433.329, 953.9]","(2909.4, 3830.6]",0
46,41,OH,2000,998.19,0,FEMALE,MD,priv-house-serv,husband,43700,-66300,Multi-vehicle Collision,Rear Collision,Total Loss,Ambulance,SC,3,NO,1,3,Missing,78600,Dodge,RAM,0,0,1,0,0.1666666666666666,0.25,1,1543,1,4,0,2010,11,4,0,0,-0.2588190451025207,0.9659258262890684,Evening (18-23),11,100,300,Lane,old,mid,pickup,high,2,5y,3–5y,"(-0.001, 2000000.0]","(953.9, 1050.656]","(908.2, 1984.8]",0
276,46,OH,2000,1090.32,0,MALE,College,handlers-cleaners,husband,0,-70400,Single Vehicle Collision,Front Collision,Minor Damage,Ambulance,SC,1,NO,1,2,Missing,51390,Volkswagen,Jetta,0,0,1,0,0.1111111111111111,0.1111111111111111,1,890,1,0,0,2012,7,3,0,0,-0.9659258262890684,-0.2588190451025206,Afternoon (12-17),8,100,300,Drive,old,mid,other,medium,1,3y,5y+,"(-0.001, 2000000.0]","(1050.656, 1124.663]","(-0.001, 908.2]",0
234,44,IN,500,1780.67,0,MALE,Associate,other-service,other-relative,0,0,Single Vehicle Collision,Side Collision,Major Damage,Ambulance,NC,1,NO,1,0,NO,70200,Ford,F150,0,0,0,0,0.1,0.1,1,4641,2,3,0,2002,6,2,0,0,0.7071067811865475,0.7071067811865476,Night (0-5),3,500,1000,Ridge,new,mid,pickup,high,2,15y,5y+,"(-0.001, 2000000.0]","(1564.724, 2047.59]","(3830.6, 4682.0]",0
64,30,IL,2000,1681.01,0,MALE,JD,protective-serv,own-child,0,-51100,Parked Car,Missing,Minor Damage,Missing,SC,1,NO,2,1,NO,4900,Jeep,Wrangler,1,0,0,1,0.1,0.3,0,8542,2,5,1,1991,9,3,0,0,-0.8660254037844384,-0.5000000000000004,Afternoon (12-17),0,250,500,Ridge,new,mid,other,low,0,20y+,5y+,"(-0.001, 2000000.0]","(1564.724, 2047.59]","(8444.2, 9172.0]",0
456,62,OH,1000,1395.77,0,FEMALE,MD,protective-serv,own-child,82600,-49500,Multi-vehicle Collision,Side Collision,Major Damage,Other,PA,3,Missing,1,3,NO,66480,Saab,92x,0,1,0,0,0.0833333333333333,0.1666666666666666,1,2054,2,5,1,2009,6,2,0,0,-0.2588190451025203,-0.9659258262890684,Afternoon (12-17),3,250,500,Drive,new,low,other,high,2,6y,5y+,"(-0.001, 2000000.0]","(1385.327, 1454.674]","(1984.8, 2909.4]",1
58,23,OH,2000,1471.44,5000000,MALE,High School,transport-moving,own-child,57500,0,Single Vehicle Collision,Rear Collision,Major Damage,Fire,NC,1,NO,2,1,NO,50380,Chevrolet,Tahoe,0,0,0,0,0.0909090909090909,0.1818181818181818,1,8271,1,1,0,1992,5,2,0,1,0.8660254037844387,-0.4999999999999998,Morning (6-11),8,500,1000,Ridge,old,mid,suv,medium,1,20y+,3–5y,"(2000000.0, 6000000.0]","(1454.674, 1564.724]","(7554.4, 8444.2]",0
475,61,IL,500,1265.72,0,FEMALE,Masters,handlers-cleaners,wife,0,-59500,Single Vehicle Collision,Front Collision,Major Damage,Fire,SC,1,YES,0,2,Missing,64350,Mercedes,E400,0,0,1,0,0.1538461538461538,0.1538461538461538,0,3842,2,2,0,2004,8,3,0,1,-0.2588190451025207,0.9659258262890684,Evening (18-23),17,500,1000,Ridge,old,premium,other,high,2,12y,5y+,"(-0.001, 2000000.0]","(1257.2, 1322.372]","(3830.6, 4682.0]",0
96,29,IN,1000,1274.7,5000000,MALE,College,prof-specialty,other-relative,47500,-58700,Multi-vehicle Collision,Rear Collision,Major Damage,Ambulance,NC,3,YES,2,3,YES,55400,Chevrolet,Silverado,0,0,0,0,0.1,0.2,1,2940,1,6,1,2006,12,4,0,0,-0.7071067811865475,-0.7071067811865477,Afternoon (12-17),11,250,500,Lane,old,mid,pickup,medium,1,9y,5y+,"(2000000.0, 6000000.0]","(1257.2, 1322.372]","(2909.4, 3830.6]",0
99,28,OH,500,1330.39,0,MALE,MD,prof-specialty,wife,0,0,Single Vehicle Collision,Front Collision,Total Loss,Other,NY,1,NO,2,2,YES,49900,Dodge,Neon,0,0,0,0,0.1,0.2,0,2739,1,3,0,2007,7,3,0,0,0.7071067811865475,0.7071067811865476,Night (0-5),17,100,300,Lane,old,mid,other,medium,1,8y,5y+,"(-0.001, 2000000.0]","(1322.372, 1385.327]","(1984.8, 2909.4]",1
38,28,OH,500,1122.95,4000000,MALE,Masters,priv-house-serv,other-relative,78000,0,Multi-vehicle Collision,Side Collision,Minor Damage,Ambulance,WV,3,NO,0,3,YES,74880,Accura,TL,0,0,0,0,0.1666666666666666,0.1666666666666666,0,7495,2,0,0,1994,8,3,0,0,0.8660254037844386,0.5000000000000001,Night (0-5),15,500,1000,Drive,old,mid,other,high,2,20y+,3–5y,"(2000000.0, 6000000.0]","(1050.656, 1124.663]","(6660.4, 7554.4]",0
259,44,OH,2000,1655.79,0,FEMALE,Masters,exec-managerial,husband,0,0,Single Vehicle Collision,Front Collision,Minor Damage,Other,NY,1,YES,0,0,YES,105820,Audi,A3,0,0,0,0,0.1538461538461538,0.1538461538461538,0,6854,1,3,0,1996,4,2,0,0,0.8660254037844387,-0.4999999999999998,Morning (6-11),13,250,500,St,old,premium,sedan,high,2,20y,5y+,"(-0.001, 2000000.0]","(1564.724, 2047.59]","(6660.4, 7554.4]",0
241,43,IN,1000,935.77,0,MALE,Associate,prof-specialty,own-child,0,-36000,Vehicle Theft,Missing,Trivial Damage,Police,PA,1,NO,1,0,YES,7150,Volkswagen,Jetta,1,0,0,0,0.1818181818181818,0.0909090909090909,0,8106,2,4,0,1992,12,4,0,0,-0.7071067811865477,0.7071067811865474,Evening (18-23),12,250,500,Ave,old,mid,other,low,0,20y+,5y+,"(-0.001, 2000000.0]","(433.329, 953.9]","(7554.4, 8444.2]",0
437,58,IN,2000,1192.04,0,MALE,Associate,craft-repair,own-child,66100,-31400,Single Vehicle Collision,Front Collision,Total Loss,Ambulance,SC,1,YES,0,0,NO,55800,Dodge,RAM,0,0,0,0,0.2,0.2,0,1632,1,0,0,2010,8,3,1,1,-0.2588190451025207,0.9659258262890684,Evening (18-23),11,500,1000,Drive,old,mid,pickup,medium,1,5y,5y+,"(-0.001, 2000000.0]","(1124.663, 1197.974]","(908.2, 1984.8]",0
130,34,OH,500,990.11,0,MALE,Masters,sales,other-relative,0,-41200,Parked Car,Missing,Trivial Damage,Missing,NY,1,Missing,1,3,YES,5830,Dodge,RAM,1,1,0,1,0.1818181818181818,0.1818181818181818,0,2119,1,5,1,2009,3,1,0,0,0.8660254037844387,-0.4999999999999998,Morning (6-11),0,100,300,Ridge,new,mid,pickup,low,0,6y,5y+,"(-0.001, 2000000.0]","(953.9, 1050.656]","(1984.8, 2909.4]",0
269,41,OH,2000,1422.21,0,FEMALE,Associate,handlers-cleaners,unmarried,0,-46400,Single Vehicle Collision,Side Collision,Major Damage,Ambulance,WV,1,YES,2,1,NO,85900,Suburu,Forrestor,0,0,0,0,0.2,0.2,1,6745,1,4,0,1996,7,3,0,0,-0.7071067811865477,0.7071067811865474,Evening (18-23),10,100,300,St,old,mid,other,high,2,20y,5y+,"(-0.001, 2000000.0]","(1385.327, 1454.674]","(6660.4, 7554.4]",0
103,29,OH,500,914.85,0,MALE,Associate,prof-specialty,other-relative,72100,0,Parked Car,Missing,Minor Damage,Police,OH,1,NO,2,3,NO,7110,Accura,MDX,1,0,0,0,0.1111111111111111,0.2222222222222222,0,7478,2,3,0,1994,8,3,0,1,0.9659258262890684,0.2588190451025207,Night (0-5),10,500,1000,Ave,old,mid,other,low,0,20y+,5y+,"(-0.001, 2000000.0]","(433.329, 953.9]","(6660.4, 7554.4]",0
284,43,IL,500,1123.84,0,MALE,PhD,prof-specialty,other-relative,48200,0,Multi-vehicle Collision,Side Collision,Total Loss,Fire,WV,3,NO,0,0,YES,36960,Chevrolet,Tahoe,0,0,0,0,0.1818181818181818,0.0909090909090909,0,8419,1,4,0,1992,1,1,0,0,1.2246467991473532e-16,-1.0,Afternoon (12-17),8,250,500,Drive,old,mid,suv,medium,1,20y+,5y+,"(-0.001, 2000000.0]","(1050.656, 1124.663]","(7554.4, 8444.2]",0
189,39,OH,2000,838.02,0,FEMALE,College,tech-support,own-child,0,0,Multi-vehicle Collision,Rear Collision,Minor Damage,Police,VA,3,Missing,2,0,YES,64400,Dodge,Neon,0,1,0,0,0.1,0.1,0,6364,2,4,0,1997,9,3,0,1,0.9659258262890684,-0.2588190451025208,Morning (6-11),18,250,500,St,old,mid,other,high,2,20y,5y+,"(-0.001, 2000000.0]","(433.329, 953.9]","(5658.2, 6660.4]",0
267,43,OH,500,1300.68,0,MALE,PhD,adm-clerical,unmarried,49000,0,Parked Car,Missing,Minor Damage,Missing,NC,1,NO,1,3,YES,1920,Chevrolet,Tahoe,1,0,0,1,0.25,0.0,0,4734,1,1,0,2002,2,1,0,0,0.0,1.0,Night (0-5),4,250,500,St,mid,mid,suv,low,0,15y,5y+,"(-0.001, 2000000.0]","(1257.2, 1322.372]","(4682.0, 5658.2]",1
39,22,IN,500,1173.21,0,MALE,JD,farming-fishing,not-in-family,0,0,Single Vehicle Collision,Rear Collision,Major Damage,Police,SC,1,YES,0,1,YES,86130,Suburu,Legacy,0,0,0,0,0.1818181818181818,0.0909090909090909,1,8052,2,5,1,1993,1,1,1,1,-0.5000000000000001,-0.8660254037844386,Afternoon (12-17),6,500,1000,Lane,mid,mid,other,high,2,20y+,3–5y,"(-0.001, 2000000.0]","(1124.663, 1197.974]","(7554.4, 8444.2]",0
140,32,IL,1000,985.97,5000000,FEMALE,College,protective-serv,other-relative,0,0,Single Vehicle Collision,Side Collision,Major Damage,Fire,VA,1,Missing,2,3,Missing,82170,Chevrolet,Silverado,0,1,1,0,0.1818181818181818,0.0909090909090909,1,6675,2,6,1,1996,10,4,1,1,-0.2588190451025203,-0.9659258262890684,Afternoon (12-17),20,250,500,Ave,old,mid,pickup,high,2,20y,5y+,"(2000000.0, 6000000.0]","(953.9, 1050.656]","(6660.4, 7554.4]",0
243,41,IN,1000,1129.23,0,FEMALE,College,farming-fishing,own-child,17300,-60400,Single Vehicle Collision,Front Collision,Major Damage,Fire,WV,1,Missing,1,0,YES,50300,Suburu,Legacy,0,1,0,0,0.2,0.1,1,6517,2,0,0,1997,4,2,0,0,0.2588190451025207,0.9659258262890684,Night (0-5),16,100,300,Drive,old,mid,other,medium,1,20y,5y+,"(-0.001, 2000000.0]","(1124.663, 1197.974]","(5658.2, 6660.4]",0
116,31,IN,500,1194.83,0,FEMALE,MD,prof-specialty,husband,28600,0,Single Vehicle Collision,Side Collision,Major Damage,Police,SC,1,NO,0,0,NO,44200,Suburu,Forrestor,0,0,0,0,0.1,0.2,0,2263,1,1,0,2008,11,4,0,1,-0.2588190451025207,0.9659258262890684,Evening (18-23),18,250,500,Drive,old,mid,other,medium,1,7y,5y+,"(-0.001, 2000000.0]","(1124.663, 1197.974]","(1984.8, 2909.4]",0
219,43,IN,1000,1114.29,0,FEMALE,High School,transport-moving,other-relative,51300,0,Single Vehicle Collision,Side Collision,Major Damage,Ambulance,VA,1,Missing,2,2,YES,66660,Toyota,Highlander,0,1,0,0,0.0909090909090909,0.0909090909090909,0,4585,1,3,0,2002,6,2,0,0,0.2588190451025207,0.9659258262890684,Night (0-5),9,100,300,Ridge,old,mid,suv,high,2,15y,5y+,"(-0.001, 2000000.0]","(1050.656, 1124.663]","(3830.6, 4682.0]",0
96,26,OH,2000,1509.04,0,FEMALE,Associate,prof-specialty,husband,10000,0,Single Vehicle Collision,Front Collision,Total Loss,Ambulance,SC,1,YES,2,3,NO,78320,Saab,92x,0,0,0,0,0.0909090909090909,0.1818181818181818,0,3412,2,0,0,2005,10,4,0,0,0.7071067811865476,-0.7071067811865475,Morning (6-11),8,250,500,Hwy,old,low,other,high,2,10y,5y+,"(-0.001, 2000000.0]","(1454.674, 1564.724]","(2909.4, 3830.6]",0
149,34,IN,500,664.86,0,FEMALE,PhD,craft-repair,wife,0,-60000,Single Vehicle Collision,Rear Collision,Total Loss,Fire,WV,1,Missing,0,1,NO,105040,Dodge,RAM,0,1,0,0,0.1538461538461538,0.1538461538461538,0,3447,2,2,0,2005,8,3,0,0,0.7071067811865475,0.7071067811865476,Night (0-5),16,250,500,St,old,mid,pickup,high,2,10y,5y+,"(-0.001, 2000000.0]","(433.329, 953.9]","(2909.4, 3830.6]",0
246,43,IN,1000,1267.4,6000000,MALE,JD,adm-clerical,husband,0,0,Single Vehicle Collision,Side Collision,Minor Damage,Fire,NY,1,NO,2,1,Missing,50700,Accura,RSX,0,0,1,0,0.1,0.1,0,754,2,0,0,2013,1,1,0,0,0.0,1.0,Night (0-5),9,250,500,St,old,mid,other,medium,1,3y,5y+,"(2000000.0, 6000000.0]","(1257.2, 1322.372]","(-0.001, 908.2]",0
293,45,IL,1000,1119.23,0,FEMALE,MD,exec-managerial,unmarried,51500,0,Multi-vehicle Collision,Front Collision,Total Loss,Fire,WV,3,NO,1,1,NO,51210,Jeep,Wrangler,0,0,0,0,0.2222222222222222,0.1111111111111111,0,8331,2,2,0,1992,4,2,0,1,-0.2588190451025203,-0.9659258262890684,Afternoon (12-17),0,100,300,Lane,new,mid,other,medium,1,20y+,5y+,"(-0.001, 2000000.0]","(1050.656, 1124.663]","(7554.4, 8444.2]",0
339,48,OH,500,1698.51,0,MALE,JD,other-service,unmarried,0,0,Multi-vehicle Collision,Rear Collision,Total Loss,Fire,SC,3,NO,2,1,Missing,51840,Volkswagen,Jetta,0,0,1,0,0.1666666666666666,0.1666666666666666,0,3410,2,1,0,2005,10,4,0,0,-1.0,-1.8369701987210294e-16,Evening (18-23),14,100,300,St,old,mid,other,medium,1,10y,5y+,"(-0.001, 2000000.0]","(1564.724, 2047.59]","(2909.4, 3830.6]",0
160,33,IL,1000,1422.78,0,FEMALE,High School,exec-managerial,husband,61600,0,Multi-vehicle Collision,Front Collision,Total Loss,Ambulance,NC,3,Missing,2,3,YES,52800,Nissan,Pathfinder,0,1,0,0,0.1,0.1,0,2172,1,1,0,2009,2,1,0,1,-0.9659258262890684,-0.2588190451025206,Afternoon (12-17),9,500,1000,Lane,old,mid,suv,medium,1,6y,5y+,"(-0.001, 2000000.0]","(1385.327, 1454.674]","(1984.8, 2909.4]",0
224,42,OH,500,1212.75,0,FEMALE,College,prof-specialty,own-child,0,-51400,Single Vehicle Collision,Front Collision,Minor Damage,Fire,WV,1,Missing,0,0,YES,55200,Honda,Civic,0,1,0,0,0.1666666666666666,0.25,0,3614,1,1,0,2005,3,1,0,0,0.258819045102521,-0.9659258262890682,Morning (6-11),17,500,1000,Ave,old,mid,other,medium,1,10y,5y+,"(-0.001, 2000000.0]","(1197.974, 1257.2]","(2909.4, 3830.6]",0
194,34,IN,1000,1423.34,0,MALE,Associate,sales,not-in-family,55300,-37900,Vehicle Theft,Missing,Minor Damage,Missing,WV,1,YES,0,3,NO,9100,Chevrolet,Malibu,1,0,0,1,0.1538461538461538,0.1538461538461538,0,7554,1,2,0,1994,5,2,0,1,0.0,1.0,Night (0-5),12,100,300,St,old,mid,sedan,low,0,20y+,5y+,"(-0.001, 2000000.0]","(1385.327, 1454.674]","(6660.4, 7554.4]",0
385,51,IN,1000,976.37,0,FEMALE,MD,craft-repair,husband,0,-61000,Multi-vehicle Collision,Rear Collision,Minor Damage,Other,WV,3,Missing,1,3,Missing,67600,Suburu,Legacy,0,1,1,0,0.2,0.1,0,8979,2,2,0,1990,7,3,0,1,-0.5000000000000001,-0.8660254037844386,Afternoon (12-17),8,250,500,Ave,old,mid,other,high,2,20y+,5y+,"(-0.001, 2000000.0]","(953.9, 1050.656]","(8444.2, 9172.0]",0
100,33,OH,500,1124.59,6000000,MALE,College,adm-clerical,not-in-family,67300,0,Single Vehicle Collision,Rear Collision,Minor Damage,Other,NC,1,NO,1,2,NO,40800,BMW,X5,0,0,0,0,0.1666666666666666,0.1666666666666666,0,3602,2,3,0,2005,4,2,0,0,0.8660254037844386,0.5000000000000001,Night (0-5),11,250,500,Lane,old,premium,suv,medium,1,10y,5y+,"(2000000.0, 6000000.0]","(1050.656, 1124.663]","(2909.4, 3830.6]",0
371,50,IN,1000,1569.33,0,MALE,PhD,machine-op-inspct,not-in-family,79600,0,Multi-vehicle Collision,Side Collision,Major Damage,Other,WV,3,NO,2,1,YES,84500,Volkswagen,Passat,0,0,0,0,0.1538461538461538,0.1538461538461538,1,7658,1,3,0,1994,2,1,0,0,0.4999999999999999,0.8660254037844387,Night (0-5),4,250,500,Lane,mid,mid,other,high,2,20y+,5y+,"(-0.001, 2000000.0]","(1564.724, 2047.59]","(7554.4, 8444.2]",0
175,39,IN,500,1359.36,5000000,MALE,PhD,exec-managerial,husband,0,-43600,Multi-vehicle Collision,Front Collision,Major Damage,Other,SC,3,YES,2,2,YES,71610,Toyota,Highlander,0,0,0,0,0.1818181818181818,0.0909090909090909,1,7256,2,6,1,1995,3,1,0,0,0.7071067811865476,-0.7071067811865475,Morning (6-11),3,500,1000,Lane,new,mid,suv,high,2,20y,5y+,"(2000000.0, 6000000.0]","(1322.372, 1385.327]","(6660.4, 7554.4]",1
373,55,IN,500,1607.36,0,MALE,MD,sales,own-child,0,0,Multi-vehicle Collision,Rear Collision,Major Damage,Other,SC,4,Missing,0,2,NO,60600,Dodge,RAM,0,1,0,0,0.1,0.2,1,2821,1,0,0,2007,4,2,1,1,-0.7071067811865477,0.7071067811865474,Evening (18-23),8,250,500,Ave,old,mid,pickup,high,2,8y,5y+,"(-0.001, 2000000.0]","(1564.724, 2047.59]","(1984.8, 2909.4]",0
258,41,IL,500,1042.25,0,MALE,Masters,exec-managerial,unmarried,0,-44400,Multi-vehicle Collision,Rear Collision,Major Damage,Fire,NC,3,NO,2,3,NO,81240,Mercedes,C300,0,0,0,0,0.0833333333333333,0.25,1,5106,2,6,1,2001,2,1,0,0,0.0,1.0,Night (0-5),7,100,300,Drive,mid,premium,sedan,high,2,15y,5y+,"(-0.001, 2000000.0]","(953.9, 1050.656]","(4682.0, 5658.2]",0
255,39,OH,500,1453.95,0,FEMALE,PhD,armed-forces,not-in-family,38200,0,Multi-vehicle Collision,Side Collision,Total Loss,Fire,WV,3,YES,0,3,NO,29300,Audi,A3,0,0,0,0,0.1,0.2,0,4930,1,2,0,2001,7,3,0,0,-0.9659258262890684,-0.2588190451025206,Afternoon (12-17),5,250,500,Ridge,mid,premium,sedan,low,0,15y,5y+,"(-0.001, 2000000.0]","(1385.327, 1454.674]","(4682.0, 5658.2]",0
37,31,IL,500,1969.63,0,FEMALE,MD,sales,own-child,0,0,Multi-vehicle Collision,Side Collision,Total Loss,Fire,WV,3,NO,1,1,YES,76450,Dodge,RAM,0,0,0,0,0.0909090909090909,0.1818181818181818,0,2351,2,4,0,2008,9,3,0,1,-0.7071067811865477,0.7071067811865474,Evening (18-23),20,500,1000,Hwy,old,mid,pickup,high,2,7y,3–5y,"(-0.001, 2000000.0]","(1564.724, 2047.59]","(1984.8, 2909.4]",0
322,44,IL,1000,1156.19,0,FEMALE,College,machine-op-inspct,husband,49900,-62700,Multi-vehicle Collision,Side Collision,Major Damage,Fire,NY,3,YES,0,3,Missing,49400,Jeep,Wrangler,0,0,1,0,0.2,0.1,0,3710,2,6,1,2004,12,4,0,1,-0.8660254037844386,0.5000000000000001,Evening (18-23),5,100,300,Hwy,mid,mid,other,medium,1,12y,5y+,"(-0.001, 2000000.0]","(1124.663, 1197.974]","(2909.4, 3830.6]",0
204,38,IL,2000,1124.47,0,FEMALE,MD,tech-support,wife,0,-45100,Single Vehicle Collision,Side Collision,Total Loss,Ambulance,SC,1,NO,0,1,Missing,90530,Ford,F150,0,0,1,0,0.1818181818181818,0.1818181818181818,0,5204,2,5,1,2000,11,4,1,1,0.9659258262890684,0.2588190451025207,Night (0-5),12,100,300,Hwy,old,mid,pickup,high,2,15y,5y+,"(-0.001, 2000000.0]","(1050.656, 1124.663]","(4682.0, 5658.2]",0
76,31,OH,500,1493.5,5000000,FEMALE,Associate,priv-house-serv,not-in-family,39900,-44000,Vehicle Theft,Missing,Minor Damage,Police,WV,1,NO,2,1,NO,8030,Mercedes,E400,1,0,0,0,0.1818181818181818,0.0909090909090909,0,2880,1,5,1,2007,3,1,0,1,0.9659258262890684,-0.2588190451025208,Morning (6-11),20,500,1000,St,old,premium,other,low,0,8y,5y+,"(2000000.0, 6000000.0]","(1454.674, 1564.724]","(1984.8, 2909.4]",0
193,40,IL,500,1155.38,0,FEMALE,PhD,handlers-cleaners,not-in-family,34200,-32300,Single Vehicle Collision,Side Collision,Minor Damage,Fire,NY,1,NO,0,0,YES,63900,Accura,TL,0,0,0,0,0.1,0.1,0,3683,1,2,0,2004,12,4,0,0,1.0,6.123233995736766e-17,Morning (6-11),14,100,300,Ridge,old,mid,other,high,2,12y,5y+,"(-0.001, 2000000.0]","(1124.663, 1197.974]","(2909.4, 3830.6]",0
405,55,IL,500,878.19,0,MALE,PhD,machine-op-inspct,unmarried,57100,0,Multi-vehicle Collision,Rear Collision,Minor Damage,Fire,NC,4,YES,0,2,NO,38640,Chevrolet,Tahoe,0,0,0,0,0.125,0.125,0,5718,3,6,1,1999,7,3,0,0,0.4999999999999999,0.8660254037844387,Night (0-5),18,250,500,Lane,old,mid,suv,medium,1,20y,5y+,"(-0.001, 2000000.0]","(433.329, 953.9]","(5658.2, 6660.4]",0
435,58,IN,2000,1145.85,0,MALE,JD,sales,not-in-family,0,-40000,Multi-vehicle Collision,Rear Collision,Total Loss,Other,NY,3,Missing,1,1,YES,41490,Mercedes,E400,0,1,0,0,0.2222222222222222,0.1111111111111111,0,6265,1,5,1,1997,11,4,0,0,-0.9659258262890684,0.2588190451025203,Evening (18-23),11,100,300,Hwy,old,premium,other,medium,1,20y,5y+,"(-0.001, 2000000.0]","(1124.663, 1197.974]","(5658.2, 6660.4]",0
54,35,IN,500,1261.28,0,FEMALE,MD,protective-serv,unmarried,68500,-42100,Multi-vehicle Collision,Side Collision,Minor Damage,Fire,VA,3,YES,2,0,Missing,79090,Nissan,Maxima,0,0,1,0,0.1818181818181818,0.0909090909090909,0,1612,2,2,0,2010,9,3,0,0,-0.7071067811865477,0.7071067811865474,Evening (18-23),3,100,300,Ridge,new,mid,other,high,2,5y,3–5y,"(-0.001, 2000000.0]","(1257.2, 1322.372]","(908.2, 1984.8]",0
144,35,IL,500,1427.46,0,MALE,High School,machine-op-inspct,wife,0,0,Multi-vehicle Collision,Side Collision,Major Damage,Police,WV,3,Missing,0,0,Missing,87900,Dodge,Neon,0,1,1,0,0.2,0.1,0,7823,1,4,0,1993,8,3,0,1,0.7071067811865475,0.7071067811865476,Night (0-5),20,100,300,Drive,old,mid,other,high,2,20y+,5y+,"(-0.001, 2000000.0]","(1385.327, 1454.674]","(7554.4, 8444.2]",0
92,32,IL,500,1592.41,0,MALE,Masters,prof-specialty,husband,58900,-29100,Single Vehicle Collision,Rear Collision,Total Loss,Ambulance,WV,1,Missing,2,3,YES,53400,Jeep,Wrangler,0,1,0,0,0.1,0.1,0,6217,2,4,0,1998,1,1,0,0,-0.5000000000000004,0.8660254037844384,Evening (18-23),19,500,1000,St,old,mid,other,medium,1,20y,5y+,"(-0.001, 2000000.0]","(1564.724, 2047.59]","(5658.2, 6660.4]",0
173,36,OH,1000,1274.63,0,MALE,College,machine-op-inspct,unmarried,51000,0,Single Vehicle Collision,Rear Collision,Total Loss,Fire,SC,1,YES,2,3,NO,52030,Accura,MDX,0,0,0,0,0.1818181818181818,0.1818181818181818,0,2731,2,6,1,2007,8,3,0,0,-0.5000000000000004,0.8660254037844384,Evening (18-23),20,250,500,Ave,old,mid,other,medium,1,8y,5y+,"(-0.001, 2000000.0]","(1257.2, 1322.372]","(1984.8, 2909.4]",0
436,60,IN,500,1362.31,0,MALE,High School,prof-specialty,wife,67600,-65300,Single Vehicle Collision,Front Collision,Minor Damage,Ambulance,VA,1,NO,0,2,NO,82060,Saab,93,0,0,0,0,0.1818181818181818,0.0909090909090909,0,8309,1,1,0,1992,4,2,0,0,-0.8660254037844384,-0.5000000000000004,Afternoon (12-17),10,250,500,Ave,old,low,other,high,2,20y+,5y+,"(-0.001, 2000000.0]","(1322.372, 1385.327]","(7554.4, 8444.2]",1
155,35,OH,1000,919.37,0,FEMALE,Associate,protective-serv,not-in-family,83600,0,Single Vehicle Collision,Front Collision,Minor Damage,Ambulance,NY,1,Missing,0,3,Missing,48360,Nissan,Maxima,0,1,1,0,0.1666666666666666,0.1666666666666666,0,7832,1,6,1,1993,8,3,0,1,0.0,1.0,Night (0-5),18,250,500,Ridge,old,mid,other,medium,1,20y+,5y+,"(-0.001, 2000000.0]","(433.329, 953.9]","(7554.4, 8444.2]",0
78,31,OH,1000,1377.23,0,FEMALE,Masters,armed-forces,unmarried,72600,0,Multi-vehicle Collision,Side Collision,Minor Damage,Other,NY,3,Missing,2,1,Missing,52290,Nissan,Maxima,0,1,1,0,0.1111111111111111,0.2222222222222222,0,8734,3,6,1,1991,4,2,0,0,0.2588190451025207,0.9659258262890684,Night (0-5),18,250,500,Ave,old,mid,other,medium,1,20y+,5y+,"(-0.001, 2000000.0]","(1322.372, 1385.327]","(8444.2, 9172.0]",1
440,57,IL,1000,995.55,5000000,MALE,College,protective-serv,wife,51500,-52100,Multi-vehicle Collision,Rear Collision,Major Damage,Police,SC,3,YES,0,3,Missing,68200,Jeep,Wrangler,0,0,1,0,0.1818181818181818,0.1818181818181818,1,2881,2,0,0,2007,3,1,0,1,-0.9659258262890684,0.2588190451025203,Evening (18-23),8,100,300,Ridge,old,mid,other,high,2,8y,5y+,"(2000000.0, 6000000.0]","(953.9, 1050.656]","(1984.8, 2909.4]",0
264,43,IL,500,1508.12,6000000,MALE,PhD,craft-repair,wife,0,0,Multi-vehicle Collision,Rear Collision,Major Damage,Other,NY,3,Missing,2,1,NO,60750,Jeep,Wrangler,0,1,0,0,0.2222222222222222,0.1111111111111111,1,1725,1,1,0,2010,5,2,0,1,0.0,1.0,Night (0-5),0,100,300,Lane,new,mid,other,high,2,5y,5y+,"(2000000.0, 6000000.0]","(1454.674, 1564.724]","(908.2, 1984.8]",0
66,30,IN,500,484.67,0,FEMALE,College,adm-clerical,wife,21100,-60800,Multi-vehicle Collision,Front Collision,Major Damage,Fire,SC,3,Missing,0,2,YES,65560,Volkswagen,Passat,0,1,0,0,0.1818181818181818,0.1818181818181818,1,4232,1,5,1,2003,6,2,0,0,0.4999999999999999,0.8660254037844387,Night (0-5),0,500,1000,St,new,mid,other,high,2,12y,5y+,"(-0.001, 2000000.0]","(433.329, 953.9]","(3830.6, 4682.0]",0
366,50,IN,1000,1561.41,0,FEMALE,High School,handlers-cleaners,husband,21200,0,Multi-vehicle Collision,Rear Collision,Minor Damage,Police,NY,3,YES,1,3,NO,70290,Mercedes,C300,0,0,0,0,0.1818181818181818,0.1818181818181818,0,8946,1,6,1,1990,7,3,0,0,0.9659258262890684,0.2588190451025207,Night (0-5),3,500,1000,Lane,new,premium,sedan,high,2,20y+,5y+,"(-0.001, 2000000.0]","(1454.674, 1564.724]","(8444.2, 9172.0]",0
188,37,OH,500,1457.21,0,FEMALE,JD,adm-clerical,own-child,46300,0,Single Vehicle Collision,Rear Collision,Total Loss,Ambulance,SC,1,Missing,2,0,YES,45000,Suburu,Forrestor,0,1,0,0,0.1111111111111111,0.1111111111111111,0,7420,1,5,1,1994,9,3,0,1,1.0,6.123233995736766e-17,Morning (6-11),12,100,300,Hwy,old,mid,other,medium,1,20y+,5y+,"(-0.001, 2000000.0]","(1454.674, 1564.724]","(6660.4, 7554.4]",0
224,39,IL,1000,1128.71,0,FEMALE,JD,prof-specialty,other-relative,0,-47100,Multi-vehicle Collision,Rear Collision,Total Loss,Fire,VA,3,YES,2,1,Missing,61800,Suburu,Impreza,0,0,1,0,0.2,0.1,0,959,2,2,0,2012,6,2,0,0,-0.7071067811865477,0.7071067811865474,Evening (18-23),8,500,1000,St,old,mid,other,high,2,3y,5y+,"(-0.001, 2000000.0]","(1124.663, 1197.974]","(908.2, 1984.8]",0
253,46,IL,500,1358.2,0,FEMALE,MD,transport-moving,husband,52900,0,Multi-vehicle Collision,Front Collision,Major Damage,Ambulance,NY,3,YES,0,0,NO,64570,Jeep,Wrangler,0,0,0,0,0.0909090909090909,0.1818181818181818,0,3223,2,5,1,2006,4,2,1,1,0.258819045102521,-0.9659258262890682,Morning (6-11),14,100,300,Ridge,old,mid,other,high,2,9y,5y+,"(-0.001, 2000000.0]","(1322.372, 1385.327]","(2909.4, 3830.6]",1
446,61,IL,1000,1232.79,0,FEMALE,High School,adm-clerical,unmarried,49900,-62100,Single Vehicle Collision,Rear Collision,Minor Damage,Other,VA,1,YES,2,0,YES,70500,Suburu,Forrestor,0,0,0,0,0.1,0.2,0,5754,1,2,0,1999,4,2,0,0,0.7071067811865475,0.7071067811865476,Night (0-5),8,100,300,Ave,old,mid,other,high,2,20y,5y+,"(-0.001, 2000000.0]","(1197.974, 1257.2]","(5658.2, 6660.4]",0
169,37,IL,1000,936.19,0,MALE,JD,armed-forces,other-relative,70600,-48500,Multi-vehicle Collision,Side Collision,Total Loss,Police,SC,3,Missing,2,1,YES,57900,Audi,A5,0,1,0,0,0.3,0.1,0,4805,2,0,0,2001,12,4,0,1,0.8660254037844386,0.5000000000000001,Night (0-5),10,100,300,Drive,old,premium,sedan,medium,1,15y,5y+,"(-0.001, 2000000.0]","(433.329, 953.9]","(4682.0, 5658.2]",0
255,46,IL,500,1302.34,0,FEMALE,JD,prof-specialty,own-child,0,-52600,Multi-vehicle Collision,Front Collision,Minor Damage,Fire,WV,3,NO,1,0,NO,57860,Volkswagen,Jetta,0,0,0,0,0.0909090909090909,0.1818181818181818,0,2970,1,0,0,2006,11,4,0,0,0.4999999999999999,0.8660254037844387,Night (0-5),4,250,500,St,mid,mid,other,medium,1,9y,5y+,"(-0.001, 2000000.0]","(1257.2, 1322.372]","(2909.4, 3830.6]",1
209,39,IN,500,1264.99,0,MALE,PhD,transport-moving,husband,67800,0,Single Vehicle Collision,Side Collision,Minor Damage,Fire,VA,1,Missing,1,1,NO,37800,Chevrolet,Silverado,0,1,0,0,0.2222222222222222,0.1111111111111111,0,6600,1,3,0,1996,12,4,1,1,-0.5000000000000004,0.8660254037844384,Evening (18-23),20,100,300,Hwy,old,mid,pickup,medium,1,20y,5y+,"(-0.001, 2000000.0]","(1257.2, 1322.372]","(5658.2, 6660.4]",0
210,37,OH,500,1467.76,0,FEMALE,MD,tech-support,own-child,38700,-33100,Single Vehicle Collision,Front Collision,Total Loss,Ambulance,NY,1,Missing,1,3,YES,63300,Toyota,Highlander,0,1,0,0,0.1,0.1,0,957,2,6,1,2012,7,3,0,0,0.8660254037844387,-0.4999999999999998,Morning (6-11),15,500,1000,Drive,old,mid,suv,high,2,3y,5y+,"(-0.001, 2000000.0]","(1454.674, 1564.724]","(908.2, 1984.8]",0
174,33,IN,2000,1124.43,0,FEMALE,College,farming-fishing,own-child,0,0,Multi-vehicle Collision,Rear Collision,Total Loss,Ambulance,WV,3,YES,0,1,YES,44200,Saab,93,0,0,0,0,0.2,0.1,0,284,1,4,0,2014,4,2,0,0,-0.5000000000000001,-0.8660254037844386,Afternoon (12-17),20,250,500,St,old,low,other,medium,1,1y,5y+,"(-0.001, 2000000.0]","(1050.656, 1124.663]","(-0.001, 908.2]",0
70,28,IL,1000,1319.81,0,MALE,High School,machine-op-inspct,husband,67200,-59400,Multi-vehicle Collision,Side Collision,Minor Damage,Police,WV,4,NO,1,0,YES,31680,Toyota,Camry,0,0,0,0,0.1111111111111111,0.1111111111111111,0,4127,1,2,0,2003,10,4,0,0,-0.5000000000000001,-0.8660254037844386,Afternoon (12-17),9,250,500,Lane,old,mid,sedan,low,0,12y,5y+,"(-0.001, 2000000.0]","(1257.2, 1322.372]","(3830.6, 4682.0]",1
89,32,IN,2000,1482.53,0,FEMALE,MD,tech-support,not-in-family,49100,-45100,Parked Car,Missing,Trivial Damage,Police,WV,1,YES,1,2,Missing,100,Audi,A3,1,0,1,0,0.1,0.2,0,6,1,4,0,2015,1,1,0,0,0.9659258262890684,0.2588190451025207,Night (0-5),13,100,300,Hwy,old,premium,sedan,low,0,0–6mo,5y+,"(-0.001, 2000000.0]","(1454.674, 1564.724]","(-0.001, 908.2]",0
458,61,IN,1000,1328.18,0,FEMALE,High School,protective-serv,other-relative,53000,0,Single Vehicle Collision,Front Collision,Minor Damage,Fire,WV,1,NO,2,1,NO,56340,Volkswagen,Passat,0,0,0,0,0.1111111111111111,0.1111111111111111,0,8115,2,2,0,1992,12,4,0,0,-1.0,-1.8369701987210294e-16,Evening (18-23),12,100,300,Lane,old,mid,other,medium,1,20y+,5y+,"(-0.001, 2000000.0]","(1322.372, 1385.327]","(7554.4, 8444.2]",1
239,40,IN,500,1463.95,0,FEMALE,JD,sales,own-child,0,0,Multi-vehicle Collision,Rear Collision,Total Loss,Police,NC,3,Missing,0,0,YES,69740,Dodge,Neon,0,1,0,0,0.0909090909090909,0.0909090909090909,0,3726,2,2,0,2004,11,4,0,0,-0.8660254037844386,0.5000000000000001,Evening (18-23),12,100,300,Ridge,old,mid,other,high,2,12y,5y+,"(-0.001, 2000000.0]","(1454.674, 1564.724]","(2909.4, 3830.6]",0
161,38,IL,2000,1133.85,0,MALE,PhD,priv-house-serv,not-in-family,60200,0,Multi-vehicle Collision,Front Collision,Total Loss,Police,WV,3,YES,2,2,YES,60480,Volkswagen,Jetta,0,0,0,0,0.0833333333333333,0.25,0,4019,1,5,1,2004,1,1,0,1,0.0,1.0,Night (0-5),12,100,300,Drive,old,mid,other,high,2,12y,5y+,"(-0.001, 2000000.0]","(1124.663, 1197.974]","(3830.6, 4682.0]",0
446,61,IN,1000,1037.32,0,FEMALE,High School,tech-support,wife,0,-15700,Multi-vehicle Collision,Rear Collision,Minor Damage,Police,NC,3,Missing,2,1,NO,80880,Nissan,Ultima,0,1,0,0,0.0833333333333333,0.1666666666666666,0,3292,1,4,0,2006,1,1,0,1,0.2588190451025207,0.9659258262890684,Night (0-5),10,500,1000,Ave,old,mid,sedan,high,2,10y,5y+,"(-0.001, 2000000.0]","(953.9, 1050.656]","(2909.4, 3830.6]",0
476,61,IN,1000,1562.8,0,FEMALE,Masters,handlers-cleaners,not-in-family,42800,-68200,Single Vehicle Collision,Front Collision,Total Loss,Fire,WV,1,Missing,1,2,YES,49390,Suburu,Legacy,0,1,0,0,0.1818181818181818,0.0909090909090909,0,7945,1,6,1,1993,4,2,0,1,0.4999999999999999,-0.8660254037844387,Morning (6-11),6,250,500,Ridge,mid,mid,other,medium,1,20y+,5y+,"(-0.001, 2000000.0]","(1454.674, 1564.724]","(7554.4, 8444.2]",0
70,29,IN,1000,1425.79,0,FEMALE,MD,armed-forces,other-relative,62400,-52300,Single Vehicle Collision,Front Collision,Minor Damage,Ambulance,NC,1,NO,0,3,Missing,69360,Dodge,RAM,0,0,1,0,0.1666666666666666,0.1666666666666666,0,2948,1,6,1,2006,12,4,0,0,1.2246467991473532e-16,-1.0,Afternoon (12-17),6,100,300,Ridge,mid,mid,pickup,high,2,9y,5y+,"(-0.001, 2000000.0]","(1385.327, 1454.674]","(2909.4, 3830.6]",0
233,41,OH,2000,1615.14,0,FEMALE,Associate,tech-support,other-relative,67100,0,Vehicle Theft,Missing,Minor Damage,Missing,NY,1,NO,0,1,Missing,3740,Chevrolet,Malibu,1,0,1,1,0.1818181818181818,0.1818181818181818,0,6352,1,1,0,1997,8,3,0,1,1.0,6.123233995736766e-17,Morning (6-11),4,500,1000,St,mid,mid,sedan,low,0,20y,5y+,"(-0.001, 2000000.0]","(1564.724, 2047.59]","(5658.2, 6660.4]",0
122,33,IL,500,1236.5,0,MALE,PhD,other-service,husband,0,-48700,Parked Car,Missing,Trivial Damage,Missing,NY,1,NO,0,1,NO,5060,Nissan,Ultima,1,0,0,1,0.0909090909090909,0.1818181818181818,0,8655,2,3,0,1991,6,2,0,1,0.2588190451025207,0.9659258262890684,Night (0-5),12,250,500,Hwy,old,mid,sedan,low,0,20y+,5y+,"(-0.001, 2000000.0]","(1197.974, 1257.2]","(8444.2, 9172.0]",0
335,48,IL,2000,1017.97,0,FEMALE,MD,machine-op-inspct,wife,59900,-34800,Multi-vehicle Collision,Front Collision,Total Loss,Police,WV,3,NO,0,0,YES,35860,BMW,X5,0,0,0,0,0.0909090909090909,0.1818181818181818,1,7106,2,3,0,1995,9,3,0,0,-0.7071067811865477,0.7071067811865474,Evening (18-23),10,500,1000,Ave,old,premium,suv,medium,1,20y,5y+,"(-0.001, 2000000.0]","(953.9, 1050.656]","(6660.4, 7554.4]",0
257,40,IN,2000,1306.0,0,MALE,Associate,machine-op-inspct,husband,46100,-46900,Multi-vehicle Collision,Front Collision,Major Damage,Ambulance,NY,3,YES,2,1,Missing,50050,Ford,Fusion,0,0,1,0,0.1538461538461538,0.0769230769230769,1,5491,2,5,1,2000,2,1,0,0,0.7071067811865475,0.7071067811865476,Night (0-5),7,100,300,St,mid,mid,other,medium,1,20y,5y+,"(-0.001, 2000000.0]","(1257.2, 1322.372]","(4682.0, 5658.2]",1
85,27,IL,2000,1174.14,0,MALE,College,priv-house-serv,unmarried,50400,-61500,Multi-vehicle Collision,Rear Collision,Minor Damage,Fire,NY,4,YES,0,0,NO,59070,Toyota,Camry,0,0,0,0,0.1818181818181818,0.0909090909090909,0,6768,2,0,0,1996,7,3,0,1,-0.5000000000000001,-0.8660254037844386,Afternoon (12-17),3,500,1000,Ave,new,mid,sedan,high,2,20y,5y+,"(-0.001, 2000000.0]","(1124.663, 1197.974]","(6660.4, 7554.4]",0
133,30,IN,1000,1231.01,0,MALE,College,adm-clerical,husband,0,-31700,Multi-vehicle Collision,Front Collision,Minor Damage,Fire,SC,3,NO,1,2,Missing,28440,Dodge,Neon,0,0,1,0,0.1111111111111111,0.1111111111111111,0,3420,2,6,1,2005,9,3,1,1,-0.9659258262890684,0.2588190451025203,Evening (18-23),8,500,1000,Lane,old,mid,other,low,0,10y,5y+,"(-0.001, 2000000.0]","(1197.974, 1257.2]","(2909.4, 3830.6]",0
119,34,IL,500,1299.18,0,FEMALE,College,tech-support,wife,57100,0,Single Vehicle Collision,Front Collision,Major Damage,Fire,OH,1,YES,2,1,YES,45540,Honda,Civic,0,0,0,0,0.1818181818181818,0.1818181818181818,1,1105,1,3,0,2011,12,4,0,0,0.9659258262890684,-0.2588190451025208,Morning (6-11),17,250,500,St,old,mid,other,medium,1,4y,5y+,"(-0.001, 2000000.0]","(1257.2, 1322.372]","(908.2, 1984.8]",0
169,34,IN,500,1469.75,0,FEMALE,JD,sales,not-in-family,0,-57600,Single Vehicle Collision,Rear Collision,Minor Damage,Fire,VA,1,Missing,0,0,YES,38700,Volkswagen,Passat,0,1,0,0,0.2,0.1,0,6753,1,4,0,1996,7,3,0,0,0.0,1.0,Night (0-5),3,100,300,St,new,mid,other,medium,1,20y,5y+,"(-0.001, 2000000.0]","(1454.674, 1564.724]","(6660.4, 7554.4]",0
225,39,OH,500,1390.72,0,MALE,Masters,tech-support,other-relative,83900,-52100,Parked Car,Missing,Trivial Damage,Missing,SC,1,YES,2,1,YES,5830,Nissan,Pathfinder,1,0,0,1,0.1818181818181818,0.0909090909090909,0,6892,2,4,0,1996,4,2,0,0,1.0,6.123233995736766e-17,Morning (6-11),4,250,500,Ridge,mid,mid,suv,low,0,20y,5y+,"(-0.001, 2000000.0]","(1385.327, 1454.674]","(6660.4, 7554.4]",1
84,32,IL,500,1694.09,7000000,FEMALE,Associate,prof-specialty,husband,0,0,Single Vehicle Collision,Rear Collision,Total Loss,Other,NY,1,YES,0,2,Missing,57240,BMW,X6,0,0,1,0,0.0833333333333333,0.1666666666666666,1,5080,1,4,0,2001,3,1,0,1,0.0,1.0,Night (0-5),20,500,1000,Ave,old,premium,other,medium,1,15y,5y+,"(6000000.0, 10000000.0]","(1564.724, 2047.59]","(4682.0, 5658.2]",0
169,39,OH,2000,1140.15,0,MALE,High School,armed-forces,husband,0,-36800,Multi-vehicle Collision,Rear Collision,Total Loss,Police,VA,3,YES,0,3,NO,46200,Suburu,Legacy,0,0,0,0,0.0909090909090909,0.1818181818181818,0,4840,1,0,0,2001,10,4,1,1,0.7071067811865476,-0.7071067811865475,Morning (6-11),0,100,300,Hwy,new,mid,other,medium,1,15y,5y+,"(-0.001, 2000000.0]","(1124.663, 1197.974]","(4682.0, 5658.2]",0
124,32,IN,1000,1310.71,0,FEMALE,Masters,farming-fishing,wife,29300,0,Single Vehicle Collision,Side Collision,Total Loss,Ambulance,NY,1,YES,0,1,NO,57700,Toyota,Camry,0,0,0,0,0.1,0.1,0,3113,2,2,0,2006,8,3,0,0,-0.2588190451025207,0.9659258262890684,Evening (18-23),12,100,300,Hwy,old,mid,sedan,medium,1,9y,5y+,"(-0.001, 2000000.0]","(1257.2, 1322.372]","(2909.4, 3830.6]",1
320,48,IL,2000,1730.49,7000000,MALE,College,transport-moving,not-in-family,46300,-41700,Multi-vehicle Collision,Front Collision,Minor Damage,Fire,WV,3,NO,2,0,NO,56160,Saab,95,0,0,0,0,0.0833333333333333,0.1666666666666666,0,636,1,5,1,2013,4,2,0,0,-0.2588190451025203,-0.9659258262890684,Afternoon (12-17),20,250,500,Lane,old,low,other,medium,1,2y,5y+,"(6000000.0, 10000000.0]","(1564.724, 2047.59]","(-0.001, 908.2]",0
297,47,IN,500,1616.65,7000000,MALE,MD,adm-clerical,unmarried,0,-59500,Multi-vehicle Collision,Side Collision,Total Loss,Fire,WV,3,Missing,0,3,YES,44400,Jeep,Grand Cherokee,0,1,0,0,0.125,0.125,0,1874,1,4,0,2009,11,4,0,0,0.0,1.0,Night (0-5),16,250,500,Drive,old,mid,other,medium,1,6y,5y+,"(6000000.0, 10000000.0]","(1564.724, 2047.59]","(908.2, 1984.8]",0
421,56,IN,500,1935.85,4000000,MALE,Masters,machine-op-inspct,own-child,49500,-81100,Single Vehicle Collision,Rear Collision,Major Damage,Ambulance,NY,1,Missing,2,3,Missing,92730,Mercedes,E400,0,1,1,0,0.1818181818181818,0.0909090909090909,1,9097,1,0,0,1990,2,1,0,0,0.9659258262890684,-0.2588190451025208,Morning (6-11),11,100,300,Lane,old,premium,other,high,2,20y+,5y+,"(2000000.0, 6000000.0]","(1564.724, 2047.59]","(8444.2, 9172.0]",0
136,33,OH,1000,855.14,0,FEMALE,PhD,craft-repair,not-in-family,37900,0,Single Vehicle Collision,Side Collision,Minor Damage,Fire,NC,1,YES,0,1,YES,30700,Toyota,Corolla,0,0,0,0,0.1,0.2,0,4650,1,6,1,2002,4,2,0,0,-0.2588190451025207,0.9659258262890684,Evening (18-23),0,250,500,Ridge,new,mid,sedan,low,0,15y,5y+,"(-0.001, 2000000.0]","(433.329, 953.9]","(3830.6, 4682.0]",0
46,24,OH,2000,1568.47,4000000,FEMALE,High School,armed-forces,unmarried,46800,0,Single Vehicle Collision,Side Collision,Major Damage,Fire,NY,1,NO,2,0,Missing,56600,Toyota,Camry,0,0,1,0,0.2,0.1,0,5825,2,0,0,1999,2,1,0,1,0.9659258262890684,-0.2588190451025208,Morning (6-11),16,250,500,Ridge,old,mid,sedan,medium,1,20y,3–5y,"(2000000.0, 6000000.0]","(1564.724, 2047.59]","(5658.2, 6660.4]",0
34,24,IN,2000,1550.53,0,FEMALE,MD,armed-forces,own-child,0,-27700,Parked Car,Missing,Trivial Damage,Missing,VA,1,YES,0,1,Missing,3960,Audi,A3,1,0,1,1,0.1666666666666666,0.1666666666666666,0,1324,2,6,1,2011,6,2,1,1,-0.8660254037844386,0.5000000000000001,Evening (18-23),17,500,1000,Drive,old,premium,sedan,low,0,4y,2–3y,"(-0.001, 2000000.0]","(1454.674, 1564.724]","(908.2, 1984.8]",0
95,30,IL,2000,1370.92,0,MALE,College,transport-moving,unmarried,48900,0,Single Vehicle Collision,Rear Collision,Minor Damage,Police,SC,1,YES,0,3,Missing,34800,Accura,MDX,0,0,1,0,0.1,0.2,0,7265,2,5,1,1995,3,1,1,1,-0.5000000000000004,0.8660254037844384,Evening (18-23),16,250,500,Lane,old,mid,other,medium,1,20y,5y+,"(-0.001, 2000000.0]","(1322.372, 1385.327]","(6660.4, 7554.4]",1
140,36,IN,500,1363.59,0,FEMALE,JD,armed-forces,not-in-family,43200,0,Multi-vehicle Collision,Rear Collision,Minor Damage,Other,NY,3,Missing,2,0,YES,79500,Chevrolet,Tahoe,0,1,0,0,0.1,0.1,0,8682,2,6,1,1991,5,2,0,0,0.4999999999999999,-0.8660254037844387,Morning (6-11),15,250,500,St,old,mid,suv,high,2,20y+,5y+,"(-0.001, 2000000.0]","(1322.372, 1385.327]","(8444.2, 9172.0]",1
200,34,IN,1000,828.42,3000000,FEMALE,College,prof-specialty,other-relative,0,0,Single Vehicle Collision,Front Collision,Total Loss,Police,NY,1,Missing,2,2,NO,56000,Chevrolet,Malibu,0,1,0,0,0.1,0.1,0,4782,1,3,0,2001,12,4,0,0,0.4999999999999999,-0.8660254037844387,Morning (6-11),6,250,500,St,mid,mid,sedan,medium,1,15y,5y+,"(2000000.0, 6000000.0]","(433.329, 953.9]","(4682.0, 5658.2]",0
123,29,IN,500,1209.63,0,FEMALE,Masters,machine-op-inspct,not-in-family,64800,-44200,Single Vehicle Collision,Rear Collision,Minor Damage,Ambulance,NC,1,YES,1,0,YES,73260,Volkswagen,Jetta,0,0,0,0,0.2222222222222222,0.0,1,892,1,2,0,2012,8,3,0,0,-0.9659258262890684,-0.2588190451025206,Afternoon (12-17),1,250,500,Ave,new,mid,other,high,2,3y,5y+,"(-0.001, 2000000.0]","(1197.974, 1257.2]","(-0.001, 908.2]",0
267,46,OH,2000,1111.17,0,MALE,MD,craft-repair,unmarried,35000,0,Parked Car,Missing,Trivial Damage,Missing,WV,1,YES,2,3,YES,4950,Toyota,Camry,1,0,0,1,0.1818181818181818,0.0909090909090909,0,3830,2,1,0,2004,8,3,0,1,0.7071067811865475,0.7071067811865476,Night (0-5),20,250,500,Lane,old,mid,sedan,low,0,12y,5y+,"(-0.001, 2000000.0]","(1050.656, 1124.663]","(2909.4, 3830.6]",0
290,42,IN,500,989.97,0,MALE,Masters,machine-op-inspct,own-child,32500,0,Single Vehicle Collision,Rear Collision,Minor Damage,Ambulance,WV,1,NO,0,1,NO,48000,Saab,95,0,0,0,0,0.1,0.2,0,365,1,1,0,2014,1,1,0,1,0.4999999999999999,-0.8660254037844387,Morning (6-11),2,500,1000,Ave,new,low,other,medium,1,1y,5y+,"(-0.001, 2000000.0]","(953.9, 1050.656]","(-0.001, 908.2]",0
45,37,IN,1000,1114.23,0,MALE,College,prof-specialty,wife,0,0,Single Vehicle Collision,Side Collision,Major Damage,Fire,SC,1,YES,0,1,YES,52200,Nissan,Pathfinder,0,0,0,0,0.2,0.1,0,1109,1,3,0,2011,12,4,1,1,0.2588190451025207,0.9659258262890684,Night (0-5),10,250,500,Ave,old,mid,suv,medium,1,4y,3–5y,"(-0.001, 2000000.0]","(1050.656, 1124.663]","(908.2, 1984.8]",0
186,38,IN,2000,1347.31,0,FEMALE,JD,protective-serv,unmarried,80900,-111100,Multi-vehicle Collision,Rear Collision,Minor Damage,Ambulance,NY,3,NO,2,3,Missing,73800,Audi,A3,0,0,1,0,0.1666666666666666,0.1666666666666666,0,2380,2,0,0,2008,7,3,0,1,0.2588190451025207,0.9659258262890684,Night (0-5),20,250,500,Lane,old,premium,sedan,high,2,7y,5y+,"(-0.001, 2000000.0]","(1322.372, 1385.327]","(1984.8, 2909.4]",1
135,34,IL,2000,1687.53,0,FEMALE,JD,protective-serv,other-relative,0,-69600,Single Vehicle Collision,Side Collision,Total Loss,Fire,NC,1,Missing,1,2,NO,78200,Audi,A3,0,1,0,0,0.2,0.1,0,6107,1,4,0,1998,5,2,0,0,0.9659258262890684,-0.2588190451025208,Morning (6-11),6,250,500,St,mid,premium,sedan,high,2,20y,5y+,"(-0.001, 2000000.0]","(1564.724, 2047.59]","(5658.2, 6660.4]",0
110,33,IN,1000,1183.48,0,MALE,Associate,other-service,husband,0,0,Single Vehicle Collision,Rear Collision,Major Damage,Ambulance,VA,1,Missing,2,3,NO,55200,Saab,93,0,1,0,0,0.25,0.1666666666666666,1,7225,1,0,0,1995,4,2,0,0,-0.9659258262890684,0.2588190451025203,Evening (18-23),0,250,500,Ave,new,low,other,medium,1,20y,5y+,"(-0.001, 2000000.0]","(1124.663, 1197.974]","(6660.4, 7554.4]",0
259,43,IL,2000,1537.13,0,FEMALE,PhD,handlers-cleaners,own-child,0,-58300,Multi-vehicle Collision,Side Collision,Total Loss,Other,NY,3,NO,0,2,YES,57060,Ford,Fusion,0,0,0,0,0.1111111111111111,0.1111111111111111,0,8358,1,4,0,1992,2,1,0,1,0.7071067811865475,0.7071067811865476,Night (0-5),3,500,1000,Hwy,new,mid,other,medium,1,20y+,5y+,"(-0.001, 2000000.0]","(1454.674, 1564.724]","(7554.4, 8444.2]",0
114,30,OH,1000,1173.25,0,FEMALE,Masters,protective-serv,husband,0,-34700,Vehicle Theft,Missing,Minor Damage,Missing,WV,1,NO,0,3,YES,4680,Chevrolet,Malibu,1,0,0,1,0.1111111111111111,0.1111111111111111,0,2786,2,2,0,2007,7,3,0,0,0.7071067811865475,0.7071067811865476,Night (0-5),2,250,500,St,new,mid,sedan,low,0,8y,5y+,"(-0.001, 2000000.0]","(1124.663, 1197.974]","(1984.8, 2909.4]",0
404,56,IN,1000,1361.16,4000000,FEMALE,Masters,transport-moving,not-in-family,0,-63700,Single Vehicle Collision,Front Collision,Minor Damage,Ambulance,VA,1,NO,2,0,YES,53100,Accura,MDX,0,0,0,0,0.1,0.1,1,1744,1,3,0,2010,4,2,0,0,-0.2588190451025207,0.9659258262890684,Evening (18-23),10,250,500,Ave,old,mid,other,medium,1,5y,5y+,"(2000000.0, 6000000.0]","(1322.372, 1385.327]","(908.2, 1984.8]",1
282,48,OH,2000,1422.56,7000000,FEMALE,MD,prof-specialty,husband,26900,-55300,Vehicle Theft,Missing,Minor Damage,Missing,WV,1,Missing,1,2,NO,3520,Accura,MDX,1,1,0,1,0.1818181818181818,0.0909090909090909,0,8737,2,0,0,1991,3,1,0,0,0.9659258262890684,-0.2588190451025208,Morning (6-11),2,500,1000,Lane,new,mid,other,low,0,20y+,5y+,"(6000000.0, 10000000.0]","(1385.327, 1454.674]","(8444.2, 9172.0]",0
57,25,IL,2000,1143.06,0,FEMALE,Masters,tech-support,own-child,63100,-54100,Multi-vehicle Collision,Front Collision,Total Loss,Ambulance,VA,3,NO,0,1,YES,72900,Nissan,Maxima,0,0,0,0,0.2,0.2,0,6936,1,4,0,1996,1,1,0,0,0.0,1.0,Night (0-5),5,500,1000,St,mid,mid,other,high,2,20y,3–5y,"(-0.001, 2000000.0]","(1124.663, 1197.974]","(6660.4, 7554.4]",0
215,38,IN,500,1405.71,0,FEMALE,PhD,craft-repair,unmarried,0,0,Single Vehicle Collision,Rear Collision,Total Loss,Police,SC,1,Missing,0,1,NO,70700,Volkswagen,Passat,0,1,0,0,0.1,0.2,0,1798,2,6,1,2010,3,1,1,1,0.4999999999999999,-0.8660254037844387,Morning (6-11),7,250,500,Ave,mid,mid,other,high,2,5y,5y+,"(-0.001, 2000000.0]","(1385.327, 1454.674]","(908.2, 1984.8]",0
140,30,IL,500,1354.2,0,FEMALE,College,adm-clerical,wife,100500,0,Multi-vehicle Collision,Side Collision,Minor Damage,Other,SC,4,Missing,0,0,Missing,60170,Nissan,Pathfinder,0,1,1,0,0.0909090909090909,0.1818181818181818,0,240,2,1,0,2014,6,2,0,0,0.8660254037844386,0.5000000000000001,Night (0-5),9,100,300,Ave,old,mid,suv,high,2,1y,5y+,"(-0.001, 2000000.0]","(1322.372, 1385.327]","(-0.001, 908.2]",1
250,42,IN,500,1055.6,0,MALE,High School,exec-managerial,husband,69500,-40700,Single Vehicle Collision,Rear Collision,Major Damage,Other,SC,1,Missing,1,1,Missing,74800,Ford,Fusion,0,1,1,0,0.1818181818181818,0.0909090909090909,1,3691,1,5,1,2004,11,4,0,1,-0.8660254037844384,-0.5000000000000004,Afternoon (12-17),6,100,300,Drive,mid,mid,other,high,2,12y,5y+,"(-0.001, 2000000.0]","(1050.656, 1124.663]","(2909.4, 3830.6]",0
286,41,IL,1000,999.43,0,MALE,College,prof-specialty,wife,25800,0,Vehicle Theft,Missing,Trivial Damage,Police,WV,1,YES,2,0,Missing,4100,Chevrolet,Malibu,1,0,1,0,0.2,0.1,0,5241,1,3,0,2000,8,3,1,1,0.7071067811865475,0.7071067811865476,Night (0-5),6,250,500,Hwy,mid,mid,sedan,low,0,15y,5y+,"(-0.001, 2000000.0]","(953.9, 1050.656]","(4682.0, 5658.2]",0
356,47,IN,2000,1155.97,0,MALE,High School,prof-specialty,husband,0,0,Single Vehicle Collision,Side Collision,Minor Damage,Other,SC,1,YES,0,3,Missing,61490,Dodge,RAM,0,0,1,0,0.0909090909090909,0.1818181818181818,0,3471,2,0,0,2005,8,3,0,0,0.9659258262890684,0.2588190451025207,Night (0-5),6,250,500,Ridge,mid,mid,pickup,high,2,10y,5y+,"(-0.001, 2000000.0]","(1124.663, 1197.974]","(2909.4, 3830.6]",0
65,29,IL,1000,1726.91,0,MALE,High School,other-service,own-child,0,0,Vehicle Theft,Missing,Trivial Damage,Missing,VA,1,Missing,0,0,Missing,7200,Audi,A5,1,1,1,1,0.1,0.2,0,8938,1,2,0,1990,8,3,0,0,-0.5000000000000001,-0.8660254037844386,Afternoon (12-17),16,250,500,Ave,old,premium,sedan,low,0,20y+,5y+,"(-0.001, 2000000.0]","(1564.724, 2047.59]","(8444.2, 9172.0]",0
187,34,IN,500,1232.57,0,FEMALE,PhD,machine-op-inspct,not-in-family,59500,0,Multi-vehicle Collision,Side Collision,Minor Damage,Fire,NY,3,Missing,0,0,Missing,45100,Nissan,Pathfinder,0,1,1,0,0.1818181818181818,0.0909090909090909,0,4349,2,6,1,2003,3,1,0,0,0.9659258262890684,-0.2588190451025208,Morning (6-11),4,500,1000,St,mid,mid,suv,medium,1,12y,5y+,"(-0.001, 2000000.0]","(1197.974, 1257.2]","(3830.6, 4682.0]",0
386,53,OH,500,1078.65,0,MALE,JD,craft-repair,not-in-family,36800,0,Single Vehicle Collision,Front Collision,Minor Damage,Police,WV,1,Missing,2,3,YES,66660,Honda,Civic,0,1,0,0,0.1818181818181818,0.0909090909090909,0,2629,1,5,1,2007,10,4,0,1,-0.8660254037844384,-0.5000000000000004,Afternoon (12-17),9,250,500,St,old,mid,other,high,2,8y,5y+,"(-0.001, 2000000.0]","(1050.656, 1124.663]","(1984.8, 2909.4]",0
197,41,OH,1000,1324.78,0,FEMALE,PhD,prof-specialty,not-in-family,0,-64500,Single Vehicle Collision,Front Collision,Major Damage,Police,NC,1,NO,2,2,YES,76400,Volkswagen,Jetta,0,0,0,0,0.2,0.1,1,6771,1,5,1,1996,6,2,0,0,1.0,6.123233995736766e-17,Morning (6-11),18,500,1000,Drive,old,mid,other,high,2,20y,5y+,"(-0.001, 2000000.0]","(1322.372, 1385.327]","(6660.4, 7554.4]",1
166,37,IN,500,1518.54,0,FEMALE,MD,craft-repair,not-in-family,0,0,Single Vehicle Collision,Rear Collision,Total Loss,Ambulance,PA,1,YES,1,1,NO,58300,Ford,F150,0,0,0,0,0.1818181818181818,0.1818181818181818,0,7350,1,6,1,1994,12,4,0,0,0.4999999999999999,-0.8660254037844387,Morning (6-11),14,250,500,Hwy,old,mid,pickup,high,2,20y+,5y+,"(-0.001, 2000000.0]","(1454.674, 1564.724]","(6660.4, 7554.4]",0
293,49,IL,2000,1239.06,0,FEMALE,JD,transport-moving,husband,34900,0,Single Vehicle Collision,Front Collision,Total Loss,Police,SC,1,Missing,1,1,Missing,57310,Volkswagen,Passat,0,1,1,0,0.0909090909090909,0.1818181818181818,0,6976,1,5,1,1995,12,4,0,0,-0.9659258262890684,0.2588190451025203,Evening (18-23),13,100,300,St,old,mid,other,medium,1,20y,5y+,"(-0.001, 2000000.0]","(1197.974, 1257.2]","(6660.4, 7554.4]",0
179,32,OH,2000,1246.68,0,FEMALE,PhD,priv-house-serv,own-child,0,0,Single Vehicle Collision,Front Collision,Minor Damage,Fire,NY,1,Missing,0,1,Missing,53100,Suburu,Impreza,0,1,1,0,0.1111111111111111,0.1111111111111111,0,6618,1,2,0,1996,12,4,0,0,0.4999999999999999,-0.8660254037844387,Morning (6-11),9,500,1000,Drive,old,mid,other,medium,1,20y,5y+,"(-0.001, 2000000.0]","(1197.974, 1257.2]","(5658.2, 6660.4]",0
76,24,OH,1000,1622.67,0,FEMALE,MD,priv-house-serv,husband,0,0,Multi-vehicle Collision,Side Collision,Total Loss,Ambulance,WV,3,NO,1,1,Missing,74700,Suburu,Forrestor,0,0,1,0,0.2,0.1,0,1353,2,2,0,2011,6,2,0,1,1.0,6.123233995736766e-17,Morning (6-11),18,250,500,St,old,mid,other,high,2,4y,5y+,"(-0.001, 2000000.0]","(1564.724, 2047.59]","(908.2, 1984.8]",0
105,28,OH,500,1082.36,0,FEMALE,Associate,prof-specialty,own-child,0,0,Multi-vehicle Collision,Rear Collision,Major Damage,Fire,SC,3,NO,2,2,NO,60500,Audi,A5,0,0,0,0,0.2,0.1,0,6982,1,5,1,1995,12,4,0,0,1.2246467991473532e-16,-1.0,Afternoon (12-17),20,250,500,St,old,premium,sedan,high,2,20y,5y+,"(-0.001, 2000000.0]","(1050.656, 1124.663]","(6660.4, 7554.4]",0
97,26,OH,1000,1270.55,0,MALE,Masters,protective-serv,unmarried,0,-72100,Multi-vehicle Collision,Side Collision,Total Loss,Other,NC,3,YES,2,3,NO,84920,Jeep,Wrangler,0,0,0,0,0.0909090909090909,0.1818181818181818,1,6293,1,1,0,1997,10,4,0,1,0.4999999999999999,-0.8660254037844387,Morning (6-11),9,250,500,Drive,old,mid,other,high,2,20y,5y+,"(-0.001, 2000000.0]","(1257.2, 1322.372]","(5658.2, 6660.4]",0
148,36,IL,1000,1236.32,5000000,FEMALE,MD,adm-clerical,own-child,55100,0,Single Vehicle Collision,Side Collision,Total Loss,Police,PA,1,NO,2,0,NO,61050,Dodge,Neon,0,0,0,0,0.0909090909090909,0.1818181818181818,0,6946,1,5,1,1996,1,1,0,0,0.0,1.0,Night (0-5),6,500,1000,Lane,mid,mid,other,high,2,20y,5y+,"(2000000.0, 6000000.0]","(1197.974, 1257.2]","(6660.4, 7554.4]",0
77,26,IL,2000,785.82,0,MALE,JD,exec-managerial,other-relative,49700,0,Multi-vehicle Collision,Rear Collision,Major Damage,Police,NY,3,YES,2,0,Missing,69080,Audi,A5,0,0,1,0,0.1818181818181818,0.0909090909090909,1,2434,1,2,0,2008,5,2,0,0,1.2246467991473532e-16,-1.0,Afternoon (12-17),6,250,500,Lane,mid,premium,sedan,high,2,7y,5y+,"(-0.001, 2000000.0]","(433.329, 953.9]","(1984.8, 2909.4]",0
295,46,IN,500,1265.84,0,FEMALE,JD,prof-specialty,own-child,52200,-44500,Vehicle Theft,Missing,Minor Damage,Missing,VA,1,YES,1,3,YES,4560,Nissan,Pathfinder,1,0,0,1,0.1666666666666666,0.0833333333333333,0,1868,1,4,0,2009,12,4,0,0,0.4999999999999999,-0.8660254037844387,Morning (6-11),8,250,500,Ridge,old,mid,suv,low,0,6y,5y+,"(-0.001, 2000000.0]","(1257.2, 1322.372]","(908.2, 1984.8]",0
126,28,IN,500,1508.9,0,FEMALE,JD,machine-op-inspct,other-relative,0,0,Multi-vehicle Collision,Rear Collision,Total Loss,Police,WV,4,NO,0,1,Missing,67800,Ford,F150,0,0,1,0,0.1666666666666666,0.1666666666666666,0,8397,1,3,0,1992,1,1,1,1,0.7071067811865475,0.7071067811865476,Night (0-5),4,250,500,Lane,mid,mid,pickup,high,2,20y+,5y+,"(-0.001, 2000000.0]","(1454.674, 1564.724]","(7554.4, 8444.2]",0
132,32,OH,2000,1106.84,0,MALE,PhD,other-service,wife,43100,-31900,Vehicle Theft,Missing,Minor Damage,Police,SC,1,YES,1,1,YES,5600,Suburu,Legacy,1,0,0,0,0.2,0.1,0,6262,1,2,0,1997,11,4,0,0,-0.7071067811865477,0.7071067811865474,Evening (18-23),10,250,500,Hwy,old,mid,other,low,0,20y,5y+,"(-0.001, 2000000.0]","(1050.656, 1124.663]","(5658.2, 6660.4]",0
370,55,IN,2000,1389.13,7000000,MALE,JD,other-service,wife,0,-53200,Vehicle Theft,Missing,Minor Damage,Missing,NC,1,Missing,0,2,Missing,9000,Mercedes,ML350,1,1,1,1,0.1,0.2,0,787,2,1,0,2012,12,4,0,1,1.0,6.123233995736766e-17,Morning (6-11),0,500,1000,Lane,new,premium,other,low,0,3y,5y+,"(6000000.0, 10000000.0]","(1385.327, 1454.674]","(-0.001, 908.2]",1
257,43,IN,1000,974.84,0,FEMALE,JD,transport-moving,other-relative,52100,0,Single Vehicle Collision,Rear Collision,Total Loss,Police,VA,1,NO,0,1,YES,85320,Nissan,Pathfinder,0,0,0,0,0.25,0.0833333333333333,0,8318,2,3,0,1992,5,2,0,0,0.0,1.0,Night (0-5),9,100,300,Hwy,old,mid,suv,high,2,20y+,5y+,"(-0.001, 2000000.0]","(953.9, 1050.656]","(7554.4, 8444.2]",0
9,24,IL,2000,1304.46,0,FEMALE,PhD,machine-op-inspct,other-relative,51700,-33300,Vehicle Theft,Missing,Trivial Damage,Missing,NC,1,NO,0,3,YES,5940,Audi,A5,1,0,0,1,0.0909090909090909,0.1818181818181818,1,4634,1,5,1,2002,5,2,0,1,1.0,6.123233995736766e-17,Morning (6-11),14,100,300,Hwy,old,premium,sedan,low,0,15y,6–12mo,"(-0.001, 2000000.0]","(1257.2, 1322.372]","(3830.6, 4682.0]",1
185,34,OH,500,1257.36,0,FEMALE,PhD,armed-forces,husband,0,0,Multi-vehicle Collision,Side Collision,Major Damage,Fire,SC,3,YES,1,1,Missing,51370,BMW,M5,0,0,1,0,0.1818181818181818,0.0909090909090909,1,1773,2,4,0,2010,4,2,0,0,-0.8660254037844386,0.5000000000000001,Evening (18-23),15,250,500,Hwy,old,premium,other,medium,1,5y,5y+,"(-0.001, 2000000.0]","(1257.2, 1322.372]","(908.2, 1984.8]",0
234,43,OH,500,1257.04,0,MALE,Associate,protective-serv,own-child,0,-48800,Single Vehicle Collision,Rear Collision,Major Damage,Police,SC,1,NO,2,2,YES,51600,Dodge,Neon,0,0,0,0,0.2,0.1,0,9106,3,6,1,1990,3,1,0,0,0.8660254037844386,0.5000000000000001,Night (0-5),4,250,500,Drive,mid,mid,other,medium,1,20y+,5y+,"(-0.001, 2000000.0]","(1197.974, 1257.2]","(8444.2, 9172.0]",0
253,44,OH,2000,719.52,0,FEMALE,High School,farming-fishing,own-child,45800,0,Parked Car,Missing,Trivial Damage,Missing,SC,1,NO,0,3,Missing,5400,Chevrolet,Malibu,1,0,1,1,0.1111111111111111,0.1111111111111111,0,2834,2,4,0,2007,5,2,0,1,0.7071067811865476,-0.7071067811865475,Morning (6-11),17,100,300,Ridge,old,mid,sedan,low,0,8y,5y+,"(-0.001, 2000000.0]","(433.329, 953.9]","(1984.8, 2909.4]",0
233,39,OH,2000,1524.18,0,MALE,JD,craft-repair,unmarried,0,0,Multi-vehicle Collision,Rear Collision,Minor Damage,Fire,SC,3,Missing,1,0,YES,48870,Saab,95,0,1,0,0,0.1111111111111111,0.1111111111111111,0,5119,1,3,0,2001,1,1,0,0,-0.8660254037844386,0.5000000000000001,Evening (18-23),16,500,1000,Hwy,old,low,other,medium,1,15y,5y+,"(-0.001, 2000000.0]","(1454.674, 1564.724]","(4682.0, 5658.2]",0
274,44,IN,500,1395.58,0,FEMALE,JD,tech-support,husband,0,0,Vehicle Theft,Missing,Minor Damage,Police,WV,1,NO,2,1,Missing,5590,BMW,X5,1,0,1,0,0.1538461538461538,0.1538461538461538,0,3101,2,3,0,2006,8,3,0,0,0.9659258262890684,-0.2588190451025208,Morning (6-11),15,500,1000,Drive,old,premium,suv,low,0,9y,5y+,"(-0.001, 2000000.0]","(1385.327, 1454.674]","(2909.4, 3830.6]",1
297,48,IL,1000,1243.68,0,MALE,Masters,protective-serv,wife,0,-71400,Multi-vehicle Collision,Front Collision,Major Damage,Other,NY,3,Missing,0,2,Missing,54960,Toyota,Corolla,0,1,1,0,0.125,0.0,1,207,2,4,0,2014,7,3,0,0,-1.0,-1.8369701987210294e-16,Evening (18-23),13,500,1000,Ave,old,mid,sedan,medium,1,1y,5y+,"(-0.001, 2000000.0]","(1197.974, 1257.2]","(-0.001, 908.2]",0
273,47,OH,1000,1189.04,0,FEMALE,Associate,prof-specialty,own-child,59600,0,Multi-vehicle Collision,Side Collision,Minor Damage,Police,VA,3,NO,1,3,Missing,39800,Jeep,Wrangler,0,0,1,0,0.2,0.1,0,1215,1,5,1,2011,9,3,0,0,0.0,1.0,Night (0-5),1,500,1000,St,new,mid,other,medium,1,4y,5y+,"(-0.001, 2000000.0]","(1124.663, 1197.974]","(908.2, 1984.8]",0
147,37,IN,2000,1375.29,0,FEMALE,Masters,armed-forces,own-child,0,0,Multi-vehicle Collision,Side Collision,Major Damage,Ambulance,SC,3,Missing,0,1,Missing,56160,Ford,Fusion,0,1,1,0,0.1111111111111111,0.1111111111111111,1,651,1,5,1,2013,4,2,0,1,0.258819045102521,-0.9659258262890682,Morning (6-11),0,500,1000,Ave,new,mid,other,medium,1,2y,5y+,"(-0.001, 2000000.0]","(1322.372, 1385.327]","(-0.001, 908.2]",1
285,42,IN,500,1389.13,0,MALE,Associate,priv-house-serv,not-in-family,63100,-79400,Single Vehicle Collision,Side Collision,Total Loss,Fire,VA,1,NO,0,3,Missing,52700,Toyota,Corolla,0,0,1,0,0.1,0.2,0,8710,1,4,0,1991,3,1,0,0,-0.2588190451025203,-0.9659258262890684,Afternoon (12-17),10,100,300,Hwy,old,mid,sedan,medium,1,20y+,5y+,"(-0.001, 2000000.0]","(1385.327, 1454.674]","(8444.2, 9172.0]",1
289,43,OH,1000,1387.51,0,FEMALE,Associate,sales,not-in-family,0,0,Multi-vehicle Collision,Side Collision,Minor Damage,Fire,NY,3,YES,1,3,Missing,68580,Jeep,Wrangler,0,0,1,0,0.1111111111111111,0.1111111111111111,0,4404,1,6,1,2002,12,4,0,0,-0.9659258262890684,0.2588190451025203,Evening (18-23),5,500,1000,Hwy,mid,mid,other,high,2,15y,5y+,"(-0.001, 2000000.0]","(1385.327, 1454.674]","(3830.6, 4682.0]",1
427,60,IN,1000,1178.61,7000000,MALE,MD,craft-repair,own-child,0,-54400,Single Vehicle Collision,Side Collision,Major Damage,Ambulance,NY,1,YES,1,2,YES,90860,Volkswagen,Jetta,0,0,0,0,0.1428571428571428,0.2142857142857142,1,3366,2,4,0,2005,12,4,0,0,-0.2588190451025207,0.9659258262890684,Evening (18-23),11,100,300,Drive,old,mid,other,high,2,10y,5y+,"(6000000.0, 10000000.0]","(1124.663, 1197.974]","(2909.4, 3830.6]",0
380,53,IL,2000,1166.62,6000000,MALE,Associate,priv-house-serv,wife,0,0,Parked Car,Missing,Trivial Damage,Police,NC,1,NO,0,3,NO,5700,Saab,93,1,0,0,0,0.1,0.1,0,1371,2,1,0,2011,5,2,0,0,-0.2588190451025207,0.9659258262890684,Evening (18-23),14,250,500,Hwy,old,low,other,low,0,4y,5y+,"(2000000.0, 6000000.0]","(1124.663, 1197.974]","(908.2, 1984.8]",0
13,21,IN,1000,1556.31,0,MALE,Associate,prof-specialty,not-in-family,0,-75000,Multi-vehicle Collision,Side Collision,Total Loss,Police,NY,3,YES,2,0,YES,94930,Accura,RSX,0,0,0,0,0.0909090909090909,0.0909090909090909,0,3015,1,0,0,2006,10,4,1,1,-0.9659258262890684,0.2588190451025203,Evening (18-23),1,100,300,Ave,new,mid,other,high,2,9y,1–2y,"(-0.001, 2000000.0]","(1454.674, 1564.724]","(2909.4, 3830.6]",0
282,43,OH,500,1452.27,0,MALE,MD,farming-fishing,not-in-family,75800,0,Single Vehicle Collision,Side Collision,Major Damage,Ambulance,SC,1,NO,1,2,NO,46800,Audi,A5,0,0,0,0,0.1,0.2,1,3095,1,3,0,2006,7,3,0,0,-0.9659258262890684,0.2588190451025203,Evening (18-23),8,250,500,Drive,old,premium,sedan,medium,1,9y,5y+,"(-0.001, 2000000.0]","(1385.327, 1454.674]","(2909.4, 3830.6]",0
312,47,OH,1000,1212.07,0,FEMALE,MD,exec-managerial,wife,66900,-51800,Multi-vehicle Collision,Side Collision,Total Loss,Fire,NY,3,NO,2,3,NO,56320,Mercedes,ML350,0,0,0,0,0.125,0.125,0,4649,3,6,1,2002,6,2,0,0,-0.9659258262890684,-0.2588190451025206,Afternoon (12-17),15,500,1000,Ave,old,premium,other,medium,1,15y,5y+,"(-0.001, 2000000.0]","(1197.974, 1257.2]","(3830.6, 4682.0]",0
266,46,OH,2000,1578.54,0,MALE,Associate,handlers-cleaners,husband,0,-41400,Single Vehicle Collision,Front Collision,Minor Damage,Fire,WV,1,NO,1,3,YES,83490,Nissan,Pathfinder,0,0,0,0,0.0909090909090909,0.1818181818181818,0,2169,1,2,0,2009,2,1,0,1,-1.0,-1.8369701987210294e-16,Evening (18-23),19,100,300,Lane,old,mid,suv,high,2,6y,5y+,"(-0.001, 2000000.0]","(1564.724, 2047.59]","(1984.8, 2909.4]",0
30,36,IN,500,1488.26,0,FEMALE,College,machine-op-inspct,wife,0,-63500,Multi-vehicle Collision,Side Collision,Total Loss,Police,WV,3,NO,2,2,Missing,57900,Saab,95,0,0,1,0,0.1,0.1,0,5038,2,5,1,2001,5,2,0,0,-0.9659258262890684,-0.2588190451025206,Afternoon (12-17),7,500,1000,Ridge,mid,low,other,medium,1,15y,2–3y,"(-0.001, 2000000.0]","(1454.674, 1564.724]","(4682.0, 5658.2]",0
198,36,IN,1000,1096.39,0,MALE,High School,armed-forces,own-child,0,0,Multi-vehicle Collision,Rear Collision,Total Loss,Fire,SC,3,Missing,1,3,YES,49410,Audi,A3,0,1,0,0,0.1111111111111111,0.1111111111111111,0,5092,1,0,0,2001,2,1,0,0,0.258819045102521,-0.9659258262890682,Morning (6-11),0,250,500,Lane,new,premium,sedan,medium,1,15y,5y+,"(-0.001, 2000000.0]","(1050.656, 1124.663]","(4682.0, 5658.2]",0
290,45,OH,2000,1215.36,0,MALE,Associate,tech-support,own-child,54400,0,Multi-vehicle Collision,Side Collision,Minor Damage,Fire,WV,3,Missing,0,1,NO,66200,Suburu,Impreza,0,1,0,0,0.1,0.1,0,7744,1,5,1,1993,11,4,0,1,-0.5000000000000004,0.8660254037844384,Evening (18-23),3,500,1000,Hwy,new,mid,other,high,2,20y+,5y+,"(-0.001, 2000000.0]","(1197.974, 1257.2]","(7554.4, 8444.2]",0
260,46,OH,2000,1482.57,0,MALE,MD,priv-house-serv,husband,35000,0,Single Vehicle Collision,Front Collision,Minor Damage,Fire,NY,1,NO,0,1,NO,64080,Toyota,Camry,0,0,0,0,0.1666666666666666,0.1666666666666666,0,9133,2,4,0,1990,2,1,0,0,0.9659258262890684,-0.2588190451025208,Morning (6-11),10,100,300,Drive,old,mid,sedan,high,2,20y+,5y+,"(-0.001, 2000000.0]","(1454.674, 1564.724]","(8444.2, 9172.0]",0
233,43,OH,1000,954.18,0,FEMALE,College,tech-support,other-relative,0,0,Multi-vehicle Collision,Side Collision,Minor Damage,Other,SC,3,Missing,2,3,YES,42500,Nissan,Pathfinder,0,1,0,0,0.2,0.1,0,5385,2,1,0,2000,5,2,0,1,-0.9659258262890684,-0.2588190451025206,Afternoon (12-17),15,250,500,Ave,old,mid,suv,medium,1,15y,5y+,"(-0.001, 2000000.0]","(953.9, 1050.656]","(4682.0, 5658.2]",0
130,30,IL,2000,1193.4,0,MALE,PhD,exec-managerial,own-child,0,-40800,Multi-vehicle Collision,Side Collision,Total Loss,Other,SC,3,NO,2,3,Missing,48950,Suburu,Legacy,0,0,1,0,0.1818181818181818,0.0909090909090909,0,890,2,0,0,2012,8,3,0,1,-0.8660254037844384,-0.5000000000000004,Afternoon (12-17),10,500,1000,St,old,mid,other,medium,1,3y,5y+,"(-0.001, 2000000.0]","(1124.663, 1197.974]","(-0.001, 908.2]",0
230,42,IN,1000,1023.11,0,FEMALE,MD,adm-clerical,own-child,0,-45300,Multi-vehicle Collision,Rear Collision,Minor Damage,Other,NY,3,NO,1,2,YES,58850,Accura,MDX,0,0,0,0,0.1818181818181818,0.1818181818181818,0,3734,2,4,0,2004,11,4,0,0,-0.2588190451025203,-0.9659258262890684,Afternoon (12-17),16,100,300,Ave,old,mid,other,high,2,12y,5y+,"(-0.001, 2000000.0]","(953.9, 1050.656]","(2909.4, 3830.6]",0
212,40,IL,1000,1524.45,0,FEMALE,Masters,other-service,husband,73200,0,Multi-vehicle Collision,Side Collision,Minor Damage,Other,NY,3,YES,0,2,YES,82400,Nissan,Pathfinder,0,0,0,0,0.1,0.1,0,4402,2,2,0,2003,1,1,0,0,-0.9659258262890684,-0.2588190451025206,Afternoon (12-17),9,500,1000,Drive,old,mid,suv,high,2,15y,5y+,"(-0.001, 2000000.0]","(1454.674, 1564.724]","(3830.6, 4682.0]",0
299,44,OH,1000,1653.32,0,FEMALE,College,other-service,other-relative,0,-48800,Single Vehicle Collision,Rear Collision,Minor Damage,Ambulance,WV,1,YES,2,0,Missing,54240,Suburu,Impreza,0,0,1,0,0.125,0.125,0,2270,1,6,1,2008,11,4,0,0,0.7071067811865475,0.7071067811865476,Night (0-5),6,500,1000,Hwy,mid,mid,other,medium,1,7y,5y+,"(-0.001, 2000000.0]","(1564.724, 2047.59]","(1984.8, 2909.4]",0
91,26,IL,1000,1022.46,0,FEMALE,Associate,armed-forces,other-relative,52700,0,Multi-vehicle Collision,Front Collision,Minor Damage,Other,SC,3,Missing,0,2,Missing,74200,Jeep,Wrangler,0,1,1,0,0.1,0.1,0,5606,2,0,0,1999,10,4,0,0,-0.7071067811865475,-0.7071067811865477,Afternoon (12-17),19,250,500,Drive,old,mid,other,high,2,20y,5y+,"(-0.001, 2000000.0]","(953.9, 1050.656]","(4682.0, 5658.2]",0
398,53,IL,2000,1396.43,0,FEMALE,Associate,priv-house-serv,unmarried,21500,0,Single Vehicle Collision,Front Collision,Total Loss,Fire,WV,1,YES,2,1,Missing,47430,Toyota,Camry,0,0,1,0,0.1111111111111111,0.1111111111111111,0,8806,1,3,0,1990,12,4,0,0,-0.8660254037844384,-0.5000000000000004,Afternoon (12-17),15,100,300,Ave,old,mid,sedan,medium,1,20y+,5y+,"(-0.001, 2000000.0]","(1385.327, 1454.674]","(8444.2, 9172.0]",1
218,43,IL,500,1521.55,0,FEMALE,Associate,priv-house-serv,other-relative,61100,-64500,Single Vehicle Collision,Rear Collision,Major Damage,Fire,SC,1,Missing,1,3,YES,68200,Dodge,RAM,0,1,0,0,0.2,0.1,1,6897,1,4,0,1996,2,1,0,1,-1.0,-1.8369701987210294e-16,Evening (18-23),12,250,500,Hwy,old,mid,pickup,high,2,20y,5y+,"(-0.001, 2000000.0]","(1454.674, 1564.724]","(6660.4, 7554.4]",0
152,33,IN,1000,1034.27,0,FEMALE,JD,armed-forces,husband,0,0,Single Vehicle Collision,Front Collision,Minor Damage,Fire,NY,1,NO,1,0,NO,63900,Accura,TL,0,0,0,0,0.1111111111111111,0.1111111111111111,0,4989,2,4,0,2001,6,2,0,0,-1.0,-1.8369701987210294e-16,Evening (18-23),1,100,300,Ridge,new,mid,other,high,2,15y,5y+,"(-0.001, 2000000.0]","(953.9, 1050.656]","(4682.0, 5658.2]",0
212,39,OH,1000,1255.35,0,FEMALE,JD,protective-serv,not-in-family,60300,-58900,Multi-vehicle Collision,Rear Collision,Total Loss,Ambulance,NY,2,NO,0,3,YES,59300,Dodge,RAM,0,0,0,0,0.2,0.1,0,1795,2,5,1,2010,3,1,1,1,-0.5000000000000004,0.8660254037844384,Evening (18-23),7,100,300,Drive,mid,mid,pickup,high,2,5y,5y+,"(-0.001, 2000000.0]","(1197.974, 1257.2]","(908.2, 1984.8]",0
242,44,IL,2000,1396.89,6000000,FEMALE,College,priv-house-serv,other-relative,0,-61600,Multi-vehicle Collision,Front Collision,Minor Damage,Other,SC,3,NO,1,2,YES,66900,Suburu,Forrestor,0,0,0,0,0.1,0.2,1,4207,2,2,0,2003,7,3,0,0,-0.7071067811865475,-0.7071067811865477,Afternoon (12-17),16,500,1000,Drive,old,mid,other,high,2,12y,5y+,"(2000000.0, 6000000.0]","(1385.327, 1454.674]","(3830.6, 4682.0]",1
80,27,OH,500,795.31,0,MALE,JD,farming-fishing,husband,0,-51000,Multi-vehicle Collision,Rear Collision,Major Damage,Police,OH,3,YES,1,3,Missing,40810,Ford,F150,0,0,1,0,0.0909090909090909,0.1818181818181818,1,148,2,3,0,2014,9,3,0,1,-0.8660254037844384,-0.5000000000000004,Afternoon (12-17),15,500,1000,Lane,old,mid,pickup,medium,1,0–6mo,5y+,"(-0.001, 2000000.0]","(433.329, 953.9]","(-0.001, 908.2]",0
260,43,IN,500,982.22,0,FEMALE,JD,exec-managerial,not-in-family,54500,-72100,Single Vehicle Collision,Front Collision,Total Loss,Fire,NY,1,Missing,1,0,Missing,75400,Honda,CRV,0,1,1,0,0.2,0.1,0,2080,2,3,0,2009,6,2,0,1,-1.0,-1.8369701987210294e-16,Evening (18-23),4,100,300,St,mid,mid,suv,high,2,6y,5y+,"(-0.001, 2000000.0]","(953.9, 1050.656]","(1984.8, 2909.4]",0
133,34,IN,500,1074.07,0,FEMALE,JD,prof-specialty,husband,70900,-61100,Parked Car,Missing,Minor Damage,Missing,WV,1,NO,2,0,YES,4200,Jeep,Wrangler,1,0,0,1,0.1,0.2,0,7414,1,2,0,1994,10,4,0,0,0.8660254037844387,-0.4999999999999998,Morning (6-11),2,500,1000,Ridge,new,mid,other,low,0,20y+,5y+,"(-0.001, 2000000.0]","(1050.656, 1124.663]","(6660.4, 7554.4]",0
290,45,OH,1000,1311.3,0,FEMALE,Associate,machine-op-inspct,wife,38500,0,Multi-vehicle Collision,Side Collision,Major Damage,Ambulance,NY,3,YES,0,0,YES,52650,Ford,F150,0,0,0,0,0.1111111111111111,0.1111111111111111,1,8577,1,5,1,1991,7,3,0,0,-0.2588190451025207,0.9659258262890684,Evening (18-23),14,100,300,St,old,mid,pickup,medium,1,20y+,5y+,"(-0.001, 2000000.0]","(1257.2, 1322.372]","(8444.2, 9172.0]",1
322,49,IL,2000,1277.12,0,FEMALE,PhD,armed-forces,own-child,0,-46000,Single Vehicle Collision,Rear Collision,Major Damage,Ambulance,WV,1,Missing,0,2,YES,42240,Chevrolet,Malibu,0,1,0,0,0.1818181818181818,0.1818181818181818,0,4865,1,0,0,2001,9,3,1,1,-1.0,-1.8369701987210294e-16,Evening (18-23),8,250,500,Hwy,old,mid,sedan,medium,1,15y,5y+,"(-0.001, 2000000.0]","(1257.2, 1322.372]","(4682.0, 5658.2]",0
228,39,IN,500,1388.62,0,FEMALE,JD,sales,husband,35200,0,Single Vehicle Collision,Side Collision,Minor Damage,Other,NC,1,YES,1,0,YES,59490,Mercedes,ML350,0,0,0,0,0.1111111111111111,0.1111111111111111,0,852,1,0,0,2012,9,3,1,1,0.4999999999999999,-0.8660254037844387,Morning (6-11),20,500,1000,Lane,old,premium,other,high,2,3y,5y+,"(-0.001, 2000000.0]","(1385.327, 1454.674]","(-0.001, 908.2]",1
195,37,IL,1000,1406.52,8000000,MALE,MD,tech-support,unmarried,0,0,Single Vehicle Collision,Side Collision,Major Damage,Ambulance,SC,1,NO,0,2,NO,44200,Jeep,Wrangler,0,0,0,0,0.1,0.1,1,8602,1,2,0,1991,7,3,0,0,1.2246467991473532e-16,-1.0,Afternoon (12-17),13,100,300,Drive,old,mid,other,medium,1,20y+,5y+,"(6000000.0, 10000000.0]","(1385.327, 1454.674]","(8444.2, 9172.0]",0
247,39,IN,500,1558.29,0,FEMALE,Masters,protective-serv,unmarried,0,-49300,Vehicle Theft,Missing,Trivial Damage,Police,WV,1,YES,1,2,Missing,7700,Saab,93,1,0,1,0,0.1,0.2,0,8511,2,0,0,1991,10,4,1,1,0.9659258262890684,0.2588190451025207,Night (0-5),15,100,300,Ridge,old,low,other,low,0,20y+,5y+,"(-0.001, 2000000.0]","(1454.674, 1564.724]","(8444.2, 9172.0]",0
405,57,IN,1000,1132.47,4000000,MALE,MD,priv-house-serv,other-relative,46300,0,Multi-vehicle Collision,Front Collision,Total Loss,Other,NY,3,Missing,2,3,Missing,61440,Saab,93,0,1,1,0,0.1666666666666666,0.1666666666666666,0,5490,1,3,0,1999,12,4,0,0,-0.7071067811865477,0.7071067811865474,Evening (18-23),7,500,1000,Lane,mid,low,other,high,2,20y,5y+,"(2000000.0, 6000000.0]","(1124.663, 1197.974]","(4682.0, 5658.2]",0
144,37,OH,2000,1896.91,0,FEMALE,PhD,handlers-cleaners,not-in-family,73700,0,Multi-vehicle Collision,Rear Collision,Major Damage,Fire,SC,3,YES,1,3,NO,54400,Chevrolet,Silverado,0,0,0,0,0.1,0.2,1,835,1,5,1,2012,10,4,0,0,-0.9659258262890684,-0.2588190451025206,Afternoon (12-17),0,250,500,Ridge,new,mid,pickup,medium,1,3y,5y+,"(-0.001, 2000000.0]","(1564.724, 2047.59]","(-0.001, 908.2]",0
338,47,IL,500,1143.46,4000000,MALE,MD,priv-house-serv,other-relative,0,0,Single Vehicle Collision,Front Collision,Total Loss,Other,NC,1,YES,2,1,Missing,58560,Mercedes,E400,0,0,1,0,0.1666666666666666,0.1666666666666666,0,7123,2,2,0,1995,8,3,0,1,0.8660254037844386,0.5000000000000001,Night (0-5),13,500,1000,St,old,premium,other,high,2,20y,5y+,"(2000000.0, 6000000.0]","(1124.663, 1197.974]","(6660.4, 7554.4]",0
121,34,IN,500,1285.42,0,MALE,MD,priv-house-serv,wife,0,0,Single Vehicle Collision,Front Collision,Major Damage,Fire,VA,1,NO,1,1,NO,67300,Dodge,RAM,0,0,0,0,0.1,0.1,1,8745,1,2,0,1991,2,1,0,1,0.258819045102521,-0.9659258262890682,Morning (6-11),15,500,1000,Lane,old,mid,pickup,high,2,20y+,5y+,"(-0.001, 2000000.0]","(1257.2, 1322.372]","(8444.2, 9172.0]",0
398,55,OH,2000,1305.26,0,MALE,MD,farming-fishing,wife,66200,-49700,Single Vehicle Collision,Rear Collision,Major Damage,Fire,VA,1,Missing,1,3,YES,36740,BMW,X5,0,1,0,0,0.0909090909090909,0.1818181818181818,1,8591,1,3,0,1991,7,3,0,0,-1.0,-1.8369701987210294e-16,Evening (18-23),17,250,500,Lane,old,premium,suv,medium,1,20y+,5y+,"(-0.001, 2000000.0]","(1257.2, 1322.372]","(8444.2, 9172.0]",1
9,30,IL,1000,1073.83,0,FEMALE,High School,machine-op-inspct,not-in-family,0,0,Single Vehicle Collision,Rear Collision,Total Loss,Police,NY,1,Missing,0,0,NO,85690,BMW,3 Series,0,1,0,0,0.1818181818181818,0.1818181818181818,0,7603,2,0,0,1994,4,2,0,1,1.2246467991473532e-16,-1.0,Afternoon (12-17),4,100,300,St,mid,premium,other,high,2,20y+,6–12mo,"(-0.001, 2000000.0]","(1050.656, 1124.663]","(7554.4, 8444.2]",0
115,31,OH,1000,1051.67,0,FEMALE,Associate,exec-managerial,not-in-family,0,0,Multi-vehicle Collision,Side Collision,Major Damage,Ambulance,WV,3,YES,0,3,NO,34160,Audi,A5,0,0,0,0,0.0,0.125,1,3374,3,6,1,2005,12,4,0,0,-1.0,-1.8369701987210294e-16,Evening (18-23),10,500,1000,Drive,old,premium,sedan,medium,1,10y,5y+,"(-0.001, 2000000.0]","(1050.656, 1124.663]","(2909.4, 3830.6]",0
280,48,IL,1000,1387.35,0,MALE,JD,transport-moving,not-in-family,0,-72000,Single Vehicle Collision,Front Collision,Minor Damage,Fire,WV,1,NO,2,2,Missing,61320,BMW,M5,0,0,1,0,0.1666666666666666,0.1666666666666666,0,203,2,2,0,2014,7,3,0,0,-0.8660254037844384,-0.5000000000000004,Afternoon (12-17),17,250,500,Lane,old,premium,other,high,2,1y,5y+,"(-0.001, 2000000.0]","(1385.327, 1454.674]","(-0.001, 908.2]",1
254,45,IL,500,1083.64,0,MALE,JD,other-service,husband,59800,0,Multi-vehicle Collision,Rear Collision,Total Loss,Police,NC,3,YES,0,0,Missing,79680,BMW,3 Series,0,0,1,0,0.1666666666666666,0.1666666666666666,0,4181,2,4,0,2003,9,3,0,0,-0.9659258262890684,0.2588190451025203,Evening (18-23),11,250,500,Drive,old,premium,other,high,2,12y,5y+,"(-0.001, 2000000.0]","(1050.656, 1124.663]","(3830.6, 4682.0]",0
141,30,IL,1000,1851.78,0,FEMALE,High School,craft-repair,other-relative,78800,0,Single Vehicle Collision,Front Collision,Total Loss,Fire,SC,1,NO,1,0,YES,61740,Audi,A3,0,0,0,0,0.1111111111111111,0.1111111111111111,0,5322,2,0,0,2000,7,3,0,0,-0.2588190451025203,-0.9659258262890684,Afternoon (12-17),13,250,500,St,old,premium,sedan,high,2,15y,5y+,"(-0.001, 2000000.0]","(1564.724, 2047.59]","(4682.0, 5658.2]",0
441,55,IN,500,1270.29,4000000,MALE,College,armed-forces,husband,24000,-50500,Parked Car,Missing,Minor Damage,Missing,VA,1,NO,0,0,NO,6400,Honda,Civic,1,0,0,1,0.1,0.1,0,2031,2,3,0,2009,7,3,0,0,0.8660254037844386,0.5000000000000001,Night (0-5),13,250,500,Ridge,old,mid,other,low,0,6y,5y+,"(2000000.0, 6000000.0]","(1257.2, 1322.372]","(1984.8, 2909.4]",0
381,55,OH,500,1459.99,0,FEMALE,MD,other-service,wife,35900,0,Single Vehicle Collision,Rear Collision,Major Damage,Fire,SC,1,YES,1,2,YES,60600,Accura,TL,0,0,0,0,0.2,0.1,0,8675,1,0,0,1991,4,2,0,0,0.8660254037844387,-0.4999999999999998,Morning (6-11),4,500,1000,Ave,mid,mid,other,high,2,20y+,5y+,"(-0.001, 2000000.0]","(1454.674, 1564.724]","(8444.2, 9172.0]",0
191,38,IL,2000,1253.44,0,FEMALE,Masters,craft-repair,not-in-family,0,0,Multi-vehicle Collision,Side Collision,Major Damage,Ambulance,VA,3,NO,2,0,NO,56320,Volkswagen,Jetta,0,0,0,0,0.1818181818181818,0.0909090909090909,0,3366,2,5,1,2005,11,4,0,0,-0.9659258262890684,0.2588190451025203,Evening (18-23),8,100,300,Ave,old,mid,other,medium,1,10y,5y+,"(-0.001, 2000000.0]","(1197.974, 1257.2]","(2909.4, 3830.6]",0
145,34,IN,1000,1142.48,0,FEMALE,JD,priv-house-serv,other-relative,0,0,Single Vehicle Collision,Side Collision,Total Loss,Ambulance,NC,1,YES,2,0,NO,52250,Suburu,Legacy,0,0,0,0,0.1818181818181818,0.0909090909090909,0,9004,1,1,0,1990,5,2,0,0,-1.0,-1.8369701987210294e-16,Evening (18-23),3,100,300,Drive,new,mid,other,medium,1,20y+,5y+,"(-0.001, 2000000.0]","(1124.663, 1197.974]","(8444.2, 9172.0]",0
479,60,IL,1000,1188.45,0,FEMALE,MD,exec-managerial,other-relative,0,-44800,Multi-vehicle Collision,Rear Collision,Total Loss,Other,SC,2,Missing,0,3,Missing,53900,Saab,95,0,1,1,0,0.1,0.2,0,4434,1,6,1,2002,11,4,0,1,0.7071067811865476,-0.7071067811865475,Morning (6-11),9,500,1000,St,old,low,other,medium,1,15y,5y+,"(-0.001, 2000000.0]","(1124.663, 1197.974]","(3830.6, 4682.0]",0
215,35,IL,1000,1125.4,0,MALE,Masters,adm-clerical,husband,40000,-43400,Vehicle Theft,Missing,Trivial Damage,Missing,WV,1,Missing,2,1,NO,2640,Jeep,Wrangler,1,1,0,1,0.0833333333333333,0.1666666666666666,0,3866,1,3,0,2004,6,2,0,0,1.0,6.123233995736766e-17,Morning (6-11),14,500,1000,Lane,old,mid,other,low,0,12y,5y+,"(-0.001, 2000000.0]","(1124.663, 1197.974]","(3830.6, 4682.0]",0
41,33,OH,500,1294.41,0,MALE,High School,transport-moving,husband,0,0,Vehicle Theft,Missing,Minor Damage,Missing,NC,1,YES,0,0,Missing,8970,Dodge,Neon,1,0,1,1,0.1538461538461538,0.1538461538461538,0,1611,2,0,0,2010,9,3,0,0,0.8660254037844387,-0.4999999999999998,Morning (6-11),4,250,500,Drive,mid,mid,other,low,0,5y,3–5y,"(-0.001, 2000000.0]","(1257.2, 1322.372]","(908.2, 1984.8]",0
45,31,IN,500,1459.5,0,MALE,MD,priv-house-serv,not-in-family,0,0,Parked Car,Missing,Minor Damage,Missing,NY,1,Missing,1,3,Missing,6000,Suburu,Impreza,1,1,1,1,0.1666666666666666,0.1666666666666666,0,8921,2,1,0,1990,9,3,0,1,1.0,6.123233995736766e-17,Morning (6-11),15,100,300,Hwy,old,mid,other,low,0,20y+,3–5y,"(-0.001, 2000000.0]","(1454.674, 1564.724]","(8444.2, 9172.0]",0
156,38,IL,500,1367.99,0,MALE,High School,armed-forces,own-child,26500,0,Multi-vehicle Collision,Front Collision,Major Damage,Fire,WV,3,Missing,0,3,Missing,55200,Saab,92x,0,1,1,0,0.2,0.1,1,1980,2,1,0,2009,9,3,0,1,-0.2588190451025207,0.9659258262890684,Evening (18-23),17,100,300,Drive,old,low,other,medium,1,6y,5y+,"(-0.001, 2000000.0]","(1322.372, 1385.327]","(908.2, 1984.8]",1
246,45,IN,500,1594.37,0,MALE,Associate,exec-managerial,own-child,0,0,Parked Car,Missing,Trivial Damage,Missing,SC,1,NO,0,3,YES,7260,Saab,92x,1,0,0,1,0.0909090909090909,0.1818181818181818,0,5638,1,6,1,1999,8,3,0,1,-0.2588190451025203,-0.9659258262890684,Afternoon (12-17),7,250,500,Drive,mid,low,other,low,0,20y,5y+,"(-0.001, 2000000.0]","(1564.724, 2047.59]","(4682.0, 5658.2]",0
178,39,IL,500,1035.99,0,FEMALE,JD,exec-managerial,own-child,0,0,Multi-vehicle Collision,Front Collision,Minor Damage,Police,NY,3,NO,2,0,Missing,64680,Jeep,Wrangler,0,0,1,0,0.1818181818181818,0.1818181818181818,0,2141,1,5,1,2009,3,1,0,1,0.7071067811865475,0.7071067811865476,Night (0-5),5,100,300,St,mid,mid,other,high,2,6y,5y+,"(-0.001, 2000000.0]","(953.9, 1050.656]","(1984.8, 2909.4]",0
237,43,OH,500,911.53,0,FEMALE,PhD,sales,husband,53200,0,Single Vehicle Collision,Rear Collision,Major Damage,Police,WV,1,NO,0,1,NO,59200,Chevrolet,Malibu,0,0,0,0,0.0,0.2,0,2130,2,2,0,2009,4,2,0,0,-0.2588190451025207,0.9659258262890684,Evening (18-23),17,250,500,Drive,old,mid,sedan,high,2,6y,5y+,"(-0.001, 2000000.0]","(433.329, 953.9]","(1984.8, 2909.4]",0
127,34,OH,500,1319.97,0,FEMALE,Associate,craft-repair,own-child,73700,0,Vehicle Theft,Missing,Minor Damage,Missing,NC,1,YES,1,3,Missing,4700,Saab,92x,1,0,1,1,0.1,0.2,0,3079,1,1,0,2006,8,3,0,0,0.8660254037844387,-0.4999999999999998,Morning (6-11),17,500,1000,Lane,old,low,other,low,0,9y,5y+,"(-0.001, 2000000.0]","(1257.2, 1322.372]","(2909.4, 3830.6]",1
1,33,OH,2000,1391.63,0,MALE,Associate,sales,husband,61200,0,Single Vehicle Collision,Side Collision,Total Loss,Other,NY,1,YES,0,3,NO,69400,Mercedes,C300,0,0,0,0,0.1,0.1,0,7022,2,3,0,1995,12,4,0,0,-0.2588190451025207,0.9659258262890684,Evening (18-23),15,250,500,Lane,old,premium,sedan,high,2,20y,0–6mo,"(-0.001, 2000000.0]","(1385.327, 1454.674]","(6660.4, 7554.4]",1
5,21,IN,500,915.41,5000000,FEMALE,High School,exec-managerial,own-child,0,0,Single Vehicle Collision,Side Collision,Total Loss,Police,NY,1,YES,0,0,NO,40500,Nissan,Pathfinder,0,0,0,0,0.1,0.1,0,4473,2,2,0,2002,11,4,0,0,-0.2588190451025207,0.9659258262890684,Evening (18-23),17,250,500,Ave,old,mid,suv,medium,1,15y,0–6mo,"(2000000.0, 6000000.0]","(433.329, 953.9]","(3830.6, 4682.0]",0
64,28,IL,1000,1468.82,0,MALE,JD,handlers-cleaners,other-relative,56800,-51800,Multi-vehicle Collision,Side Collision,Minor Damage,Fire,SC,3,NO,2,1,NO,60000,Honda,Accord,0,0,0,0,0.0833333333333333,0.1666666666666666,0,8497,2,4,0,1991,11,4,0,1,0.7071067811865476,-0.7071067811865475,Morning (6-11),18,500,1000,Hwy,old,mid,other,high,2,20y+,5y+,"(-0.001, 2000000.0]","(1454.674, 1564.724]","(8444.2, 9172.0]",0
142,30,IN,500,1412.76,0,MALE,PhD,armed-forces,wife,66400,-63700,Single Vehicle Collision,Side Collision,Minor Damage,Other,WV,1,YES,2,3,NO,67320,Volkswagen,Jetta,0,0,0,0,0.1666666666666666,0.1666666666666666,0,6205,1,5,1,1998,1,1,0,0,-0.5000000000000004,0.8660254037844384,Evening (18-23),19,500,1000,Hwy,old,mid,other,high,2,20y,5y+,"(-0.001, 2000000.0]","(1385.327, 1454.674]","(5658.2, 6660.4]",0
97,27,OH,500,1588.26,0,FEMALE,High School,tech-support,husband,56700,-49300,Multi-vehicle Collision,Side Collision,Total Loss,Other,VA,3,YES,2,1,YES,75690,Saab,95,0,0,0,0,0.1111111111111111,0.1111111111111111,0,4657,1,5,1,2002,4,2,0,0,-0.5000000000000004,0.8660254037844384,Evening (18-23),1,500,1000,Hwy,new,low,other,high,2,15y,5y+,"(-0.001, 2000000.0]","(1564.724, 2047.59]","(3830.6, 4682.0]",0
121,31,IN,1000,1140.91,0,MALE,Associate,adm-clerical,other-relative,51300,0,Multi-vehicle Collision,Side Collision,Major Damage,Fire,VA,3,NO,1,2,Missing,64300,Chevrolet,Silverado,0,0,1,0,0.1,0.1,1,8611,2,6,1,1991,7,3,0,1,-0.7071067811865475,-0.7071067811865477,Afternoon (12-17),13,100,300,Lane,old,mid,pickup,high,2,20y+,5y+,"(-0.001, 2000000.0]","(1124.663, 1197.974]","(8444.2, 9172.0]",0
225,43,OH,1000,1517.54,0,MALE,JD,priv-house-serv,own-child,0,-20900,Multi-vehicle Collision,Rear Collision,Major Damage,Police,SC,3,NO,2,0,YES,64400,BMW,X5,0,0,0,0,0.1,0.1,0,3801,1,4,0,2004,8,3,0,0,-0.8660254037844384,-0.5000000000000004,Afternoon (12-17),4,100,300,Ridge,mid,premium,suv,high,2,12y,5y+,"(-0.001, 2000000.0]","(1454.674, 1564.724]","(2909.4, 3830.6]",0
425,53,OH,2000,912.29,0,FEMALE,High School,priv-house-serv,husband,42900,-39100,Multi-vehicle Collision,Front Collision,Minor Damage,Fire,WV,3,Missing,1,2,Missing,97080,Saab,92x,0,1,1,0,0.1666666666666666,0.1666666666666666,0,8987,1,5,1,1990,6,2,0,1,-0.9659258262890684,-0.2588190451025206,Afternoon (12-17),10,250,500,Drive,old,low,other,high,2,20y+,5y+,"(-0.001, 2000000.0]","(433.329, 953.9]","(8444.2, 9172.0]",0
285,44,OH,2000,1144.3,0,MALE,MD,priv-house-serv,not-in-family,52600,0,Vehicle Theft,Missing,Minor Damage,Police,WV,1,YES,1,0,Missing,5500,Honda,Civic,1,0,1,0,0.0909090909090909,0.0909090909090909,0,8568,2,2,0,1991,8,3,0,0,0.7071067811865475,0.7071067811865476,Night (0-5),5,250,500,St,mid,mid,other,low,0,20y+,5y+,"(-0.001, 2000000.0]","(1124.663, 1197.974]","(8444.2, 9172.0]",0
192,38,IN,1000,1281.43,0,FEMALE,Masters,transport-moving,not-in-family,65100,-50300,Multi-vehicle Collision,Rear Collision,Total Loss,Other,SC,3,Missing,0,2,NO,30700,Jeep,Wrangler,0,1,0,0,0.1,0.2,0,1435,1,4,0,2011,2,1,0,1,0.4999999999999999,-0.8660254037844387,Morning (6-11),5,500,1000,Hwy,mid,mid,other,low,0,4y,5y+,"(-0.001, 2000000.0]","(1257.2, 1322.372]","(908.2, 1984.8]",0
285,48,IL,2000,1101.85,0,FEMALE,College,sales,wife,46100,0,Single Vehicle Collision,Side Collision,Minor Damage,Police,PA,1,NO,1,2,YES,33480,Nissan,Pathfinder,0,0,0,0,0.1111111111111111,0.1111111111111111,0,753,2,4,0,2013,2,1,0,0,0.7071067811865476,-0.7071067811865475,Morning (6-11),3,100,300,Lane,new,mid,suv,medium,1,3y,5y+,"(-0.001, 2000000.0]","(1050.656, 1124.663]","(-0.001, 908.2]",0
98,26,IN,2000,1082.1,0,MALE,JD,exec-managerial,other-relative,0,-30900,Multi-vehicle Collision,Front Collision,Total Loss,Police,WV,2,Missing,0,1,YES,65430,Jeep,Wrangler,0,1,0,0,0.2222222222222222,0.1111111111111111,0,5098,2,3,0,2001,2,1,0,0,-0.2588190451025203,-0.9659258262890684,Afternoon (12-17),14,500,1000,Lane,old,mid,other,high,2,15y,5y+,"(-0.001, 2000000.0]","(1050.656, 1124.663]","(4682.0, 5658.2]",0
175,36,OH,500,1185.44,0,MALE,Masters,exec-managerial,not-in-family,44900,-52500,Multi-vehicle Collision,Rear Collision,Major Damage,Police,NC,3,YES,2,1,YES,42680,Accura,RSX,0,0,0,0,0.0909090909090909,0.1818181818181818,1,8368,1,4,0,1992,3,1,0,1,-0.7071067811865475,-0.7071067811865477,Afternoon (12-17),9,500,1000,Ave,old,mid,other,medium,1,20y+,5y+,"(-0.001, 2000000.0]","(1124.663, 1197.974]","(7554.4, 8444.2]",0
259,45,IL,2000,1175.07,0,MALE,MD,craft-repair,not-in-family,30100,0,Single Vehicle Collision,Side Collision,Minor Damage,Fire,WV,1,Missing,1,1,NO,87780,Honda,CRV,0,1,0,0,0.0909090909090909,0.0909090909090909,0,2935,1,5,1,2006,12,4,0,1,-0.2588190451025207,0.9659258262890684,Evening (18-23),4,500,1000,St,mid,mid,suv,high,2,9y,5y+,"(-0.001, 2000000.0]","(1124.663, 1197.974]","(2909.4, 3830.6]",0
140,36,OH,2000,979.26,0,FEMALE,JD,transport-moving,own-child,0,-67000,Multi-vehicle Collision,Front Collision,Major Damage,Fire,NY,4,YES,0,2,YES,72800,Honda,Accord,0,0,0,0,0.2,0.2,0,5343,3,6,1,2000,7,3,0,0,0.4999999999999999,0.8660254037844387,Night (0-5),17,500,1000,Ave,old,mid,other,high,2,15y,5y+,"(-0.001, 2000000.0]","(953.9, 1050.656]","(4682.0, 5658.2]",0
231,37,OH,500,920.81,0,FEMALE,High School,sales,wife,0,0,Single Vehicle Collision,Rear Collision,Major Damage,Fire,SC,1,YES,2,0,Missing,71190,Mercedes,C300,0,0,1,0,0.0,0.1111111111111111,1,8464,2,4,0,1991,12,4,0,1,-0.5000000000000001,-0.8660254037844386,Afternoon (12-17),18,250,500,Hwy,old,premium,sedan,high,2,20y+,5y+,"(-0.001, 2000000.0]","(433.329, 953.9]","(8444.2, 9172.0]",0
186,38,OH,500,922.85,0,MALE,High School,adm-clerical,husband,70300,-70900,Vehicle Theft,Missing,Trivial Damage,Missing,NY,1,Missing,1,1,YES,3600,Honda,Civic,1,1,0,1,0.1111111111111111,0.1111111111111111,0,604,2,2,0,2013,7,3,0,0,0.9659258262890684,-0.2588190451025208,Morning (6-11),16,100,300,Ave,old,mid,other,low,0,2y,5y+,"(-0.001, 2000000.0]","(433.329, 953.9]","(-0.001, 908.2]",0
229,41,OH,2000,1107.59,3000000,MALE,PhD,tech-support,not-in-family,65400,0,Single Vehicle Collision,Side Collision,Major Damage,Other,NY,1,NO,1,3,NO,62640,Mercedes,C300,0,0,0,0,0.1666666666666666,0.1666666666666666,0,5882,1,4,0,1998,12,4,0,0,-0.2588190451025207,0.9659258262890684,Evening (18-23),6,250,500,Ridge,mid,premium,sedan,high,2,20y,5y+,"(2000000.0, 6000000.0]","(1050.656, 1124.663]","(5658.2, 6660.4]",0
180,36,IL,500,1272.46,0,MALE,College,prof-specialty,wife,0,0,Multi-vehicle Collision,Front Collision,Minor Damage,Ambulance,NY,3,YES,2,1,Missing,69630,Toyota,Corolla,0,0,1,0,0.1818181818181818,0.0909090909090909,0,47,2,3,0,2015,1,1,0,0,0.9659258262890684,-0.2588190451025208,Morning (6-11),17,100,300,Drive,old,mid,sedan,high,2,0–6mo,5y+,"(-0.001, 2000000.0]","(1257.2, 1322.372]","(-0.001, 908.2]",0
188,33,IL,1000,1340.24,0,MALE,High School,protective-serv,own-child,0,-68800,Multi-vehicle Collision,Rear Collision,Minor Damage,Police,NY,3,YES,1,0,Missing,76010,Dodge,RAM,0,0,1,0,0.1818181818181818,0.0909090909090909,1,7618,2,6,1,1994,4,2,0,0,0.8660254037844387,-0.4999999999999998,Morning (6-11),20,250,500,Ave,old,mid,pickup,high,2,20y+,5y+,"(-0.001, 2000000.0]","(1322.372, 1385.327]","(7554.4, 8444.2]",1
214,40,OH,1000,1648.0,0,MALE,JD,transport-moving,not-in-family,57700,-43500,Single Vehicle Collision,Rear Collision,Total Loss,Other,WV,1,NO,1,0,YES,44220,Accura,MDX,0,0,0,0,0.1818181818181818,0.0909090909090909,0,5286,2,2,0,2000,8,3,0,0,-0.9659258262890684,-0.2588190451025206,Afternoon (12-17),15,100,300,Drive,old,mid,other,medium,1,15y,5y+,"(-0.001, 2000000.0]","(1564.724, 2047.59]","(4682.0, 5658.2]",0
178,38,IL,500,1381.14,0,FEMALE,College,other-service,wife,0,0,Multi-vehicle Collision,Rear Collision,Minor Damage,Other,NY,3,NO,0,3,NO,57200,BMW,M5,0,0,0,0,0.0909090909090909,0.1818181818181818,0,101,2,6,1,2014,11,4,0,0,0.4999999999999999,-0.8660254037844387,Morning (6-11),4,250,500,Drive,mid,premium,other,medium,1,0–6mo,5y+,"(-0.001, 2000000.0]","(1322.372, 1385.327]","(-0.001, 908.2]",1
55,35,IL,500,1198.44,8000000,MALE,MD,priv-house-serv,wife,0,0,Vehicle Theft,Missing,Minor Damage,Police,WV,1,NO,0,3,NO,3080,Nissan,Ultima,1,0,0,0,0.1818181818181818,0.1818181818181818,0,1440,1,2,0,2011,2,1,0,0,0.7071067811865476,-0.7071067811865475,Morning (6-11),17,500,1000,Lane,old,mid,sedan,low,0,4y,3–5y,"(6000000.0, 10000000.0]","(1197.974, 1257.2]","(908.2, 1984.8]",0
90,31,OH,2000,951.27,0,FEMALE,PhD,other-service,not-in-family,42100,0,Single Vehicle Collision,Rear Collision,Total Loss,Other,SC,1,YES,1,0,YES,75790,Accura,RSX,0,0,0,0,0.1818181818181818,0.0909090909090909,0,8962,1,1,0,1990,6,2,0,0,0.4999999999999999,0.8660254037844387,Night (0-5),8,250,500,Ave,old,mid,other,high,2,20y+,5y+,"(-0.001, 2000000.0]","(433.329, 953.9]","(8444.2, 9172.0]",0
135,30,IN,2000,1341.24,0,FEMALE,MD,farming-fishing,wife,37100,-46500,Multi-vehicle Collision,Rear Collision,Minor Damage,Ambulance,WV,3,NO,0,1,NO,32670,Honda,Accord,0,0,0,0,0.1818181818181818,0.0909090909090909,0,2189,1,0,0,2009,1,1,1,1,-1.0,-1.8369701987210294e-16,Evening (18-23),12,500,1000,Ave,old,mid,other,low,0,6y,5y+,"(-0.001, 2000000.0]","(1322.372, 1385.327]","(1984.8, 2909.4]",1
277,46,IL,2000,1177.57,0,FEMALE,Associate,adm-clerical,husband,0,-65500,Vehicle Theft,Missing,Minor Damage,Police,VA,1,Missing,2,3,NO,3870,Jeep,Wrangler,1,1,0,0,0.1111111111111111,0.2222222222222222,0,8113,1,5,1,1992,11,4,0,0,0.8660254037844386,0.5000000000000001,Night (0-5),5,250,500,Ave,mid,mid,other,low,0,20y+,5y+,"(-0.001, 2000000.0]","(1124.663, 1197.974]","(7554.4, 8444.2]",0
211,38,IN,1000,1055.09,0,FEMALE,Masters,transport-moving,own-child,0,0,Single Vehicle Collision,Front Collision,Total Loss,Fire,NY,1,Missing,0,3,YES,91520,BMW,X6,0,1,0,0,0.0909090909090909,0.1818181818181818,1,6466,1,1,0,1997,5,2,0,0,1.2246467991473532e-16,-1.0,Afternoon (12-17),10,250,500,Hwy,old,premium,other,high,2,20y,5y+,"(-0.001, 2000000.0]","(1050.656, 1124.663]","(5658.2, 6660.4]",0
156,32,IL,500,1479.48,0,MALE,Masters,prof-specialty,unmarried,0,0,Single Vehicle Collision,Front Collision,Major Damage,Other,NY,1,YES,1,3,YES,74690,Dodge,RAM,0,0,0,0,0.0909090909090909,0.1818181818181818,1,8334,1,1,0,1992,3,1,0,0,-0.7071067811865475,-0.7071067811865477,Afternoon (12-17),7,250,500,Ave,mid,mid,pickup,high,2,20y+,5y+,"(-0.001, 2000000.0]","(1454.674, 1564.724]","(7554.4, 8444.2]",0
84,30,IN,2000,1827.38,0,MALE,Associate,priv-house-serv,other-relative,0,-15900,Vehicle Theft,Missing,Trivial Damage,Police,VA,1,YES,1,3,Missing,4620,Audi,A5,1,0,1,0,0.0909090909090909,0.1818181818181818,0,7122,1,3,0,1995,7,3,0,0,0.7071067811865476,-0.7071067811865475,Morning (6-11),17,500,1000,St,old,premium,sedan,low,0,20y,5y+,"(-0.001, 2000000.0]","(1564.724, 2047.59]","(6660.4, 7554.4]",0
136,32,IN,500,1169.62,0,FEMALE,JD,sales,not-in-family,0,0,Single Vehicle Collision,Side Collision,Major Damage,Police,SC,1,YES,0,0,NO,55000,Toyota,Camry,0,0,0,0,0.1818181818181818,0.1818181818181818,1,5152,2,2,0,2000,12,4,0,0,1.0,6.123233995736766e-17,Morning (6-11),7,100,300,Ridge,mid,mid,sedan,medium,1,15y,5y+,"(-0.001, 2000000.0]","(1124.663, 1197.974]","(4682.0, 5658.2]",0
310,48,IN,500,1516.34,0,FEMALE,JD,adm-clerical,unmarried,11000,0,Multi-vehicle Collision,Rear Collision,Major Damage,Police,SC,4,YES,0,2,NO,59400,Saab,93,0,0,0,0,0.2222222222222222,0.1111111111111111,1,5630,1,6,1,1999,8,3,0,0,0.258819045102521,-0.9659258262890682,Morning (6-11),19,100,300,Lane,old,low,other,high,2,20y,5y+,"(-0.001, 2000000.0]","(1454.674, 1564.724]","(4682.0, 5658.2]",0
123,34,OH,2000,1270.21,0,FEMALE,College,sales,husband,16100,-61200,Multi-vehicle Collision,Side Collision,Total Loss,Fire,PA,3,NO,1,1,Missing,55260,Nissan,Ultima,0,0,1,0,0.1111111111111111,0.0,0,2874,1,2,0,2007,3,1,0,0,-0.2588190451025203,-0.9659258262890684,Afternoon (12-17),15,500,1000,St,old,mid,sedan,medium,1,8y,5y+,"(-0.001, 2000000.0]","(1257.2, 1322.372]","(1984.8, 2909.4]",0
243,44,IL,500,809.11,0,MALE,JD,craft-repair,other-relative,33200,0,Multi-vehicle Collision,Side Collision,Minor Damage,Other,NC,3,Missing,2,1,YES,51400,Honda,Civic,0,1,0,0,0.1,0.2,0,6242,1,1,0,1997,12,4,0,0,0.8660254037844386,0.5000000000000001,Night (0-5),19,250,500,Ave,old,mid,other,medium,1,20y,5y+,"(-0.001, 2000000.0]","(433.329, 953.9]","(5658.2, 6660.4]",0
36,37,IL,1000,1115.81,0,FEMALE,Masters,machine-op-inspct,husband,0,-59800,Multi-vehicle Collision,Side Collision,Minor Damage,Ambulance,NY,3,YES,1,3,Missing,48780,Dodge,Neon,0,0,1,0,0.1111111111111111,0.2222222222222222,0,463,2,3,0,2013,11,4,0,1,-0.8660254037844386,0.5000000000000001,Evening (18-23),7,500,1000,Drive,mid,mid,other,medium,1,2y,2–3y,"(-0.001, 2000000.0]","(1050.656, 1124.663]","(-0.001, 908.2]",0
146,31,OH,1000,1457.65,5000000,FEMALE,College,armed-forces,own-child,0,0,Multi-vehicle Collision,Rear Collision,Major Damage,Ambulance,VA,3,NO,1,3,Missing,52380,Toyota,Highlander,0,0,1,0,0.1111111111111111,0.1111111111111111,0,8901,2,1,0,1990,9,3,0,1,0.0,1.0,Night (0-5),5,100,300,Drive,mid,mid,suv,medium,1,20y+,5y+,"(2000000.0, 6000000.0]","(1454.674, 1564.724]","(8444.2, 9172.0]",0
154,34,OH,1000,1041.36,0,FEMALE,JD,priv-house-serv,husband,53100,-43900,Multi-vehicle Collision,Side Collision,Total Loss,Other,WV,4,Missing,2,3,YES,74360,Toyota,Highlander,0,1,0,0,0.1818181818181818,0.1818181818181818,1,5592,1,0,0,1999,10,4,0,0,-1.0,-1.8369701987210294e-16,Evening (18-23),10,100,300,Lane,old,mid,suv,high,2,20y,5y+,"(-0.001, 2000000.0]","(953.9, 1050.656]","(4682.0, 5658.2]",0
204,40,OH,1000,1693.83,7000000,MALE,High School,protective-serv,other-relative,44000,-20800,Single Vehicle Collision,Front Collision,Minor Damage,Police,NY,1,Missing,1,0,Missing,53400,Honda,CRV,0,1,1,0,0.1,0.1,0,8312,1,4,0,1992,4,2,0,0,1.0,6.123233995736766e-17,Morning (6-11),12,250,500,Hwy,old,mid,suv,medium,1,20y+,5y+,"(6000000.0, 10000000.0]","(1564.724, 2047.59]","(7554.4, 8444.2]",0
458,59,IN,1000,1685.69,0,FEMALE,High School,protective-serv,wife,31400,0,Single Vehicle Collision,Front Collision,Total Loss,Police,VA,1,Missing,2,2,YES,71800,Jeep,Grand Cherokee,0,1,0,0,0.2,0.2,0,2175,2,1,0,2009,3,1,0,1,-0.2588190451025207,0.9659258262890684,Evening (18-23),20,100,300,Ave,old,mid,other,high,2,6y,5y+,"(-0.001, 2000000.0]","(1564.724, 2047.59]","(1984.8, 2909.4]",0
147,31,IN,500,1054.92,6000000,FEMALE,PhD,prof-specialty,own-child,51900,0,Single Vehicle Collision,Front Collision,Major Damage,Other,NY,1,Missing,0,0,Missing,68240,Toyota,Corolla,0,1,1,0,0.125,0.0,1,6549,1,4,0,1997,2,1,0,0,0.8660254037844386,0.5000000000000001,Night (0-5),2,250,500,St,new,mid,sedan,high,2,20y,5y+,"(2000000.0, 6000000.0]","(1050.656, 1124.663]","(5658.2, 6660.4]",0
279,45,IN,2000,1333.97,6000000,FEMALE,MD,other-service,unmarried,61100,-30700,Multi-vehicle Collision,Rear Collision,Major Damage,Other,SC,3,Missing,1,0,Missing,61050,Dodge,RAM,0,1,1,0,0.1818181818181818,0.1818181818181818,1,8385,1,0,0,1992,1,1,0,0,-0.7071067811865477,0.7071067811865474,Evening (18-23),4,250,500,St,mid,mid,pickup,high,2,20y+,5y+,"(2000000.0, 6000000.0]","(1322.372, 1385.327]","(7554.4, 8444.2]",1
308,47,OH,1000,1013.61,6000000,FEMALE,Associate,craft-repair,own-child,45700,-41400,Parked Car,Missing,Minor Damage,Missing,NY,1,Missing,1,1,YES,5590,Suburu,Impreza,1,1,0,1,0.1538461538461538,0.1538461538461538,0,474,1,5,1,2013,9,3,0,1,0.9659258262890684,-0.2588190451025208,Morning (6-11),13,100,300,Lane,old,mid,other,low,0,2y,5y+,"(2000000.0, 6000000.0]","(953.9, 1050.656]","(-0.001, 908.2]",0
284,48,IL,500,958.3,0,FEMALE,PhD,machine-op-inspct,husband,47900,0,Multi-vehicle Collision,Side Collision,Major Damage,Fire,NY,3,Missing,0,0,Missing,46860,Volkswagen,Passat,0,1,1,0,0.1818181818181818,0.1818181818181818,0,2442,1,3,0,2008,5,2,0,0,-0.9659258262890684,0.2588190451025203,Evening (18-23),17,500,1000,St,old,mid,other,medium,1,7y,5y+,"(-0.001, 2000000.0]","(953.9, 1050.656]","(1984.8, 2909.4]",0
108,31,IN,2000,1112.04,6000000,FEMALE,PhD,other-service,own-child,52800,-54300,Parked Car,Missing,Minor Damage,Missing,SC,1,NO,1,3,NO,4290,Volkswagen,Passat,1,0,0,1,0.1818181818181818,0.1818181818181818,0,4757,1,1,0,2002,1,1,0,0,0.9659258262890684,0.2588190451025207,Night (0-5),17,250,500,Ave,old,mid,other,low,0,15y,5y+,"(2000000.0, 6000000.0]","(1050.656, 1124.663]","(4682.0, 5658.2]",0
421,57,IN,2000,1206.26,0,FEMALE,Associate,armed-forces,own-child,69900,0,Multi-vehicle Collision,Front Collision,Minor Damage,Police,NC,3,YES,0,0,NO,78500,Audi,A3,0,0,0,0,0.2,0.1,0,4687,1,5,1,2002,4,2,0,1,-0.5000000000000004,0.8660254037844384,Evening (18-23),0,250,500,St,new,premium,sedan,high,2,15y,5y+,"(-0.001, 2000000.0]","(1197.974, 1257.2]","(4682.0, 5658.2]",0
266,42,IL,1000,763.67,0,MALE,Associate,prof-specialty,own-child,12800,-49700,Single Vehicle Collision,Side Collision,Total Loss,Police,SC,1,YES,1,3,YES,70830,Jeep,Grand Cherokee,0,0,0,0,0.1111111111111111,0.1111111111111111,0,6047,2,2,0,1998,7,3,0,0,1.2246467991473532e-16,-1.0,Afternoon (12-17),10,500,1000,St,old,mid,other,high,2,20y,5y+,"(-0.001, 2000000.0]","(433.329, 953.9]","(5658.2, 6660.4]",0
412,56,IL,500,1042.56,0,MALE,High School,handlers-cleaners,own-child,0,-66100,Multi-vehicle Collision,Front Collision,Total Loss,Police,SC,3,NO,0,2,NO,68040,Suburu,Forrestor,0,0,0,0,0.2222222222222222,0.1111111111111111,0,4541,1,1,0,2002,8,3,0,1,-0.9659258262890684,0.2588190451025203,Evening (18-23),18,250,500,Hwy,old,mid,other,high,2,15y,5y+,"(-0.001, 2000000.0]","(953.9, 1050.656]","(3830.6, 4682.0]",0
31,32,IL,2000,1263.48,4000000,FEMALE,JD,other-service,wife,46800,-87300,Single Vehicle Collision,Side Collision,Major Damage,Fire,WV,1,Missing,2,0,Missing,63600,Audi,A5,0,1,1,0,0.0833333333333333,0.1666666666666666,1,5632,2,5,1,1999,9,3,0,0,0.4999999999999999,-0.8660254037844387,Morning (6-11),18,100,300,Hwy,old,premium,sedan,high,2,20y,2–3y,"(2000000.0, 6000000.0]","(1257.2, 1322.372]","(4682.0, 5658.2]",0
465,63,IL,500,1006.99,6000000,FEMALE,Masters,sales,own-child,0,0,Single Vehicle Collision,Side Collision,Minor Damage,Other,WV,1,NO,0,3,Missing,43560,Suburu,Legacy,0,0,1,0,0.1111111111111111,0.1111111111111111,0,1120,2,3,0,2012,1,1,0,0,0.9659258262890684,-0.2588190451025208,Morning (6-11),0,250,500,Lane,new,mid,other,medium,1,4y,5y+,"(2000000.0, 6000000.0]","(953.9, 1050.656]","(908.2, 1984.8]",0
126,31,OH,1000,1328.26,0,MALE,Masters,sales,not-in-family,42300,-45800,Single Vehicle Collision,Front Collision,Total Loss,Police,WV,1,NO,1,1,NO,60840,Suburu,Forrestor,0,0,0,0,0.2222222222222222,0.1111111111111111,0,6711,1,4,0,1996,8,3,0,1,-0.9659258262890684,-0.2588190451025206,Afternoon (12-17),4,250,500,Ave,mid,mid,other,high,2,20y,5y+,"(-0.001, 2000000.0]","(1322.372, 1385.327]","(6660.4, 7554.4]",1
407,55,OH,1000,1250.08,5000000,FEMALE,PhD,tech-support,wife,0,-57700,Multi-vehicle Collision,Side Collision,Total Loss,Police,WV,3,Missing,2,3,YES,68160,Ford,Escape,0,1,0,0,0.1666666666666666,0.1666666666666666,0,6908,2,6,1,1996,3,1,0,0,0.0,1.0,Night (0-5),5,100,300,Ridge,mid,mid,other,high,2,20y,5y+,"(2000000.0, 6000000.0]","(1197.974, 1257.2]","(6660.4, 7554.4]",0
101,27,IL,500,982.7,6000000,FEMALE,College,transport-moving,unmarried,30800,-43700,Parked Car,Missing,Minor Damage,Missing,SC,1,NO,1,0,NO,5170,Toyota,Camry,1,0,0,1,0.1818181818181818,0.0909090909090909,0,6260,1,1,0,1997,11,4,0,0,0.7071067811865476,-0.7071067811865475,Morning (6-11),14,500,1000,Ave,old,mid,sedan,low,0,20y,5y+,"(2000000.0, 6000000.0]","(953.9, 1050.656]","(5658.2, 6660.4]",0
187,37,IN,1000,1412.06,5000000,FEMALE,Masters,protective-serv,not-in-family,60100,0,Single Vehicle Collision,Side Collision,Total Loss,Ambulance,NC,1,Missing,0,3,Missing,57700,Nissan,Maxima,0,1,1,0,0.1,0.1,0,526,1,4,0,2013,8,3,0,0,-0.7071067811865477,0.7071067811865474,Evening (18-23),15,500,1000,Ridge,old,mid,other,medium,1,2y,5y+,"(2000000.0, 6000000.0]","(1385.327, 1454.674]","(-0.001, 908.2]",0
252,46,IN,2000,1066.7,0,FEMALE,JD,handlers-cleaners,own-child,0,0,Multi-vehicle Collision,Front Collision,Total Loss,Other,VA,3,NO,0,2,NO,89520,Audi,A3,0,0,0,0,0.1666666666666666,0.1666666666666666,0,6635,1,4,0,1996,11,4,0,1,-0.5000000000000004,0.8660254037844384,Evening (18-23),1,500,1000,Lane,new,premium,sedan,high,2,20y,5y+,"(-0.001, 2000000.0]","(1050.656, 1124.663]","(5658.2, 6660.4]",0
229,43,IN,2000,1585.54,0,MALE,High School,protective-serv,not-in-family,42600,-44400,Vehicle Theft,Missing,Minor Damage,Missing,WV,1,NO,1,0,YES,4620,Volkswagen,Jetta,1,0,0,1,0.0909090909090909,0.1818181818181818,0,6462,2,3,0,1997,6,2,0,0,0.7071067811865475,0.7071067811865476,Night (0-5),3,250,500,Hwy,new,mid,other,low,0,20y,5y+,"(-0.001, 2000000.0]","(1564.724, 2047.59]","(5658.2, 6660.4]",0
246,39,IN,1000,1416.08,0,FEMALE,JD,craft-repair,other-relative,0,-36600,Single Vehicle Collision,Rear Collision,Minor Damage,Ambulance,WV,1,YES,0,3,Missing,45180,Honda,CRV,0,0,1,0,0.1111111111111111,0.1111111111111111,0,2840,1,1,0,2007,4,2,0,0,-0.8660254037844384,-0.5000000000000004,Afternoon (12-17),11,250,500,Lane,old,mid,suv,medium,1,8y,5y+,"(-0.001, 2000000.0]","(1385.327, 1454.674]","(1984.8, 2909.4]",0
190,38,OH,500,1246.03,0,MALE,JD,craft-repair,unmarried,61900,-50000,Single Vehicle Collision,Side Collision,Total Loss,Other,NY,1,YES,0,0,NO,45100,Nissan,Maxima,0,0,0,0,0.2,0.1,0,2688,1,2,0,2007,9,3,0,0,-0.5000000000000001,-0.8660254037844386,Afternoon (12-17),2,250,500,Lane,new,mid,other,medium,1,8y,5y+,"(-0.001, 2000000.0]","(1197.974, 1257.2]","(1984.8, 2909.4]",0
95,32,IN,2000,1356.64,0,MALE,Masters,machine-op-inspct,not-in-family,67800,-48600,Multi-vehicle Collision,Side Collision,Total Loss,Police,SC,3,YES,0,3,YES,83160,Toyota,Camry,0,0,0,0,0.1818181818181818,0.1818181818181818,0,6638,2,0,0,1996,12,4,0,0,-0.7071067811865477,0.7071067811865474,Evening (18-23),12,500,1000,Drive,old,mid,sedan,high,2,20y,5y+,"(-0.001, 2000000.0]","(1322.372, 1385.327]","(5658.2, 6660.4]",1
205,42,IL,2000,1387.7,4000000,FEMALE,High School,priv-house-serv,other-relative,0,0,Single Vehicle Collision,Rear Collision,Minor Damage,Police,WV,1,NO,2,1,NO,86130,Chevrolet,Silverado,0,0,0,0,0.1818181818181818,0.1818181818181818,0,2541,1,6,1,2008,2,1,0,1,-0.9659258262890684,0.2588190451025203,Evening (18-23),20,100,300,St,old,mid,pickup,high,2,7y,5y+,"(2000000.0, 6000000.0]","(1385.327, 1454.674]","(1984.8, 2909.4]",1
41,25,OH,1000,1004.14,0,MALE,Masters,priv-house-serv,wife,35400,0,Multi-vehicle Collision,Front Collision,Major Damage,Fire,NC,3,NO,1,3,NO,48000,Dodge,RAM,0,0,0,0,0.2,0.1,0,4232,2,6,1,2003,7,3,0,1,-0.2588190451025203,-0.9659258262890684,Afternoon (12-17),20,100,300,Lane,old,mid,pickup,medium,1,12y,3–5y,"(-0.001, 2000000.0]","(953.9, 1050.656]","(3830.6, 4682.0]",0
137,35,OH,500,1107.07,0,FEMALE,High School,protective-serv,husband,0,-45300,Vehicle Theft,Missing,Minor Damage,Police,VA,1,NO,0,0,YES,3300,Saab,92x,1,0,0,0,0.1818181818181818,0.1818181818181818,0,8676,2,2,0,1991,5,2,0,0,-0.7071067811865477,0.7071067811865474,Evening (18-23),7,500,1000,St,mid,low,other,low,0,20y+,5y+,"(-0.001, 2000000.0]","(1050.656, 1124.663]","(8444.2, 9172.0]",0
194,34,IL,500,1429.96,0,FEMALE,JD,protective-serv,husband,67800,0,Multi-vehicle Collision,Rear Collision,Minor Damage,Ambulance,NY,3,NO,1,2,YES,57200,Toyota,Camry,0,0,0,0,0.2,0.1,0,8611,1,0,0,1991,6,2,0,0,0.258819045102521,-0.9659258262890682,Morning (6-11),10,100,300,St,old,mid,sedan,medium,1,20y+,5y+,"(-0.001, 2000000.0]","(1385.327, 1454.674]","(8444.2, 9172.0]",0
128,35,IN,1000,1074.99,0,FEMALE,Associate,adm-clerical,husband,0,-48800,Vehicle Theft,Missing,Trivial Damage,Police,VA,1,Missing,2,0,Missing,7590,Accura,MDX,1,1,1,0,0.1818181818181818,0.0909090909090909,0,5022,1,4,0,2001,4,2,0,1,-0.8660254037844384,-0.5000000000000004,Afternoon (12-17),3,250,500,St,new,mid,other,low,0,15y,5y+,"(-0.001, 2000000.0]","(1050.656, 1124.663]","(4682.0, 5658.2]",0
150,37,OH,1000,1007.0,0,FEMALE,PhD,transport-moving,unmarried,30400,-89400,Single Vehicle Collision,Rear Collision,Total Loss,Police,VA,1,NO,0,2,Missing,80080,Chevrolet,Silverado,0,0,1,0,0.1538461538461538,0.1538461538461538,0,317,1,1,0,2014,3,1,0,0,0.7071067811865476,-0.7071067811865475,Morning (6-11),2,500,1000,St,new,mid,pickup,high,2,1y,5y+,"(-0.001, 2000000.0]","(953.9, 1050.656]","(-0.001, 908.2]",0
104,30,OH,500,1052.85,0,FEMALE,MD,protective-serv,other-relative,0,-70100,Vehicle Theft,Missing,Minor Damage,Police,WV,1,NO,0,0,YES,4800,BMW,3 Series,1,0,0,0,0.2,0.1,0,1651,2,0,0,2010,8,3,0,0,0.8660254037844387,-0.4999999999999998,Morning (6-11),9,100,300,Lane,old,premium,other,low,0,5y,5y+,"(-0.001, 2000000.0]","(1050.656, 1124.663]","(908.2, 1984.8]",0
163,37,IN,1000,1200.33,4000000,FEMALE,High School,craft-repair,own-child,0,-36400,Vehicle Theft,Missing,Minor Damage,Police,WV,1,Missing,2,1,YES,3900,Volkswagen,Jetta,1,1,0,0,0.1,0.2,1,1899,2,4,0,2009,11,4,0,0,0.9659258262890684,-0.2588190451025208,Morning (6-11),7,500,1000,St,mid,mid,other,low,0,6y,5y+,"(2000000.0, 6000000.0]","(1197.974, 1257.2]","(908.2, 1984.8]",0
80,26,IL,1000,1343.0,0,MALE,Masters,handlers-cleaners,other-relative,64600,0,Single Vehicle Collision,Front Collision,Minor Damage,Other,SC,1,Missing,0,0,NO,90400,BMW,3 Series,0,1,0,0,0.1,0.1,0,4988,1,5,1,2001,5,2,0,1,1.2246467991473532e-16,-1.0,Afternoon (12-17),20,100,300,Hwy,old,premium,other,high,2,15y,5y+,"(-0.001, 2000000.0]","(1322.372, 1385.327]","(4682.0, 5658.2]",1
65,29,OH,2000,1441.6,5000000,FEMALE,MD,sales,own-child,0,0,Multi-vehicle Collision,Rear Collision,Minor Damage,Other,NC,3,YES,0,0,Missing,62900,Jeep,Grand Cherokee,0,0,1,0,0.1,0.2,0,3864,1,0,0,2004,6,2,0,0,-0.7071067811865477,0.7071067811865474,Evening (18-23),17,250,500,Ave,old,mid,other,high,2,12y,5y+,"(2000000.0, 6000000.0]","(1385.327, 1454.674]","(3830.6, 4682.0]",0
179,32,OH,1000,1433.42,6000000,FEMALE,Associate,protective-serv,own-child,53800,0,Single Vehicle Collision,Rear Collision,Major Damage,Police,NC,1,YES,1,2,NO,54200,Nissan,Ultima,0,0,0,0,0.1,0.2,1,7473,1,3,0,1994,8,3,0,0,0.8660254037844386,0.5000000000000001,Night (0-5),1,100,300,St,new,mid,sedan,medium,1,20y+,5y+,"(2000000.0, 6000000.0]","(1385.327, 1454.674]","(6660.4, 7554.4]",0
372,50,OH,2000,1368.57,0,FEMALE,MD,tech-support,other-relative,0,0,Multi-vehicle Collision,Side Collision,Major Damage,Police,NY,3,NO,2,2,YES,51800,Accura,MDX,0,0,0,0,0.1,0.2,0,3782,1,5,1,2004,8,3,0,1,-1.0,-1.8369701987210294e-16,Evening (18-23),12,500,1000,Hwy,old,mid,other,medium,1,12y,5y+,"(-0.001, 2000000.0]","(1322.372, 1385.327]","(2909.4, 3830.6]",1
398,55,OH,500,862.19,0,MALE,High School,adm-clerical,unmarried,69400,0,Vehicle Theft,Missing,Trivial Damage,Police,SC,1,Missing,2,3,Missing,6600,Accura,MDX,1,1,1,0,0.0909090909090909,0.1818181818181818,0,9040,2,0,0,1990,5,2,0,0,0.9659258262890684,-0.2588190451025208,Morning (6-11),3,250,500,Ave,new,mid,other,low,0,20y+,5y+,"(-0.001, 2000000.0]","(433.329, 953.9]","(8444.2, 9172.0]",0
213,35,OH,500,871.46,0,MALE,MD,tech-support,husband,58500,-77700,Single Vehicle Collision,Side Collision,Total Loss,Fire,SC,1,YES,2,0,YES,74140,Ford,Escape,0,0,0,0,0.1818181818181818,0.0909090909090909,0,8890,1,3,0,1990,9,3,0,0,-0.2588190451025203,-0.9659258262890684,Afternoon (12-17),8,250,500,Lane,old,mid,other,high,2,20y+,5y+,"(-0.001, 2000000.0]","(433.329, 953.9]","(8444.2, 9172.0]",0
79,25,OH,500,1863.04,0,FEMALE,Associate,priv-house-serv,not-in-family,53400,-35200,Single Vehicle Collision,Front Collision,Total Loss,Fire,VA,1,NO,2,1,Missing,67800,Mercedes,C300,0,0,1,0,0.2,0.1,0,5213,2,4,0,2000,11,4,0,1,0.0,1.0,Night (0-5),20,500,1000,Drive,old,premium,sedan,high,2,15y,5y+,"(-0.001, 2000000.0]","(1564.724, 2047.59]","(4682.0, 5658.2]",0
232,44,OH,2000,1181.64,0,MALE,College,other-service,wife,25800,0,Single Vehicle Collision,Rear Collision,Major Damage,Fire,NY,1,Missing,1,1,YES,55400,Jeep,Grand Cherokee,0,1,0,0,0.1,0.2,1,7433,2,6,1,1994,10,4,0,0,-0.5000000000000004,0.8660254037844384,Evening (18-23),13,250,500,Lane,old,mid,other,medium,1,20y+,5y+,"(-0.001, 2000000.0]","(1124.663, 1197.974]","(6660.4, 7554.4]",0
230,37,IL,1000,1060.74,0,MALE,PhD,tech-support,own-child,0,-51500,Single Vehicle Collision,Rear Collision,Major Damage,Ambulance,SC,1,YES,2,3,Missing,49100,Suburu,Impreza,0,0,1,0,0.2,0.1,1,3560,1,4,0,2005,4,2,0,0,-0.7071067811865475,-0.7071067811865477,Afternoon (12-17),19,500,1000,Ave,old,mid,other,medium,1,10y,5y+,"(-0.001, 2000000.0]","(1050.656, 1124.663]","(2909.4, 3830.6]",0
234,41,IN,500,951.56,0,FEMALE,JD,transport-moving,wife,59400,-78600,Multi-vehicle Collision,Side Collision,Major Damage,Police,SC,3,NO,2,1,Missing,98280,Chevrolet,Tahoe,0,0,1,0,0.1538461538461538,0.0769230769230769,1,9034,2,6,1,1990,5,2,0,0,0.7071067811865475,0.7071067811865476,Night (0-5),8,100,300,Lane,old,mid,suv,high,2,20y+,5y+,"(-0.001, 2000000.0]","(433.329, 953.9]","(8444.2, 9172.0]",0
240,40,IN,500,1533.71,9000000,FEMALE,JD,protective-serv,own-child,0,-70900,Multi-vehicle Collision,Rear Collision,Total Loss,Fire,VA,2,YES,0,2,Missing,66550,Ford,Escape,0,0,1,0,0.0909090909090909,0.1818181818181818,0,3773,1,5,1,2004,9,3,0,0,-1.0,-1.8369701987210294e-16,Evening (18-23),7,100,300,St,mid,mid,other,high,2,12y,5y+,"(6000000.0, 10000000.0]","(1454.674, 1564.724]","(2909.4, 3830.6]",0
143,33,OH,1000,1200.09,0,FEMALE,Associate,craft-repair,unmarried,38400,-5700,Multi-vehicle Collision,Side Collision,Major Damage,Fire,WV,3,Missing,2,2,Missing,70400,Accura,RSX,0,1,1,0,0.2,0.1,0,7727,1,0,0,1993,11,4,0,0,-0.9659258262890684,-0.2588190451025206,Afternoon (12-17),13,500,1000,Drive,old,mid,other,high,2,20y+,5y+,"(-0.001, 2000000.0]","(1197.974, 1257.2]","(7554.4, 8444.2]",0
266,42,IN,500,1093.83,4000000,MALE,Associate,adm-clerical,other-relative,0,-49600,Multi-vehicle Collision,Side Collision,Major Damage,Ambulance,WV,3,Missing,1,1,NO,53280,Suburu,Impreza,0,1,0,0,0.0833333333333333,0.1666666666666666,1,4370,2,5,1,2003,3,1,0,0,-1.0,-1.8369701987210294e-16,Evening (18-23),0,100,300,Drive,new,mid,other,medium,1,12y,5y+,"(2000000.0, 6000000.0]","(1050.656, 1124.663]","(3830.6, 4682.0]",0
89,32,IN,1000,988.93,0,FEMALE,High School,craft-repair,unmarried,27600,0,Single Vehicle Collision,Front Collision,Total Loss,Other,NY,1,Missing,2,3,YES,84590,Dodge,Neon,0,1,0,0,0.1818181818181818,0.1818181818181818,0,6610,1,4,0,1996,12,4,0,0,0.258819045102521,-0.9659258262890682,Morning (6-11),16,250,500,St,old,mid,other,high,2,20y,5y+,"(-0.001, 2000000.0]","(953.9, 1050.656]","(5658.2, 6660.4]",0
229,37,IN,1000,1331.94,0,FEMALE,Masters,farming-fishing,not-in-family,0,-55400,Single Vehicle Collision,Rear Collision,Total Loss,Other,NY,1,NO,0,2,YES,54560,Saab,95,0,0,0,0,0.1818181818181818,0.1818181818181818,0,7289,2,3,0,1995,2,1,0,0,-0.9659258262890684,-0.2588190451025206,Afternoon (12-17),11,500,1000,Drive,old,low,other,medium,1,20y,5y+,"(-0.001, 2000000.0]","(1322.372, 1385.327]","(6660.4, 7554.4]",1
245,40,IL,1000,1361.45,0,MALE,PhD,handlers-cleaners,unmarried,39300,0,Single Vehicle Collision,Rear Collision,Minor Damage,Ambulance,OH,1,YES,0,2,YES,82170,Suburu,Forrestor,0,0,0,0,0.0909090909090909,0.0909090909090909,0,1892,2,6,1,2009,12,4,0,1,1.2246467991473532e-16,-1.0,Afternoon (12-17),16,500,1000,Drive,old,mid,other,high,2,6y,5y+,"(-0.001, 2000000.0]","(1322.372, 1385.327]","(908.2, 1984.8]",1
50,44,OH,2000,1188.51,0,MALE,College,handlers-cleaners,unmarried,0,-65800,Multi-vehicle Collision,Front Collision,Total Loss,Police,NY,3,Missing,1,2,NO,61100,Dodge,Neon,0,1,0,0,0.1,0.2,0,5195,1,3,0,2000,10,4,0,0,-0.7071067811865475,-0.7071067811865477,Afternoon (12-17),7,250,500,Hwy,mid,mid,other,high,2,15y,3–5y,"(-0.001, 2000000.0]","(1124.663, 1197.974]","(4682.0, 5658.2]",0
230,43,IN,2000,1101.83,0,MALE,High School,exec-managerial,other-relative,28900,0,Multi-vehicle Collision,Front Collision,Minor Damage,Police,NY,3,Missing,0,3,YES,51900,BMW,M5,0,1,0,0,0.1,0.2,1,2883,1,3,0,2007,2,1,1,1,0.0,1.0,Night (0-5),4,500,1000,Ave,mid,premium,other,medium,1,8y,5y+,"(-0.001, 2000000.0]","(1050.656, 1124.663]","(1984.8, 2909.4]",0
17,39,IL,1000,840.95,0,FEMALE,JD,adm-clerical,unmarried,32500,-80800,Parked Car,Missing,Trivial Damage,Police,SC,1,Missing,2,1,Missing,3440,Suburu,Legacy,1,1,1,0,0.125,0.125,0,3043,2,3,0,2006,10,4,0,0,0.7071067811865476,-0.7071067811865475,Morning (6-11),13,250,500,Ridge,old,mid,other,low,0,9y,1–2y,"(-0.001, 2000000.0]","(433.329, 953.9]","(2909.4, 3830.6]",0
163,36,IN,1000,1503.21,0,MALE,MD,other-service,husband,55700,-49900,Single Vehicle Collision,Side Collision,Total Loss,Ambulance,WV,1,YES,2,1,NO,51390,Toyota,Corolla,0,0,0,0,0.1111111111111111,0.2222222222222222,0,5511,2,5,1,2000,1,1,0,0,0.2588190451025207,0.9659258262890684,Night (0-5),2,250,500,Ridge,new,mid,sedan,medium,1,20y,5y+,"(-0.001, 2000000.0]","(1454.674, 1564.724]","(4682.0, 5658.2]",0
29,32,OH,1000,1722.5,0,MALE,High School,other-service,wife,0,-21500,Single Vehicle Collision,Side Collision,Major Damage,Other,WV,1,Missing,0,2,Missing,76900,Jeep,Wrangler,0,1,1,0,0.1,0.1,0,4666,1,1,0,2002,4,2,0,0,-0.5000000000000004,0.8660254037844384,Evening (18-23),20,100,300,St,old,mid,other,high,2,15y,2–3y,"(-0.001, 2000000.0]","(1564.724, 2047.59]","(3830.6, 4682.0]",0
232,42,IN,500,944.03,0,MALE,College,handlers-cleaners,not-in-family,0,-58400,Single Vehicle Collision,Rear Collision,Minor Damage,Other,WV,1,YES,2,3,Missing,77000,Toyota,Highlander,0,0,1,0,0.2,0.1,1,660,2,3,0,2013,4,2,0,0,0.258819045102521,-0.9659258262890682,Morning (6-11),0,100,300,Hwy,new,mid,suv,high,2,2y,5y+,"(-0.001, 2000000.0]","(433.329, 953.9]","(-0.001, 908.2]",0
235,39,IL,2000,1453.61,4000000,MALE,JD,craft-repair,other-relative,0,0,Single Vehicle Collision,Side Collision,Major Damage,Other,NC,1,Missing,0,3,Missing,60320,Chevrolet,Tahoe,0,1,1,0,0.1538461538461538,0.1538461538461538,1,622,1,1,0,2013,5,2,0,0,0.4999999999999999,-0.8660254037844387,Morning (6-11),3,500,1000,Lane,new,mid,suv,high,2,2y,5y+,"(2000000.0, 6000000.0]","(1385.327, 1454.674]","(-0.001, 908.2]",0
295,46,IN,500,1672.88,0,FEMALE,High School,armed-forces,wife,0,0,Single Vehicle Collision,Rear Collision,Minor Damage,Fire,NY,1,YES,1,1,NO,60700,Honda,Civic,0,0,0,0,0.2,0.1,0,5883,2,1,0,1999,1,1,0,1,0.9659258262890684,0.2588190451025207,Night (0-5),18,100,300,Lane,old,mid,other,high,2,20y,5y+,"(-0.001, 2000000.0]","(1564.724, 2047.59]","(5658.2, 6660.4]",0
22,21,IN,1000,1248.05,0,FEMALE,High School,exec-managerial,husband,37500,-54000,Multi-vehicle Collision,Rear Collision,Total Loss,Police,SC,3,YES,1,2,Missing,53280,Chevrolet,Malibu,0,0,1,0,0.1111111111111111,0.0,0,2783,2,6,1,2007,7,3,0,1,0.7071067811865475,0.7071067811865476,Night (0-5),0,250,500,Ridge,new,mid,sedan,medium,1,8y,1–2y,"(-0.001, 2000000.0]","(1197.974, 1257.2]","(1984.8, 2909.4]",0
286,43,IL,500,1564.43,3000000,FEMALE,MD,prof-specialty,unmarried,77500,-32800,Single Vehicle Collision,Rear Collision,Minor Damage,Fire,NY,1,Missing,2,2,YES,34290,Jeep,Grand Cherokee,0,1,0,0,0.1111111111111111,0.1111111111111111,0,7665,1,5,1,1994,2,1,0,1,-1.0,-1.8369701987210294e-16,Evening (18-23),2,100,300,St,new,mid,other,medium,1,20y+,5y+,"(2000000.0, 6000000.0]","(1454.674, 1564.724]","(7554.4, 8444.2]",0
257,44,OH,1000,1280.88,0,MALE,MD,other-service,other-relative,59400,-32200,Single Vehicle Collision,Rear Collision,Total Loss,Other,WV,1,NO,0,1,NO,46980,Accura,TL,0,0,0,0,0.0,0.1111111111111111,0,3131,2,4,0,2006,7,3,0,0,-0.7071067811865477,0.7071067811865474,Evening (18-23),13,100,300,Ridge,old,mid,other,medium,1,9y,5y+,"(-0.001, 2000000.0]","(1257.2, 1322.372]","(2909.4, 3830.6]",0
94,26,IN,500,722.66,0,MALE,MD,exec-managerial,husband,50300,0,Multi-vehicle Collision,Front Collision,Major Damage,Fire,OH,3,YES,1,2,YES,36700,Nissan,Pathfinder,0,0,0,0,0.1,0.2,0,2648,1,4,0,2007,10,4,0,0,1.0,6.123233995736766e-17,Morning (6-11),5,100,300,St,mid,mid,suv,medium,1,8y,5y+,"(-0.001, 2000000.0]","(433.329, 953.9]","(1984.8, 2909.4]",0
124,28,OH,1000,1235.14,0,MALE,MD,exec-managerial,husband,0,-32100,Multi-vehicle Collision,Side Collision,Total Loss,Other,OH,3,Missing,0,1,Missing,60200,Volkswagen,Passat,0,1,1,0,0.1,0.1,0,4819,2,1,0,2001,12,4,0,1,-0.8660254037844386,0.5000000000000001,Evening (18-23),3,250,500,Hwy,new,mid,other,high,2,15y,5y+,"(-0.001, 2000000.0]","(1197.974, 1257.2]","(4682.0, 5658.2]",0
141,30,IN,1000,1347.04,0,MALE,High School,sales,own-child,0,-82100,Parked Car,Missing,Minor Damage,Missing,SC,1,Missing,1,2,YES,6480,Honda,Civic,1,1,0,1,0.0833333333333333,0.1666666666666666,0,2861,1,3,0,2007,3,1,0,0,1.0,6.123233995736766e-17,Morning (6-11),19,500,1000,Drive,old,mid,other,low,0,8y,5y+,"(-0.001, 2000000.0]","(1322.372, 1385.327]","(1984.8, 2909.4]",1
3,38,OH,1000,1310.8,0,FEMALE,Masters,craft-repair,unmarried,0,0,Single Vehicle Collision,Front Collision,Minor Damage,Fire,NC,1,YES,0,1,Missing,87200,Honda,Accord,0,0,1,0,0.2,0.1,0,8622,2,6,1,1991,7,3,0,0,-0.8660254037844386,0.5000000000000001,Evening (18-23),9,500,1000,St,old,mid,other,high,2,20y+,0–6mo,"(-0.001, 2000000.0]","(1257.2, 1322.372]","(8444.2, 9172.0]",1
285,41,IL,1000,1436.79,0,FEMALE,PhD,prof-specialty,wife,70900,0,Single Vehicle Collision,Rear Collision,Major Damage,Fire,SC,1,YES,2,3,Missing,108480,Volkswagen,Passat,0,0,1,0,0.1666666666666666,0.1666666666666666,0,384,1,5,1,2014,1,1,0,0,-0.2588190451025207,0.9659258262890684,Evening (18-23),0,100,300,Drive,new,mid,other,high,2,2y,5y+,"(-0.001, 2000000.0]","(1385.327, 1454.674]","(-0.001, 908.2]",0
130,34,OH,500,1383.49,3000000,FEMALE,Masters,armed-forces,other-relative,35100,0,Multi-vehicle Collision,Side Collision,Minor Damage,Police,NC,3,Missing,2,3,YES,67500,Suburu,Impreza,0,1,0,0,0.1111111111111111,0.1111111111111111,0,4358,1,4,0,2003,2,1,0,0,0.8660254037844386,0.5000000000000001,Night (0-5),19,250,500,St,old,mid,other,high,2,12y,5y+,"(2000000.0, 6000000.0]","(1322.372, 1385.327]","(3830.6, 4682.0]",1
458,62,IL,2000,1356.92,5000000,MALE,Associate,handlers-cleaners,wife,0,0,Single Vehicle Collision,Rear Collision,Major Damage,Other,NY,1,Missing,0,1,YES,46980,Audi,A5,0,1,0,0,0.1111111111111111,0.1111111111111111,0,1196,2,3,0,2011,11,4,0,0,0.4999999999999999,0.8660254037844387,Night (0-5),17,500,1000,Lane,old,premium,sedan,medium,1,4y,5y+,"(2000000.0, 6000000.0]","(1322.372, 1385.327]","(908.2, 1984.8]",1
456,60,OH,1000,766.19,0,FEMALE,Associate,sales,husband,0,0,Parked Car,Missing,Minor Damage,Police,WV,1,Missing,0,3,Missing,5060,Mercedes,E400,1,1,1,0,0.0909090909090909,0.1818181818181818,0,6681,2,3,0,1996,11,4,0,0,1.0,6.123233995736766e-17,Morning (6-11),8,250,500,Ridge,old,premium,other,low,0,20y,5y+,"(-0.001, 2000000.0]","(433.329, 953.9]","(6660.4, 7554.4]",0
